venue_id,pub_name,place_name,postcode,priority,status,confidence,checked_at,actionable,reasons,warnings
v-77bfd415-1ea1-52ef-8f2d-e150d84689bf,Bear Inn,Bridgnorth,WV16 4ER,0,coordinate_agreement,independent_coordinate_agreement,2026-10-10,True,Directory postcode differs from reviewed reference postcode,
v-7ecdc061-3850-5388-865f-f697462bbc10,Bell,Halton Holegate,PE23 5NY,0,coordinate_disagreement,existing_evidence_needs_corroboration,2026-10-10,True,Directory postcode differs from reviewed reference postcode,FSA coordinate is 728.6m from the accepted pin; informational only because the FSA geocode may be approximate
v-4ac48ba1-f454-50cb-a1e9-a069589c6d0c,Binary,Mickleover,DE3 0GR,0,no_name_match,existing_evidence_needs_corroboration,2026-10-10,True,Directory postcode differs from reviewed reference postcode,FSA comparison is inconclusive; absence of a match does not contradict accepted evidence
v-c42a1691-cc71-5fac-a7fa-2b3c2112ec0e,Bird in Hand,Austrey,CV9 3EE,0,no_name_match,existing_evidence_needs_corroboration,2026-10-10,True,Directory postcode differs from reviewed reference postcode,FSA comparison is inconclusive; absence of a match does not contradict accepted evidence
v-f3fbb260-c795-5928-b0fe-47d33f48ea87,Blue Dog,Sewstern,NG33 5RG,0,coordinate_agreement,independent_coordinate_agreement,2026-10-10,True,Directory postcode differs from reviewed reference postcode,
v-2f5fa0c4-f889-5bd4-add9-86ce087a2f02,Bucknall Bowling & Recreation Club,Stoke: Bucknall,ST2 7AB,0,no_name_match,existing_evidence_needs_corroboration,2026-10-10,True,Directory postcode differs from reviewed reference postcode,FSA comparison is inconclusive; absence of a match does not contradict accepted evidence
v-7df916fa-bd2e-5f55-a3bb-5c3e589f3014,Bulls Head,Nailstone,CV13 0QE,0,nearby,existing_evidence_needs_corroboration,2026-10-10,True,Directory postcode differs from reviewed reference postcode,FSA coordinate is 25-50m away; informational only
v-13f74f7e-8175-550d-b8b3-ca94a57e5233,Burton Rugby Club,Burton U-T: Branston,DE13 9FF,0,no_name_match,existing_evidence_needs_corroboration,2026-10-10,True,Directory postcode differs from reviewed reference postcode,FSA comparison is inconclusive; absence of a match does not contradict accepted evidence
v-5b7a8e74-1d57-5edf-a58b-f3445daf1ea1,Charles Roe,Macclesfield,SK11 6DY,0,coordinate_agreement,independent_coordinate_agreement,2026-10-10,True,Directory postcode differs from reviewed reference postcode,
v-c7575fb2-9a9e-5c73-aaad-76dfb8c5ba4b,Crossways (Bottlecraft),Newcastle-U-L: Central,ST5 1RW,0,no_name_match,existing_evidence_needs_corroboration,2026-10-10,True,Directory postcode differs from reviewed reference postcode,FSA comparison is inconclusive; absence of a match does not contradict accepted evidence
v-f92270dc-d910-5cd5-bb78-2607ed97659b,Dead Dove,Worcester: Central,WR1 2LT,0,no_name_match,existing_evidence_needs_corroboration,2026-10-10,True,Directory postcode differs from reviewed reference postcode,FSA comparison is inconclusive; absence of a match does not contradict accepted evidence
v-62c1c92b-14d0-5967-801f-35f03d3cb24f,Drunken Dog,Heanor,DE75 7EF,0,coordinate_agreement,independent_coordinate_agreement,2026-10-10,True,Directory postcode differs from reviewed reference postcode,
v-6312a106-c5ed-5161-86b8-ef30d0350f84,Dyers Arms,Leek,ST13 8JZ,0,coordinate_agreement,independent_coordinate_agreement,2026-10-10,True,Directory postcode differs from reviewed reference postcode,
v-175a24db-4014-523b-b0fc-54194c96e3d7,Fairhaven,Lytham St Annes,FY8 1YD,0,coordinate_agreement,independent_coordinate_agreement,2026-10-10,True,Directory postcode differs from reviewed reference postcode,
v-573bbf31-9cce-52ea-aac7-85a05e14a682,GJ Muckers,Macclesfield,SK11 7NE,0,no_name_match,existing_evidence_needs_corroboration,2026-10-10,True,Directory postcode differs from reviewed reference postcode,FSA comparison is inconclusive; absence of a match does not contradict accepted evidence
v-dad6e94b-cfa7-5d07-8d8e-4143a122d2a1,George,Youlgrave,DE45 1UW,0,coordinate_disagreement,existing_evidence_needs_corroboration,2026-10-10,True,Directory postcode differs from reviewed reference postcode,FSA coordinate is 189.6m from the accepted pin; informational only because the FSA geocode may be approximate
v-97a6ff26-33a9-521e-8875-2fa9a26e5f68,Grey Horse,Consett,DH8 6NF,0,coordinate_agreement,independent_coordinate_agreement,2026-10-10,True,Directory postcode differs from reviewed reference postcode,
v-7cf2d126-509d-589d-9dee-d89d58765eff,Guest House,Southport: Central,PR9 0QF,0,coordinate_agreement,independent_coordinate_agreement,2026-10-10,True,Directory postcode differs from reviewed reference postcode,
v-446b9fc7-c4e0-5040-91f3-8dbe02bb46a1,Mall,Bristol: Clifton,BS8 4DR,0,nearby,existing_evidence_needs_corroboration,2026-10-10,True,Directory postcode differs from reviewed reference postcode,FSA coordinate is 25-50m away; informational only
v-c44530d3-b3ce-5bf5-a7dc-3a6275809182,Merchants,Rugby,CV21 3AW,0,coordinate_agreement,independent_coordinate_agreement,2026-10-10,True,Directory postcode differs from reviewed reference postcode,
v-6bd49cd0-7be5-52b0-a714-be39cb377356,Mount Pleasant Inn,Castle Gresley,DE11 9JE,0,ambiguous_or_missing_coordinates,existing_evidence_needs_corroboration,2026-10-10,True,Directory postcode differs from reviewed reference postcode,FSA comparison is inconclusive; absence of a match does not contradict accepted evidence
v-9b0214b5-0b89-530a-9485-b8662012f510,Navigation,Shardlow,DE72 2WA,0,coordinate_agreement,independent_coordinate_agreement,2026-10-10,True,Directory postcode differs from reviewed reference postcode,
v-b2a1d45e-8e0b-5274-acf9-fa3a099ee5dc,Needle and Pin,Loughborough,LE11 5BG,0,coordinate_agreement,independent_coordinate_agreement,2026-10-10,True,Directory postcode differs from reviewed reference postcode,
v-baef8a0f-c094-5f52-a9c2-3a37df4ca657,Nelson Inn,Brown Lees,ST8 6PH,0,nearby,existing_evidence_needs_corroboration,2026-10-10,True,Directory postcode differs from reviewed reference postcode,FSA coordinate is 25-50m away; informational only
v-13ff4a41-2ee6-5385-ae2b-22af01b93cf9,New Baron,Hinckley,LE10 0AZ,0,coordinate_agreement,independent_coordinate_agreement,2026-10-10,True,Directory postcode differs from reviewed reference postcode,
v-ab01088f-5062-5b84-b768-e5727529aaab,Old Black Swan,Crich,DE4 5DD,0,coordinate_disagreement,existing_evidence_needs_corroboration,2026-10-10,True,Directory postcode differs from reviewed reference postcode,FSA coordinate is 96.9m from the accepted pin; informational only because the FSA geocode may be approximate
v-24865350-c8b8-5220-878f-27452e3d1a13,Rams Head,Lowton,WA3 2EY,0,coordinate_disagreement,existing_evidence_needs_corroboration,2026-10-10,True,Directory postcode differs from reviewed reference postcode,FSA coordinate is 114.3m from the accepted pin; informational only because the FSA geocode may be approximate
v-40c30c47-e75b-5792-822e-294c324271fb,Red Lion,Hollington,DE6 3HA,0,coordinate_disagreement,existing_evidence_needs_corroboration,2026-10-10,True,Directory postcode differs from reviewed reference postcode,FSA coordinate is 189.6m from the accepted pin; informational only because the FSA geocode may be approximate
v-cd9c571f-ae55-5d76-9afd-6c4ee3724019,Rising Sun,Church Gresley,DE11 9LY,0,coordinate_agreement,independent_coordinate_agreement,2026-10-10,True,Directory postcode differs from reviewed reference postcode,
v-ded2483d-e3d6-5fcb-b861-5cdf3b53b664,Royal,Broughton Astley,LE9 6QB,0,no_name_match,existing_evidence_needs_corroboration,2026-10-10,True,Directory postcode differs from reviewed reference postcode,FSA comparison is inconclusive; absence of a match does not contradict accepted evidence
v-6f77cbc4-dc76-59ba-a8ab-1c135bf8ce8d,Somerset and Dorset,Burnham-on-Sea,TA8 1NZ,0,nearby,existing_evidence_needs_corroboration,2026-10-10,True,Directory postcode differs from reviewed reference postcode,FSA coordinate is 25-50m away; informational only
v-d9e0eb61-f9f5-5a93-8e14-a75dc459b5d9,Stella Taps,Mansfield,NG18 4AL,0,coordinate_agreement,independent_coordinate_agreement,2026-10-10,True,Directory postcode differs from reviewed reference postcode,
v-f5205b00-aadb-5928-870d-674117dbffab,Tame Otter,Hopwas,B78 3AB,0,coordinate_disagreement,owner_reviewed,2026-10-10,True,Directory postcode differs from reviewed reference postcode,FSA coordinate is 179.9m from the accepted pin; informational only because the FSA geocode may be approximate
v-e5b5b588-c46c-5c56-bd76-758f3c2cf5a8,Waterfront,Barton-under-Needwood,DE13 8AS,0,no_name_match,existing_evidence_needs_corroboration,2026-10-10,True,Directory postcode differs from reviewed reference postcode,FSA comparison is inconclusive; absence of a match does not contradict accepted evidence
v-082c00f2-cff9-55ca-ac80-fb375cbc5f78,Waveney,Lowestoft: Oulton Broad,NR32 3LN,0,nearby,existing_evidence_needs_corroboration,2026-10-10,True,Directory postcode differs from reviewed reference postcode,FSA coordinate is 25-50m away; informational only
v-7e863132-ef0a-56a7-b5ff-8c1a74015d3c,White Hart,Tean,ST10 4DZ,0,coordinate_disagreement,existing_evidence_needs_corroboration,2026-10-10,True,Directory postcode differs from reviewed reference postcode,FSA coordinate is 105.4m from the accepted pin; informational only because the FSA geocode may be approximate
v-a4214a8a-8fc3-5cdd-8d93-5d34d666836b,1852 Brewery Co,Leicester: South Wigston,LE18 2DH,2,no_name_match,existing_evidence_needs_corroboration,2026-10-09,False,,FSA comparison is inconclusive; absence of a match does not contradict accepted evidence
v-044b16c4-7c1b-5176-ae3a-ec9077e85b49,45 Club (PMC),Newcastle-U-L: Central,ST5 1DS,2,no_name_match,existing_evidence_needs_corroboration,2026-10-09,False,,FSA comparison is inconclusive; absence of a match does not contradict accepted evidence
v-d5ea65dc-3316-59be-a724-bf91d94dbb08,Adelphi,Leeds: Central,LS10 1JQ,2,coordinate_disagreement,existing_evidence_needs_corroboration,2026-10-09,False,,FSA coordinate is 158.8m from the accepted pin; informational only because the FSA geocode may be approximate
v-9fc56ee2-e106-5f12-8f10-2eebbea068ef,Alestones,Tardebigge,B97 6QW,2,no_name_match,existing_evidence_needs_corroboration,2026-10-09,False,,FSA comparison is inconclusive; absence of a match does not contradict accepted evidence
v-7c97cc32-0b5c-5fd8-9c5c-e0f1b99c5a90,Allestree Club,Derby: Allestree,DE22 2FS,2,no_name_match,existing_evidence_needs_corroboration,2026-10-09,False,,FSA comparison is inconclusive; absence of a match does not contradict accepted evidence
v-a130b558-0e74-5f25-bf27-3a0ac1c18b7c,Amber Hotel,Ripley: Oakerthorpe,DE55 7LL,2,no_name_match,existing_evidence_needs_corroboration,2026-10-09,False,,FSA comparison is inconclusive; absence of a match does not contradict accepted evidence
v-3c473031-5a42-587a-aadc-1a27ea1b5923,Anchor,Teanford,ST10 4EW,2,no_name_match,existing_evidence_needs_corroboration,2026-10-09,False,,FSA comparison is inconclusive; absence of a match does not contradict accepted evidence
v-4b8ef389-7cfb-5e6e-b7f7-0aec7dc933fe,Anchor Inn,Leek Wootton,CV35 7QX,2,coordinate_disagreement,existing_evidence_needs_corroboration,2026-10-09,False,,FSA coordinate is 129.1m from the accepted pin; informational only because the FSA geocode may be approximate
v-ec13b2c3-01a7-5b02-8729-8cfc02ae51bf,Anchor Inn,Oldbury-on-Severn,BS35 1QA,2,coordinate_disagreement,existing_evidence_needs_corroboration,2026-10-09,False,,FSA coordinate is 85.5m from the accepted pin; informational only because the FSA geocode may be approximate
v-5ed3b067-cf38-5d17-a841-5a0d442d3280,Anchorage Hotel,Four Mile Bridge (Anglesey),LL65 2EZ,2,no_name_match,existing_evidence_needs_corroboration,2026-10-09,False,,FSA comparison is inconclusive; absence of a match does not contradict accepted evidence
v-0c3ec54b-16fe-56d8-9a41-dd9fa99f26f7,Angel Inn,Liverpool: Central,L1 4HY,2,nearby,existing_evidence_needs_corroboration,2026-10-09,False,,FSA coordinate is 25-50m away; informational only
v-e7f9b89d-37f0-5216-a99b-54be85ad70f5,Anglesey Arms,Stretton,DE13 0EQ,2,nearby,existing_evidence_needs_corroboration,2026-10-09,False,,FSA coordinate is 25-50m away; informational only
v-03279c6a-dd48-5406-8fd1-8f3e7a5a8ccd,Apple Tree,Nottingham: West Bridgford,NG2 7PA,2,coordinate_disagreement,existing_evidence_needs_corroboration,2026-10-09,False,,FSA coordinate is 1144.1m from the accepted pin; informational only because the FSA geocode may be approximate
v-ddfb023e-eca4-5ec5-bc0b-3bbc2a8c8aeb,Apple Tree,Quorn,LE12 8BU,2,nearby,existing_evidence_needs_corroboration,2026-10-09,False,,FSA coordinate is 25-50m away; informational only
v-e68ede49-f87d-5c23-ba09-269eafa95b85,Argyll Arms,Soho W1F,W1F 7TP,2,no_name_match,existing_evidence_needs_corroboration,2026-10-09,False,,FSA comparison is inconclusive; absence of a match does not contradict accepted evidence
v-d8f002a1-4ed3-5ffb-8de9-c9cdbef55a1b,Arkwrights,Belper: Central,DE56 1UP,2,no_name_match,existing_evidence_needs_corroboration,2026-10-09,False,,FSA comparison is inconclusive; absence of a match does not contradict accepted evidence
v-e21d11b7-711d-5b02-81c5-e791289e6d39,Auctioneers Arms,Caverswall,ST11 9EQ,2,coordinate_disagreement,existing_evidence_needs_corroboration,2026-10-09,False,,FSA coordinate is 79.8m from the accepted pin; informational only because the FSA geocode may be approximate
v-67f0c4b1-5e42-5159-8987-4abf521447fc,Avon Packet,Bristol: Southville,BS3 1RF,2,coordinate_disagreement,existing_evidence_needs_corroboration,2026-10-09,False,,FSA coordinate is 69.7m from the accepted pin; informational only because the FSA geocode may be approximate
v-a9e1dc0d-5b9d-5447-8768-2f4adcd3e232,BMI Club,Upton St Leonards,GL4 8AG,2,no_name_match,existing_evidence_needs_corroboration,2026-10-09,False,,FSA comparison is inconclusive; absence of a match does not contradict accepted evidence
v-09dae140-4e14-5f3c-bc1c-0065c472f9c6,Bakers Arms,Dorchester,DT1 2DH,2,coordinate_disagreement,existing_evidence_needs_corroboration,2026-10-09,False,,FSA coordinate is 67.0m from the accepted pin; informational only because the FSA geocode may be approximate
v-cf84f078-89c5-5106-a4d2-5b91a780f2d6,Bamk House Hotel,Uttoxeter,ST14 8AG,2,no_name_match,existing_evidence_needs_corroboration,2026-10-09,False,,FSA comparison is inconclusive; absence of a match does not contradict accepted evidence
v-11bc49a7-dcc1-599f-90cf-8a904dfde143,Barge,Grimsby,DN31 1NH,2,coordinate_disagreement,existing_evidence_needs_corroboration,2026-10-09,False,,FSA coordinate is 203.5m from the accepted pin; informational only because the FSA geocode may be approximate
v-7deef57e-74e9-5154-b94e-32380988c487,Barrel Inn,Breton,S32 5QD,2,nearby,existing_evidence_needs_corroboration,2026-10-09,False,,FSA coordinate is 25-50m away; informational only
v-010d8a48-af7d-53c4-ab1b-ad68ad7c1c1c,Barrels,Berwick-upon-Tweed,TD15 1ES,2,coordinate_disagreement,existing_evidence_needs_corroboration,2026-10-10,False,,FSA coordinate is 72.9m from the accepted pin; informational only because the FSA geocode may be approximate
v-1dd21f62-1893-575a-bdad-15ce9c50ac90,Barton Rovers Social (PMC),Barton le Clay,MK45 4SD,2,no_name_match,existing_evidence_needs_corroboration,2026-10-09,False,,FSA comparison is inconclusive; absence of a match does not contradict accepted evidence
v-6df443fa-8094-5f69-987b-9e06ac45d71c,Beach Bar,Sutton-on-Sea,LN12 2ET,2,no_name_match,existing_evidence_needs_corroboration,2026-10-09,False,,FSA comparison is inconclusive; absence of a match does not contradict accepted evidence
v-0ac1d35e-94cb-567a-8a1c-6aea34d6be01,Bear Inn,Alderwasley,DE56 2RD,2,no_name_match,existing_evidence_needs_corroboration,2026-10-09,False,,FSA comparison is inconclusive; absence of a match does not contradict accepted evidence
v-a20bad10-6ffa-5739-9e9f-c9376e69aedc,Beaufort Arms,Mumbles,SA3 5TF,2,coordinate_disagreement,existing_evidence_needs_corroboration,2026-10-09,False,,FSA coordinate is 80.9m from the accepted pin; informational only because the FSA geocode may be approximate
v-72b13551-8faa-53ec-8154-192e09b3a12c,Beech Tree,Kirk Ella,HU10 7LS,2,coordinate_disagreement,existing_evidence_needs_corroboration,2026-10-09,False,,FSA coordinate is 259.8m from the accepted pin; informational only because the FSA geocode may be approximate
v-d4f48241-43f7-5ed3-a525-833a8e5ca650,Beer Box,Bamber Bridge,PR5 6LA,2,nearby,existing_evidence_needs_corroboration,2026-10-09,False,,FSA coordinate is 25-50m away; informational only
v-6945d162-6c24-55b1-ba0f-698845e0dd2f,Beer Engine,Skipton,BD23 1JD,2,coordinate_disagreement,existing_evidence_needs_corroboration,2026-10-09,False,,FSA coordinate is 52.1m from the accepted pin; informational only because the FSA geocode may be approximate
v-8a764607-ea97-5632-86d2-fa06d2ef61b9,Bell,Standerwick,BA11 2PR,2,no_name_match,existing_evidence_needs_corroboration,2026-10-09,False,,FSA comparison is inconclusive; absence of a match does not contradict accepted evidence
v-3812a807-304d-5adf-b134-5306b3874319,Bell and Harp,Little Eaton,DE21 5AE,2,coordinate_disagreement,existing_evidence_needs_corroboration,2026-10-09,False,,FSA coordinate is 128.4m from the accepted pin; informational only because the FSA geocode may be approximate
v-a9fafd22-94c0-5b69-baf6-d9f513ce90ce,Belmont Services Club (PMC),Swadlincote: Central,DE11 8JU,2,ambiguous_or_missing_coordinates,existing_evidence_needs_corroboration,2026-10-09,False,,FSA comparison is inconclusive; absence of a match does not contradict accepted evidence
v-6c418917-db16-5f58-9555-1e89e05a18ec,Belper Arms,Newton Burgoland,LE67 2SE,2,coordinate_disagreement,existing_evidence_needs_corroboration,2026-10-09,False,,FSA coordinate is 173.9m from the accepted pin; informational only because the FSA geocode may be approximate
v-daf05614-68d7-51cb-810d-549409054f62,Belper House,Belper: Central,DE56 1EY,2,no_name_match,existing_evidence_needs_corroboration,2026-10-09,False,,FSA comparison is inconclusive; absence of a match does not contradict accepted evidence
v-0da9e4de-4fa6-55d2-95aa-1c1dddc89d0b,Benks,Leek,ST13 6DH,2,no_name_match,existing_evidence_needs_corroboration,2026-10-09,False,,FSA comparison is inconclusive; absence of a match does not contradict accepted evidence
v-8e4d52f7-a08e-5539-90c0-615752999e22,Berkeley Arms,Purton,GL13 9HU,2,ambiguous_or_missing_coordinates,existing_evidence_needs_corroboration,2026-10-09,False,,FSA comparison is inconclusive; absence of a match does not contradict accepted evidence
v-01386b13-1f71-5e2b-ac42-1431c3dacb83,Black Cat,Liverpool: Mossley Hill,L18 8AG,2,no_name_match,existing_evidence_needs_corroboration,2026-10-10,False,,FSA comparison is inconclusive; absence of a match does not contradict accepted evidence
v-e7af2655-33ef-50e0-beb2-9f67fcbfb565,Black Cat,Bristol: Bedminster,BS3 3LH,2,no_name_match,owner_reviewed,2026-10-09,False,,FSA comparison is inconclusive; absence of a match does not contradict accepted evidence
v-152d1ab1-df05-55e1-a620-e4f9d08cdfd6,Black Cat Bar,Liverpool: Central,L1 4JN,2,ambiguous_or_missing_coordinates,existing_evidence_needs_corroboration,2026-10-09,False,,FSA comparison is inconclusive; absence of a match does not contradict accepted evidence
v-65289afd-0cc6-53a0-b6db-c2f3620317ec,Black Horse,Whitwick,LE67 5DN,2,no_name_match,existing_evidence_needs_corroboration,2026-10-09,False,,FSA comparison is inconclusive; absence of a match does not contradict accepted evidence
v-696657d8-51ba-5487-b16e-7f3546bfd125,Black Horse,Grimston,LE14 3BZ,2,coordinate_disagreement,existing_evidence_needs_corroboration,2026-10-09,False,,FSA coordinate is 210.1m from the accepted pin; informational only because the FSA geocode may be approximate
v-8ad8017a-37a9-5cf0-972d-0e10f27e7455,Black Horse,Nettleham,LN2 2NX,2,no_name_match,existing_evidence_needs_corroboration,2026-10-09,False,,FSA comparison is inconclusive; absence of a match does not contradict accepted evidence
v-926efac4-fe55-551e-b125-191f29abd599,Black Horse,Walcote,LE17 4JU,2,no_name_match,existing_evidence_needs_corroboration,2026-10-09,False,,FSA comparison is inconclusive; absence of a match does not contradict accepted evidence
v-c7a13100-edc5-57a1-9f94-29a2a28c21c1,Black Horse,Gozzards Ford,OX13 6JH,2,no_name_match,existing_evidence_needs_corroboration,2026-10-09,False,,FSA comparison is inconclusive; absence of a match does not contradict accepted evidence
v-c9f94240-e4fd-5a58-b892-dc907a24d011,Black Horse,Appleby Magna,DE12 7AH,2,coordinate_disagreement,existing_evidence_needs_corroboration,2026-10-09,False,,FSA coordinate is 197.8m from the accepted pin; informational only because the FSA geocode may be approximate
v-ddce654b-d48e-5ff2-95f9-180ed7d47a52,Black Horse,Sheepy Magna,CV9 3QR,2,coordinate_disagreement,existing_evidence_needs_corroboration,2026-10-09,False,,FSA coordinate is 122.9m from the accepted pin; informational only because the FSA geocode may be approximate
v-32cdcd84-bedf-56cb-b73f-dbb1b819d7ca,Black Lion,Leighton Buzzard,LU7 1EA,2,nearby,existing_evidence_needs_corroboration,2026-10-09,False,,FSA coordinate is 25-50m away; informational only
v-671c6731-1bff-5db0-a06a-f53d2c4e8b7d,Black Lion,Consall,ST9 0AJ,2,coordinate_disagreement,existing_evidence_needs_corroboration,2026-10-09,False,,FSA coordinate is 886.8m from the accepted pin; informational only because the FSA geocode may be approximate
v-e5e5f85f-93de-512e-8fd6-11d2a72c10d3,Black Lion,Blackfordby,DE11 8AB,2,coordinate_disagreement,existing_evidence_needs_corroboration,2026-10-09,False,,FSA coordinate is 90.7m from the accepted pin; informational only because the FSA geocode may be approximate
v-fce96a29-0814-5fc4-a21b-2b10bb5b9d1e,Black Lion,Butterton,ST13 7SP,2,coordinate_disagreement,existing_evidence_needs_corroboration,2026-10-09,False,,FSA coordinate is 61.5m from the accepted pin; informational only because the FSA geocode may be approximate
v-3c337e87-db42-5575-afd6-6260ea59ee83,Black Swan,Uttoxeter,ST14 8JA,2,nearby,existing_evidence_needs_corroboration,2026-10-09,False,,FSA coordinate is 25-50m away; informational only
v-edd61b7b-25fd-5aae-8260-ca2d3e0c5025,Black Swan,Shepshed,LE12 9DL,2,nearby,existing_evidence_needs_corroboration,2026-10-09,False,,FSA coordinate is 25-50m away; informational only
v-7e9b8405-bcad-56e8-b09f-6bb18b7f4648,Blackbird,Leicester: Abbey Park,LE4 0FW,2,coordinate_disagreement,existing_evidence_needs_corroboration,2026-10-09,False,,FSA coordinate is 117.2m from the accepted pin; informational only because the FSA geocode may be approximate
v-cbc4b5d0-edd1-5be4-b287-9b1646ae7624,Blacksmiths,Burton U-T: Branston,DE14 3EY,2,coordinate_disagreement,existing_evidence_needs_corroboration,2026-10-09,False,,FSA coordinate is 236.3m from the accepted pin; informational only because the FSA geocode may be approximate
v-2d4ccddd-3368-5ba5-9bca-109bb030fc98,Blue Bell,Sandiacre,NG10 5DF,2,coordinate_disagreement,existing_evidence_needs_corroboration,2026-10-09,False,,FSA coordinate is 120.3m from the accepted pin; informational only because the FSA geocode may be approximate
v-532b1388-63e1-5b1d-b72b-8f72b038b744,Blue Bell,Helpston,PE6 7ED,2,coordinate_disagreement,existing_evidence_needs_corroboration,2026-10-09,False,,FSA coordinate is 52.1m from the accepted pin; informational only because the FSA geocode may be approximate
v-15d0db44-4cbb-5e63-8d45-873665894ada,Bluebell,Farnah Green,DE56 2UP,2,no_name_match,existing_evidence_needs_corroboration,2026-10-09,False,,FSA comparison is inconclusive; absence of a match does not contradict accepted evidence
v-8e1407cf-c80a-5db2-a0dc-6ba84b6cee48,Boar,Moddershall,ST15 8TG,2,coordinate_disagreement,existing_evidence_needs_corroboration,2026-10-09,False,,FSA coordinate is 158.1m from the accepted pin; informational only because the FSA geocode may be approximate
v-64f7c857-b9fd-51d9-8efa-dbdbac907d2a,Boars Head,Louth,LN11 9HH,2,no_name_match,existing_evidence_needs_corroboration,2026-10-09,False,,FSA comparison is inconclusive; absence of a match does not contradict accepted evidence
v-68fdd6da-3328-5d9a-9b1c-91e7f0444b97,Boat,Cromford,DE4 3QF,2,coordinate_disagreement,existing_evidence_needs_corroboration,2026-10-09,False,,FSA coordinate is 2845.2m from the accepted pin; informational only because the FSA geocode may be approximate
v-2aac09fa-6d78-5d96-819f-9f6ae6f57bef,Boat Inn,Birdingbury,CV23 8HQ,2,no_name_match,existing_evidence_needs_corroboration,2026-10-09,False,,FSA comparison is inconclusive; absence of a match does not contradict accepted evidence
v-77056a66-be9a-52b4-9bbe-fadd4e67fa6f,Boat Inn,Melton Mowbray,LE13 1AF,2,nearby,existing_evidence_needs_corroboration,2026-10-09,False,,FSA coordinate is 25-50m away; informational only
v-81579a99-029e-575f-b8fe-66baf9991001,Boat and Horses,Newcastle-U-L: Central,ST5 1LU,2,coordinate_disagreement,existing_evidence_needs_corroboration,2026-10-09,False,,FSA coordinate is 110.9m from the accepted pin; informational only because the FSA geocode may be approximate
v-8d2818cb-e170-5dac-b542-68f88c22abd1,Boot,St Albans: Central,AL3 5DG,2,nearby,existing_evidence_needs_corroboration,2026-10-09,False,,FSA coordinate is 25-50m away; informational only
v-e01e6670-6c03-55e3-9d57-5f25a7a8fbdf,Boot,Melbourne,DE73 8FE,2,no_name_match,existing_evidence_needs_corroboration,2026-10-09,False,,FSA comparison is inconclusive; absence of a match does not contradict accepted evidence
v-ee7d0ee2-cbc1-50cc-b108-7412c6245ced,Borough Street Bar,Castle Donington,DE74 2LA,2,nearby,existing_evidence_needs_corroboration,2026-10-09,False,,FSA coordinate is 25-50m away; informational only
v-1639d0fb-54f0-58b5-8ce4-08eb9e335e87,Botanical Arms,Sheffield: Ecclesall Road,S11 8PR,2,coordinate_disagreement,existing_evidence_needs_corroboration,2026-10-09,False,,FSA coordinate is 57.5m from the accepted pin; informational only because the FSA geocode may be approximate
v-6ac38966-0828-5ba1-b8cb-c2edab36afa1,Bottle and Glass,Normanby,LN8 2HE,2,no_name_match,existing_evidence_needs_corroboration,2026-10-09,False,,FSA comparison is inconclusive; absence of a match does not contradict accepted evidence
v-914a7527-30f1-5b36-acce-5b36c7210041,Bowls Club (PMC),Barton-under-Needwood,DE13 8AX,2,no_name_match,existing_evidence_needs_corroboration,2026-10-09,False,,FSA comparison is inconclusive; absence of a match does not contradict accepted evidence
v-804d57d4-1953-5654-88fa-fc20c0ce6910,Bradwell Working Mens Club (PMC),Newcastle-U-L: Bradwell,ST5 8JA,2,coordinate_disagreement,existing_evidence_needs_corroboration,2026-10-09,False,,FSA coordinate is 50.5m from the accepted pin; informational only because the FSA geocode may be approximate
v-2bf5d12b-3027-5159-b3c2-4d2a1a8bd1ec,Branston Golf & Country Club,Burton U-T: Branston,DE14 3DP,2,coordinate_disagreement,existing_evidence_needs_corroboration,2026-10-09,False,,FSA coordinate is 484.8m from the accepted pin; informational only because the FSA geocode may be approximate
v-77c88bf5-cdfa-5f69-9a85-6d9500e5b776,Brass Button,Ashbourne,DE6 1EU,2,no_name_match,existing_evidence_needs_corroboration,2026-10-09,False,,FSA comparison is inconclusive; absence of a match does not contradict accepted evidence
v-16ac6d8a-6dc0-5535-aae6-0cc85e773d54,Bread and Bitter,Nottingham: Mapperley,NG3 5JL,2,coordinate_disagreement,existing_evidence_needs_corroboration,2026-10-09,False,,FSA coordinate is 96.9m from the accepted pin; informational only because the FSA geocode may be approximate
v-a00eabec-0246-562d-9640-f31752f67b33,Brickmakers Arms,Newton Solney,DE15 0SJ,2,ambiguous_or_missing_coordinates,existing_evidence_needs_corroboration,2026-10-09,False,,FSA comparison is inconclusive; absence of a match does not contradict accepted evidence
v-813a838f-ed8d-514d-9a9a-d192591cfe49,Bridford Inn,Bridford,EX6 7HT,2,coordinate_disagreement,existing_evidence_needs_corroboration,2026-10-09,False,,FSA coordinate is 65.3m from the accepted pin; informational only because the FSA geocode may be approximate
v-c86ec1b8-bc7e-5a25-ba5f-d4d8e7687ed9,Bristol Flyer,Bristol: Bishopston,BS7 8BN,2,nearby,existing_evidence_needs_corroboration,2026-10-09,False,,FSA coordinate is 25-50m away; informational only
v-606ed382-96eb-537b-b81c-c995f62186e7,Brookfield (Barrow Social Club),Barrow upon Trent,DE73 7HG,2,ambiguous_or_missing_coordinates,existing_evidence_needs_corroboration,2026-10-09,False,,FSA comparison is inconclusive; absence of a match does not contradict accepted evidence
v-dee50cac-ac0c-5801-a3aa-d5cb9fc35bfd,Brookhouse Mill,Denbigh,LL16 4RD,2,no_name_match,owner_reviewed,2026-10-09,False,,FSA comparison is inconclusive; absence of a match does not contradict accepted evidence
v-70227d07-9b73-5a3c-bcd1-4751c99d3225,Brothers Arms,Sheffield: Heeley,S8 9TZ,2,coordinate_disagreement,existing_evidence_needs_corroboration,2026-10-09,False,,FSA coordinate is 68.7m from the accepted pin; informational only because the FSA geocode may be approximate
v-6b2379e1-0215-5562-bb8c-9401a238f7db,Brownlow Inn,Congleton,CW12 4TH,2,ambiguous_or_missing_coordinates,existing_evidence_needs_corroboration,2026-10-09,False,,FSA comparison is inconclusive; absence of a match does not contradict accepted evidence
v-9baa0fd2-1959-52b9-91ed-97f0fb74ec0b,Brushmakers Arms,Oulton,ST15 8UW,2,nearby,existing_evidence_needs_corroboration,2026-10-09,False,,FSA coordinate is 25-50m away; informational only
v-0b67ddb0-cbe4-5035-b8cc-2299517e872f,Bull,Poulton-le-Fylde,FY6 7DH,2,coordinate_disagreement,existing_evidence_needs_corroboration,2026-10-09,False,,FSA coordinate is 93.7m from the accepted pin; informational only because the FSA geocode may be approximate
v-3a3f005b-c2bf-5c67-9592-d8c3a428a2d1,Bull and Butcher,Corley Moor,CV7 8AQ,2,ambiguous_or_missing_coordinates,existing_evidence_needs_corroboration,2026-10-09,False,,FSA comparison is inconclusive; absence of a match does not contradict accepted evidence
v-8a80a845-00a3-5f40-af35-ca6ea84d9153,Bulls Head,Wilson,DE73 8AE,2,ambiguous_or_missing_coordinates,existing_evidence_needs_corroboration,2026-10-09,False,,FSA comparison is inconclusive; absence of a match does not contradict accepted evidence
v-c1bdfb5f-22e9-5479-bc7b-30181b062801,Bulls Head,Beaumaris,LL58 8AP,2,no_name_match,existing_evidence_needs_corroboration,2026-10-09,False,,FSA comparison is inconclusive; absence of a match does not contradict accepted evidence
v-64fa4782-f644-52ce-b584-b64ea787647d,Burton Albion FC (Fan zone),Burton U-T: Central,DE13 0AR,2,no_name_match,existing_evidence_needs_corroboration,2026-10-09,False,,FSA comparison is inconclusive; absence of a match does not contradict accepted evidence
v-8427c0da-bdf7-5db8-9be9-0a7d5981de31,Burton Golf Club (PMC),Bretby,DE15 0PS,2,coordinate_disagreement,existing_evidence_needs_corroboration,2026-10-09,False,,FSA coordinate is 74.5m from the accepted pin; informational only because the FSA geocode may be approximate
v-6fef652b-550e-5f7d-9650-29a35090c232,Burton Tennis and Squash Club (PMC),Burton U-T: Stapenhill,DE15 0LQ,2,no_name_match,existing_evidence_needs_corroboration,2026-10-09,False,,FSA comparison is inconclusive; absence of a match does not contradict accepted evidence
v-a6b3954d-5a12-5344-9d8b-d1d67e2fdcda,Butchers Arms,Bramshall,ST14 5BG,2,coordinate_disagreement,existing_evidence_needs_corroboration,2026-10-09,False,,FSA coordinate is 140.1m from the accepted pin; informational only because the FSA geocode may be approximate
v-48a81b2b-55c8-55a4-a952-41a881ed7ddf,Carpenters Arms,Ilsington,TQ13 9RG,2,no_name_match,existing_evidence_needs_corroboration,2026-10-09,False,,FSA comparison is inconclusive; absence of a match does not contradict accepted evidence
v-44818631-c2ca-546d-a097-25ded2897bc1,Carre Arms Hotel,Sleaford,NG34 7JP,2,coordinate_disagreement,existing_evidence_needs_corroboration,2026-10-09,False,,FSA coordinate is 93.4m from the accepted pin; informational only because the FSA geocode may be approximate
v-3a52a126-41ff-5d4d-b9bf-1c68fd53197a,Castle,Castleton,S33 8WG,2,coordinate_disagreement,existing_evidence_needs_corroboration,2026-10-09,False,,FSA coordinate is 101.0m from the accepted pin; informational only because the FSA geocode may be approximate
v-42916c51-c65c-5cc0-b28c-d514db7e5790,Castle Inn,Congleton,CW12 3LP,2,ambiguous_or_missing_coordinates,existing_evidence_needs_corroboration,2026-10-09,False,,FSA comparison is inconclusive; absence of a match does not contradict accepted evidence
v-552acf01-151c-5ab2-8479-b5c3eaeea9cb,Chaddesen Park Social Club (PMC),Derby: Chaddesden,DE21 6PD,2,no_name_match,existing_evidence_needs_corroboration,2026-10-09,False,,FSA comparison is inconclusive; absence of a match does not contradict accepted evidence
v-e4c45694-71bb-5b2e-8133-15e62890f98b,Chadwick Arms,Hill Ridware,WS15 3QX,2,no_name_match,existing_evidence_needs_corroboration,2026-10-09,False,,FSA comparison is inconclusive; absence of a match does not contradict accepted evidence
v-5f2024a2-7c58-56fd-9a94-3f1066e9ccc1,Chandlers,Shearsby,LE17 6PL,2,ambiguous_or_missing_coordinates,existing_evidence_needs_corroboration,2026-10-09,False,,FSA comparison is inconclusive; absence of a match does not contradict accepted evidence
v-04a60775-79f9-599b-beec-0caebb09b25b,Chequers,Fenny Stratford,MK2 2BY,2,coordinate_disagreement,existing_evidence_needs_corroboration,2026-10-09,False,,FSA coordinate is 85.8m from the accepted pin; informational only because the FSA geocode may be approximate
v-8e2917d0-bd2b-5c1b-89dd-67bb7c8d5f66,Cherry Tree,Leicester: Central,LE1 4SX,2,nearby,existing_evidence_needs_corroboration,2026-10-09,False,,FSA coordinate is 25-50m away; informational only
v-66783061-95ad-5dfb-9157-51cb43786cff,Cheshire Cheese,Stoke: Hanley,ST1 6BA,2,coordinate_disagreement,existing_evidence_needs_corroboration,2026-10-09,False,,FSA coordinate is 63.1m from the accepted pin; informational only because the FSA geocode may be approximate
v-a3a9a65d-f382-5086-94fa-591748eeb726,Chester Tavern,Kidderminster,DY10 1TN,2,coordinate_disagreement,existing_evidence_needs_corroboration,2026-10-09,False,,FSA coordinate is 64.3m from the accepted pin; informational only because the FSA geocode may be approximate
v-44d1557c-72e2-5898-ba5c-80ff7540b392,Chestnuts (PMC),Nuneaton: Central,CV10 0AB,2,coordinate_disagreement,existing_evidence_needs_corroboration,2026-10-09,False,,FSA coordinate is 115.4m from the accepted pin; informational only because the FSA geocode may be approximate
v-b0b00604-bff6-58c1-915c-fa3e9eb4292b,Chilworth Arms,Chilworth,SO16 7JZ,2,coordinate_disagreement,existing_evidence_needs_corroboration,2026-10-09,False,,FSA coordinate is 373.6m from the accepted pin; informational only because the FSA geocode may be approximate
v-60c963ee-8aa8-5392-95bc-ef90d15abb5e,Clachan,Soho W1B,W1B 5QH,2,no_name_match,existing_evidence_needs_corroboration,2026-10-09,False,,FSA comparison is inconclusive; absence of a match does not contradict accepted evidence
v-96295419-5f8f-5451-bbba-a0cfb123501b,Clarendon Arms,Kenilworth,CV8 1NB,2,nearby,existing_evidence_needs_corroboration,2026-10-09,False,,FSA coordinate is 25-50m away; informational only
v-de06f22a-12d8-5910-b35e-9d8129aad5a9,Cleveland Bay,Eaglescliffe,TS16 0JE,2,nearby,existing_evidence_needs_corroboration,2026-10-09,False,,FSA coordinate is 25-50m away; informational only
v-3c4faad2-ac27-5dbb-99aa-18012b9dcbed,Cliff Inn,Crich,DE4 5DP,2,coordinate_disagreement,existing_evidence_needs_corroboration,2026-10-09,False,,FSA coordinate is 80.0m from the accepted pin; informational only because the FSA geocode may be approximate
v-47059443-0663-54cc-9d16-b80889ab096a,Clifford Arms,Great Haywood,ST18 0SR,2,no_name_match,existing_evidence_needs_corroboration,2026-10-09,False,,FSA comparison is inconclusive; absence of a match does not contradict accepted evidence
v-34d0ad6f-212b-560b-a6c2-59b434c9eb31,Coach and Horses,Kibworth Harcourt,LE8 0NN,2,ambiguous_or_missing_coordinates,existing_evidence_needs_corroboration,2026-10-09,False,,FSA comparison is inconclusive; absence of a match does not contradict accepted evidence
v-51927edf-73db-5fe7-b74b-3307b9ec27ec,Coach and Horses,Derby: Chester Green,DE1 3RF,2,ambiguous_or_missing_coordinates,existing_evidence_needs_corroboration,2026-10-09,False,,FSA comparison is inconclusive; absence of a match does not contradict accepted evidence
v-5743485b-71dc-57b2-a6be-e986697bd4cd,Coach and Horses,Horsley,DE21 5BQ,2,coordinate_disagreement,existing_evidence_needs_corroboration,2026-10-09,False,,FSA coordinate is 165.4m from the accepted pin; informational only because the FSA geocode may be approximate
v-58556e60-3506-5f01-9941-3c27d85f3d98,Coach and Horses,Timbersbrook,CW12 3PL,2,ambiguous_or_missing_coordinates,existing_evidence_needs_corroboration,2026-10-09,False,,FSA comparison is inconclusive; absence of a match does not contradict accepted evidence
v-8b64d7db-7ac9-5869-b948-483a60a39650,Coach and Horses,Draycott,DE72 3PS,2,coordinate_disagreement,existing_evidence_needs_corroboration,2026-10-09,False,,FSA coordinate is 50.8m from the accepted pin; informational only because the FSA geocode may be approximate
v-efc2da67-492d-5b1d-a964-d773328a09df,Coach and Horses,Stoke Newington N16,N16 7JL,2,no_name_match,existing_evidence_needs_corroboration,2026-10-09,False,,FSA comparison is inconclusive; absence of a match does not contradict accepted evidence
v-f5fe3c75-9372-5c5b-ad97-c2a9d3b158de,Coach and Horses,Ashbourne,DE6 1GF,2,nearby,existing_evidence_needs_corroboration,2026-10-09,False,,FSA coordinate is 25-50m away; informational only
v-2eeb3337-a558-57ca-8f95-3662542801cf,Cobbles Bar,Louth,LN11 9PU,2,no_name_match,existing_evidence_needs_corroboration,2026-10-09,False,,FSA comparison is inconclusive; absence of a match does not contradict accepted evidence
v-738a0c0c-b9c3-511f-a6d0-a367e87bcd9f,Cock Inn,Wishaw,B76 9QL,2,no_name_match,owner_reviewed,2026-10-09,False,,FSA comparison is inconclusive; absence of a match does not contradict accepted evidence
v-b0c5a0d9-4d33-51d1-b510-32e297b5e595,Cock Inn,Hanbury,DE13 8TD,2,coordinate_disagreement,existing_evidence_needs_corroboration,2026-10-09,False,,FSA coordinate is 66.5m from the accepted pin; informational only because the FSA geocode may be approximate
v-b89a416f-f3fd-5773-b692-0a6c06497864,Colliery Smokehouse,Linton,DE12 6PB,2,coordinate_disagreement,existing_evidence_needs_corroboration,2026-10-09,False,,FSA coordinate is 75.8m from the accepted pin; informational only because the FSA geocode may be approximate
v-e70663f9-4841-5eb5-8426-1b7e902d06c4,Congleton Rugby Club (PMC),Congleton,CW12 1EG,2,no_name_match,existing_evidence_needs_corroboration,2026-10-09,False,,FSA comparison is inconclusive; absence of a match does not contradict accepted evidence
v-42849d87-7e78-54f2-8b46-6c1ce4578fa3,Congress Inn,Stoke: Longton,ST3 1HJ,2,nearby,existing_evidence_needs_corroboration,2026-10-09,False,,FSA coordinate is 25-50m away; informational only
v-54a1b390-c593-5828-a06e-52905548f5ca,Constitutional Club (PMC),Swadlincote: Central,DE11 0AN,2,no_name_match,existing_evidence_needs_corroboration,2026-10-09,False,,FSA comparison is inconclusive; absence of a match does not contradict accepted evidence
v-81c9b5aa-f6be-589b-b9e0-b5fe40ab9ef9,Constitutional Club (PMC),Burbage,LE10 2DE,2,no_name_match,existing_evidence_needs_corroboration,2026-10-09,False,,FSA comparison is inconclusive; absence of a match does not contradict accepted evidence
v-5f7e16b2-688b-58c3-8cbd-db2f2320ec3d,Coopers Arms,Weston on Trent,DE72 2BJ,2,ambiguous_or_missing_coordinates,existing_evidence_needs_corroboration,2026-10-09,False,,FSA comparison is inconclusive; absence of a match does not contradict accepted evidence
v-a945424a-620d-53be-9efc-5846f3ff9459,Coppersmiths,Burton U-T: Central,DE14 2JJ,2,ambiguous_or_missing_coordinates,existing_evidence_needs_corroboration,2026-10-09,False,,FSA comparison is inconclusive; absence of a match does not contradict accepted evidence
v-f263b801-f5a1-5a23-beed-bf6c067f28b2,Cork and Bottle,Barnstaple,EX31 1JB,2,no_name_match,existing_evidence_needs_corroboration,2026-10-09,False,,FSA comparison is inconclusive; absence of a match does not contradict accepted evidence
v-09d3c88b-51f2-5bf9-9f79-88d0124d60ef,Corner House,Burton U-T: Branston,DE14 2WF,2,coordinate_disagreement,existing_evidence_needs_corroboration,2026-10-09,False,,FSA coordinate is 74.3m from the accepted pin; informational only because the FSA geocode may be approximate
v-eea3d86a-9388-5ea9-9736-52d5bc80f972,Corner House,Windsor,SL4 1BG,2,coordinate_disagreement,existing_evidence_needs_corroboration,2026-10-09,False,,FSA coordinate is 55.9m from the accepted pin; informational only because the FSA geocode may be approximate
v-ba603f1a-269f-5745-9612-e8174e799b4d,Cornubia Inn,Hayle,TR27 4DX,2,ambiguous_or_missing_coordinates,existing_evidence_needs_corroboration,2026-10-09,False,,FSA comparison is inconclusive; absence of a match does not contradict accepted evidence
v-1efcc2b8-fdff-5c09-81da-d206826f4e1e,Coryton Arms,St Mellion,PL12 6RJ,2,nearby,existing_evidence_needs_corroboration,2026-10-09,False,,FSA coordinate is 25-50m away; informational only
v-22c42bbf-668a-568e-af2d-2c7d47fae5c7,Coton and Hopwas Social Club (PMC),Hopwas,B78 3AD,2,coordinate_disagreement,existing_evidence_needs_corroboration,2026-10-09,False,,FSA coordinate is 87.1m from the accepted pin; informational only because the FSA geocode may be approximate
v-e5e26c8d-c7bc-5424-81ba-32a0b892b3eb,County Hotel,Lytham St Annes,FY8 5LH,2,ambiguous_or_missing_coordinates,existing_evidence_needs_corroboration,2026-10-09,False,,FSA comparison is inconclusive; absence of a match does not contradict accepted evidence
v-b6bd3613-8bdd-5319-a275-eb726deeff46,Crew and Queens Hall,Nuneaton: Central,CV11 5LA,2,no_name_match,existing_evidence_needs_corroboration,2026-10-09,False,,FSA comparison is inconclusive; absence of a match does not contradict accepted evidence
v-101e22ce-2e15-5d8d-8f40-64e6ead91ee8,Cricket Club,Blackpool: Stanley Park,FY3 9EQ,2,no_name_match,existing_evidence_needs_corroboration,2026-10-09,False,,FSA comparison is inconclusive; absence of a match does not contradict accepted evidence
v-488e5ec7-f851-583c-8a65-7f09c162ae1f,Cricket Club,Rolleston-on-Dove,DE13 9AU,2,no_name_match,existing_evidence_needs_corroboration,2026-10-09,False,,FSA comparison is inconclusive; absence of a match does not contradict accepted evidence
v-911b7128-ea8a-5c05-95aa-dce74ff3e720,Cricket Club,Caverswall,ST3 6PJ,2,no_name_match,existing_evidence_needs_corroboration,2026-10-09,False,,FSA comparison is inconclusive; absence of a match does not contradict accepted evidence
v-9db08c01-435f-5d69-acd6-b69f4bcf6d1a,Cricketers,Leicester: Aylestone,LE2 8AD,2,coordinate_disagreement,existing_evidence_needs_corroboration,2026-10-09,False,,FSA coordinate is 58.6m from the accepted pin; informational only because the FSA geocode may be approximate
v-697d698b-e30c-5f9b-a384-573dc1dfa1ad,Cricketers Arms,Oakamoor,ST10 3AB,2,no_name_match,existing_evidence_needs_corroboration,2026-10-09,False,,FSA comparison is inconclusive; absence of a match does not contradict accepted evidence
v-32646a4c-94da-52da-a73d-1125b6d05ce9,Crooked Billet,Leigh on Sea: Old Leigh,SS9 2EP,2,coordinate_disagreement,existing_evidence_needs_corroboration,2026-10-09,False,,FSA coordinate is 92.5m from the accepted pin; informational only because the FSA geocode may be approximate
v-6d104889-387c-5da6-bcf2-f6ad2052f64a,Cross House Tavern,Tewkesbury,GL20 5AB,2,no_name_match,existing_evidence_needs_corroboration,2026-10-09,False,,FSA comparison is inconclusive; absence of a match does not contradict accepted evidence
v-36312e4a-6b22-5a6b-8cd0-e4f51bfbc57b,Cross Keys,Penrhynside,LL30 3DD,2,ambiguous_or_missing_coordinates,existing_evidence_needs_corroboration,2026-10-09,False,,FSA comparison is inconclusive; absence of a match does not contradict accepted evidence
v-8627142a-ac1d-5f2d-9602-8a2777baa6b9,Cross Keys,Newbold,LE67 8PJ,2,nearby,existing_evidence_needs_corroboration,2026-10-09,False,,FSA coordinate is 25-50m away; informational only
v-da368401-dfbb-5300-8382-e75e3237f5db,Cross Keys,Belper: Central,DE56 1FZ,2,nearby,existing_evidence_needs_corroboration,2026-10-09,False,,FSA coordinate is 25-50m away; informational only
v-e134de4c-f72e-5e95-b15b-76b3d65b224a,Crossbar,Chellaston,DE73 6TQ,2,no_name_match,existing_evidence_needs_corroboration,2026-10-09,False,,FSA comparison is inconclusive; absence of a match does not contradict accepted evidence
v-196f3701-3d8b-50c7-bb6a-0167ba6a6bfc,Crown,Llandegla,LL11 3AD,2,ambiguous_or_missing_coordinates,existing_evidence_needs_corroboration,2026-10-09,False,,FSA comparison is inconclusive; absence of a match does not contradict accepted evidence
v-3ccc5b2c-c537-58ea-98a8-a45d3bb0950c,Crown,Stockport,SK4 1AR,2,coordinate_disagreement,existing_evidence_needs_corroboration,2026-10-09,False,,FSA coordinate is 56.9m from the accepted pin; informational only because the FSA geocode may be approximate
v-5dd52382-7b49-5def-9194-40c0a256d6a6,Crown,Kemerton,GL20 7HP,2,nearby,existing_evidence_needs_corroboration,2026-10-09,False,,FSA coordinate is 25-50m away; informational only
v-6e90bbbc-26af-5e5e-9ec7-6e42bbdb1a7c,Crown,Heather,LE67 2QP,2,no_name_match,existing_evidence_needs_corroboration,2026-10-09,False,,FSA comparison is inconclusive; absence of a match does not contradict accepted evidence
v-77092c69-962d-5c97-94aa-77f46ca88e4f,Crown,Glentham,LN8 2EQ,2,no_name_match,existing_evidence_needs_corroboration,2026-10-09,False,,FSA comparison is inconclusive; absence of a match does not contradict accepted evidence
v-a335016e-08a4-5de4-a98f-2dbdb2bb3b99,Crown,Melton Mowbray,LE13 1AE,2,nearby,existing_evidence_needs_corroboration,2026-10-09,False,,FSA coordinate is 25-50m away; informational only
v-af82b0b4-d728-5ebd-9e79-5cfff50d98cc,Crown,Chilton,OX11 0RZ,2,no_name_match,existing_evidence_needs_corroboration,2026-10-09,False,,FSA comparison is inconclusive; absence of a match does not contradict accepted evidence
v-c2444f01-e722-553c-8aba-198828ded1de,Crown,Oxford: Central,OX1 3HB,2,nearby,existing_evidence_needs_corroboration,2026-10-09,False,,FSA coordinate is 25-50m away; informational only
v-c95b7113-75f0-55ea-8270-b86498db90e7,Crown,Elford,B79 9DB,2,nearby,existing_evidence_needs_corroboration,2026-10-09,False,,FSA coordinate is 25-50m away; informational only
v-dc3f2dcb-ee6f-59fa-8966-a9fab3cfca5b,Crown,Great Casterton,PE9 4AP,2,coordinate_disagreement,existing_evidence_needs_corroboration,2026-10-09,False,,FSA coordinate is 72.5m from the accepted pin; informational only because the FSA geocode may be approximate
v-dc8686e7-6bc9-527e-9a90-7f72211c77ba,Crown,Yoxall,DE13 8NQ,2,coordinate_disagreement,existing_evidence_needs_corroboration,2026-10-09,False,,FSA coordinate is 123.2m from the accepted pin; informational only because the FSA geocode may be approximate
v-1e4b39d1-61ae-5122-89a7-1ad6e5dde26e,Crown Inn,Manfield,DL2 2RF,2,ambiguous_or_missing_coordinates,existing_evidence_needs_corroboration,2026-10-09,False,,FSA comparison is inconclusive; absence of a match does not contradict accepted evidence
v-d7a5ca84-76d7-5f19-ad38-9b3f8bc3e3f3,Crown Inn,Marston Montgomery,DE6 2FF,2,coordinate_disagreement,existing_evidence_needs_corroboration,2026-10-09,False,,FSA coordinate is 146.1m from the accepted pin; informational only because the FSA geocode may be approximate
v-aa8fe83d-60ba-5937-9a59-ede918725a5c,Crown Liquor Saloon,Belfast,BT2 7BA,2,no_name_match,existing_evidence_needs_corroboration,2026-10-09,False,,FSA comparison is inconclusive; absence of a match does not contradict accepted evidence
v-6014c479-d96a-5eaf-a7d1-3a3b68eaa7ff,Crown and Anchor,Tetney Lock,DN36 5UW,2,coordinate_disagreement,existing_evidence_needs_corroboration,2026-10-09,False,,FSA coordinate is 124.0m from the accepted pin; informational only because the FSA geocode may be approximate
v-e6679625-95b2-50be-92e0-187d41170ed6,Crown and Crossed Swords,Shotley Bridge,DH8 0HU,2,ambiguous_or_missing_coordinates,existing_evidence_needs_corroboration,2026-10-09,False,,FSA comparison is inconclusive; absence of a match does not contradict accepted evidence
v-a6972cb0-a183-5663-8f8f-906ac0e906ea,Crown and Thistle,Kidsgrove,ST7 4EY,2,nearby,existing_evidence_needs_corroboration,2026-10-09,False,,FSA coordinate is 25-50m away; informational only
v-151c6a0f-d18e-5884-868f-b95b6d6c6f14,Dambusters,Scampton,LN1 2SD,2,no_name_match,existing_evidence_needs_corroboration,2026-10-09,False,,FSA comparison is inconclusive; absence of a match does not contradict accepted evidence
v-04e5fdfe-ce2e-52b5-a1fe-56066beb577c,Deacons,Salisbury,SP2 7QT,2,no_name_match,existing_evidence_needs_corroboration,2026-10-09,False,,FSA comparison is inconclusive; absence of a match does not contradict accepted evidence
v-52a12f7c-0669-503c-bb15-8e1b988ccd10,Dead Poets Inn,Holbrook,DE56 0TQ,2,coordinate_disagreement,existing_evidence_needs_corroboration,2026-10-09,False,,FSA coordinate is 83.7m from the accepted pin; informational only because the FSA geocode may be approximate
v-5e3cc4d8-313b-5db8-b4d5-3f4cb880bc14,Devonshire Arms,Blackpool: North Shore,FY2 0TL,2,nearby,existing_evidence_needs_corroboration,2026-10-09,False,,FSA coordinate is 25-50m away; informational only
v-edbf046b-76d8-5df9-9d71-3d63d37148e6,Devonshire Arms,Somercotes,DE55 4HX,2,coordinate_disagreement,existing_evidence_needs_corroboration,2026-10-09,False,,FSA coordinate is 94.9m from the accepted pin; informational only because the FSA geocode may be approximate
v-9acf6cbe-1e88-5904-af35-f28c20b53738,Dew Drop Inn,Hathern,LE12 5HY,2,coordinate_disagreement,existing_evidence_needs_corroboration,2026-10-09,False,,FSA coordinate is 88.4m from the accepted pin; informational only because the FSA geocode may be approximate
v-45ee8f54-501a-5688-8b29-c66374492475,Dial,Burton U-T: Central,DE14 1BN,2,no_name_match,existing_evidence_needs_corroboration,2026-10-09,False,,FSA comparison is inconclusive; absence of a match does not contradict accepted evidence
v-59d2541d-6530-562f-96c2-2056496ae55a,Dinas Rock Hotel,Glynneath,SA11 5AP,2,coordinate_disagreement,existing_evidence_needs_corroboration,2026-10-09,False,,FSA coordinate is 86.9m from the accepted pin; informational only because the FSA geocode may be approximate
v-e27927a2-937a-5a15-bd14-200b5d039498,Dog,Pentrich,DE5 3RE,2,coordinate_disagreement,existing_evidence_needs_corroboration,2026-10-09,False,,FSA coordinate is 61.7m from the accepted pin; informational only because the FSA geocode may be approximate
v-eb84582d-6912-5e35-a98f-218e19f01eaf,Dog Inn,Water Orton,B46 1NW,2,ambiguous_or_missing_coordinates,existing_evidence_needs_corroboration,2026-10-09,False,,FSA comparison is inconclusive; absence of a match does not contradict accepted evidence
v-f9de8c66-66d9-507c-9961-6fd39b66e6b2,Dog and Gun,Wolverhampton: Tettenhall,WV6 8SB,2,nearby,existing_evidence_needs_corroboration,2026-10-09,False,,FSA coordinate is 25-50m away; informational only
v-7fff2567-68e6-58dd-b061-268c6b24cbe7,Donington Arms,Donington Le Heath,LE67 2GE,2,no_name_match,existing_evidence_needs_corroboration,2026-10-09,False,,FSA comparison is inconclusive; absence of a match does not contradict accepted evidence
v-091efd15-63db-5d18-be76-f8a0abaa5c6a,Doveside Social Club (PMC),Hatton,DE65 5EZ,2,ambiguous_or_missing_coordinates,existing_evidence_needs_corroboration,2026-10-09,False,,FSA comparison is inconclusive; absence of a match does not contradict accepted evidence
v-4dbabe03-50ea-525d-9475-23a8e722eaad,Drum Inn,Cockington,TQ2 6XA,2,ambiguous_or_missing_coordinates,existing_evidence_needs_corroboration,2026-10-09,False,,FSA comparison is inconclusive; absence of a match does not contradict accepted evidence
v-4b335a52-922a-54f9-a70d-4dcb0724a098,Drum and Monkey,Glasgow: Central,G2 5TF,2,nearby,existing_evidence_needs_corroboration,2026-10-09,False,,FSA coordinate is 25-50m away; informational only
v-5f8dfaaa-7830-5af0-807f-d03a9b69c6d2,Drum and Monkey,Castle Gresley,DE11 9LH,2,ambiguous_or_missing_coordinates,existing_evidence_needs_corroboration,2026-10-09,False,,FSA comparison is inconclusive; absence of a match does not contradict accepted evidence
v-e81d21cc-04bb-56f0-9987-0d081b8c6d47,Duchess,Stamford Brook,W6 0XF,2,no_name_match,existing_evidence_needs_corroboration,2026-10-09,False,,FSA comparison is inconclusive; absence of a match does not contradict accepted evidence
v-6b6d13f7-e246-54b9-9f62-2070c4bdaad8,Duke of Wellington,Grimsby,DN31 1QD,2,ambiguous_or_missing_coordinates,existing_evidence_needs_corroboration,2026-10-09,False,,FSA comparison is inconclusive; absence of a match does not contradict accepted evidence
v-6dd3f8f8-bdf6-565c-b21a-ce49d9faa503,Duke of York,Bristol: St Werburghs,BS2 9RS,2,nearby,existing_evidence_needs_corroboration,2026-10-09,False,,FSA coordinate is 25-50m away; informational only
v-9c208293-484d-560e-8270-d8276b49f0f7,Dyffryn Arms,Pontfaen,SA65 9SE,2,coordinate_disagreement,existing_evidence_needs_corroboration,2026-10-09,False,,FSA coordinate is 431.1m from the accepted pin; informational only because the FSA geocode may be approximate
v-0976863b-da58-5155-b32b-ba3b74195783,Eagle Tavern,Heage,DE56 2HU,2,coordinate_disagreement,existing_evidence_needs_corroboration,2026-10-09,False,,FSA coordinate is 298.5m from the accepted pin; informational only because the FSA geocode may be approximate
v-1dbfdcda-d5a4-5519-969f-979e11cc3ec5,Earl of Chesterfield Arms,Shelford,NG12 1EQ,2,nearby,existing_evidence_needs_corroboration,2026-10-09,False,,FSA coordinate is 25-50m away; informational only
v-f4485d10-20f9-5178-a539-cbade7e5b9a3,Easington,Banbury,OX16 9JU,2,no_name_match,existing_evidence_needs_corroboration,2026-10-09,False,,FSA comparison is inconclusive; absence of a match does not contradict accepted evidence
v-696948e8-6eb2-5391-a8c1-bef7c0dc9c48,Ecclian,Eccleshall,ST21 6BW,2,no_name_match,existing_evidence_needs_corroboration,2026-10-09,False,,FSA comparison is inconclusive; absence of a match does not contradict accepted evidence
v-96c69280-8350-5291-9fb1-4267938024b9,Engine Inn,Kenilworth,CV8 2HP,2,coordinate_disagreement,existing_evidence_needs_corroboration,2026-10-09,False,,FSA coordinate is 79.0m from the accepted pin; informational only because the FSA geocode may be approximate
v-fb304b3f-2aa0-5fa6-9cca-5b4af6a1bb02,Engineers Arms,Henlow,SG16 6AA,2,coordinate_disagreement,owner_reviewed,2026-10-09,False,,FSA coordinate is 99.4m from the accepted pin; informational only because the FSA geocode may be approximate
v-27db8714-ffd3-5660-a96b-cc3f55e0193d,Essex Arms,Watford: Cassiobury,WD17 3EG,2,coordinate_disagreement,existing_evidence_needs_corroboration,2026-10-09,False,,FSA coordinate is 69.8m from the accepted pin; informational only because the FSA geocode may be approximate
v-8437cb49-dd3e-5c8c-a924-f3ca32bcd323,Fieldhouse,Solihull,B91 3JU,2,no_name_match,owner_reviewed,2026-10-09,False,,FSA comparison is inconclusive; absence of a match does not contradict accepted evidence
v-d7f9aaa5-6a8f-5c14-ae38-74a59ed849f2,Final Whistle,Southwell,NG25 0ET,2,nearby,existing_evidence_needs_corroboration,2026-10-09,False,,FSA coordinate is 25-50m away; informational only
v-9d030be7-195d-5767-b6e5-7a2d94d5d237,Firefly,Worcester: Central,WR1 2SE,2,nearby,existing_evidence_needs_corroboration,2026-10-09,False,,FSA coordinate is 25-50m away; informational only
v-e897ef78-09c1-5f86-a813-d6050bc043bc,Five Bells,Bassingham,LN5 9JZ,2,nearby,existing_evidence_needs_corroboration,2026-10-09,False,,FSA coordinate is 25-50m away; informational only
v-127772d1-4ac7-5386-bf8a-8dae262bbc03,Five Horseshoes,Barholm,PE9 4RA,2,coordinate_disagreement,existing_evidence_needs_corroboration,2026-10-09,False,,FSA coordinate is 65.5m from the accepted pin; informational only because the FSA geocode may be approximate
v-e8e25192-5139-58e7-b524-43583399d8f6,Five Ways,Heath Hayes,WS12 3HU,2,no_name_match,existing_evidence_needs_corroboration,2026-10-09,False,,FSA comparison is inconclusive; absence of a match does not contradict accepted evidence
v-e8284c87-dd05-565a-8112-3742ea66b55e,Flat Iron,Chorley,PR7 1BH,2,coordinate_disagreement,existing_evidence_needs_corroboration,2026-10-09,False,,FSA coordinate is 58.3m from the accepted pin; informational only because the FSA geocode may be approximate
v-8acf2d3a-8936-57c2-91ca-fe4928e34b3b,Flying Childers,Stanton in Peak,DE4 2LW,2,coordinate_disagreement,existing_evidence_needs_corroboration,2026-10-09,False,,FSA coordinate is 91.5m from the accepted pin; informational only because the FSA geocode may be approximate
v-ff3f62d5-c10b-5e2d-806b-9768ad39bc55,Fox,Lutterworth,LE17 4BN,2,nearby,existing_evidence_needs_corroboration,2026-10-09,False,,FSA coordinate is 25-50m away; informational only
v-5243b8c1-722d-51c1-937b-df35caf01b37,Fox and Goose,Foxt,ST10 2HN,2,coordinate_disagreement,existing_evidence_needs_corroboration,2026-10-09,False,,FSA coordinate is 90.5m from the accepted pin; informational only because the FSA geocode may be approximate
v-79e55486-096e-540b-8cdc-ac76e94f6f9c,Fox and Hounds,Reepham,LN3 4DN,2,no_name_match,existing_evidence_needs_corroboration,2026-10-09,False,,FSA comparison is inconclusive; absence of a match does not contradict accepted evidence
v-e04311ec-88d7-51a3-8fbd-9a2d667025ca,Garden House,Norwich,NR2 3HD,2,coordinate_disagreement,existing_evidence_needs_corroboration,2026-10-09,False,,FSA coordinate is 118.9m from the accepted pin; informational only because the FSA geocode may be approximate
v-61fcdd19-f140-5d25-9a9b-72d08f037b8b,Garibaldi,Redhill,RH1 6PA,2,no_name_match,existing_evidence_needs_corroboration,2026-10-09,False,,FSA comparison is inconclusive; absence of a match does not contradict accepted evidence
v-37770843-214d-5aec-9864-3b50c8dba389,Gate Hangs Well,Carlton,CV13 0DB,2,coordinate_disagreement,existing_evidence_needs_corroboration,2026-10-09,False,,FSA coordinate is 97.5m from the accepted pin; informational only because the FSA geocode may be approximate
v-552c7fa1-965e-525c-9c6d-00f7d8e85446,Gate Inn,Burton U-T: Branston,DE14 3EY,2,coordinate_disagreement,existing_evidence_needs_corroboration,2026-10-09,False,,FSA coordinate is 173.9m from the accepted pin; informational only because the FSA geocode may be approximate
v-cb5ee8c1-df24-54c2-9ba6-2a919ee2d15a,Gate Inn,Ratcliffe Culey,CV9 3NY,2,coordinate_disagreement,existing_evidence_needs_corroboration,2026-10-09,False,,FSA coordinate is 88.6m from the accepted pin; informational only because the FSA geocode may be approximate
v-e5f76eb5-7724-5a20-9332-98a295f50c7c,Gatehouse Tavern,Coventry: Central,CV1 4AN,2,ambiguous_or_missing_coordinates,existing_evidence_needs_corroboration,2026-10-09,False,,FSA comparison is inconclusive; absence of a match does not contradict accepted evidence
v-6af2f717-350a-53d0-a01f-9df032b46a49,Gelsmoor,Newbold,LE67 8HP,2,coordinate_disagreement,owner_reviewed,2026-10-09,False,,FSA coordinate is 474.3m from the accepted pin; informational only because the FSA geocode may be approximate
v-d50273b9-7779-5611-9f47-9713cfd19420,General Havelock,Ilkeston,DE7 5FW,2,coordinate_disagreement,existing_evidence_needs_corroboration,2026-10-09,False,,FSA coordinate is 171.8m from the accepted pin; informational only because the FSA geocode may be approximate
v-b0609207-be43-5211-b898-e320bafe5410,Generous Briton,Loughborough,LE11 3AB,2,coordinate_disagreement,existing_evidence_needs_corroboration,2026-10-09,False,,FSA coordinate is 165.0m from the accepted pin; informational only because the FSA geocode may be approximate
v-2451def0-aade-5ca9-921b-dd1733d901a4,George,Upton,OX11 9JJ,2,no_name_match,owner_reviewed,2026-10-09,False,,FSA comparison is inconclusive; absence of a match does not contradict accepted evidence
v-8131d496-39be-5f8f-a17d-b58660aeda1b,George,Liverpool: Crosby,L23 2SE,2,no_name_match,existing_evidence_needs_corroboration,2026-10-09,False,,FSA comparison is inconclusive; absence of a match does not contradict accepted evidence
v-292c207d-d51b-5902-913e-a6a100070755,George and Dragon,Newcastle-U-L: Central,ST5 1RH,2,no_name_match,existing_evidence_needs_corroboration,2026-10-09,False,,FSA comparison is inconclusive; absence of a match does not contradict accepted evidence
v-f51208c4-412a-5581-9e4d-cc17a72caaac,George and Dragon,Thringstone,LE67 8UH,2,coordinate_disagreement,existing_evidence_needs_corroboration,2026-10-09,False,,FSA coordinate is 245.0m from the accepted pin; informational only because the FSA geocode may be approximate
v-cc35284e-c102-5090-b7e8-82980b2f7db1,Globe,Stoke: Tunstall,ST6 5TA,2,coordinate_disagreement,existing_evidence_needs_corroboration,2026-10-09,False,,FSA coordinate is 90.3m from the accepted pin; informational only because the FSA geocode may be approximate
v-163491c3-e2cc-54a0-9d36-124f2bd17d8e,Globe Inn,Tamworth,B79 7AT,2,no_name_match,existing_evidence_needs_corroboration,2026-10-09,False,,FSA comparison is inconclusive; absence of a match does not contradict accepted evidence
v-671e9e71-677b-5e94-b837-e50d3484667c,Globe Inn,Snarestone,DE12 7DB,2,coordinate_disagreement,existing_evidence_needs_corroboration,2026-10-09,False,,FSA coordinate is 274.3m from the accepted pin; informational only because the FSA geocode may be approximate
v-9516fb66-53e8-53a8-9bb0-922e7be7580f,Globe Inn,Looe,PL13 1HN,2,coordinate_disagreement,existing_evidence_needs_corroboration,2026-10-09,False,,FSA coordinate is 119.3m from the accepted pin; informational only because the FSA geocode may be approximate
v-84e7f044-8f38-5317-9255-08279e728ad6,Goats Head,Abbots Bromley,WS15 3BP,2,coordinate_disagreement,existing_evidence_needs_corroboration,2026-10-09,False,,FSA coordinate is 58.9m from the accepted pin; informational only because the FSA geocode may be approximate
v-a5ff460a-6b08-56c6-9d6a-b5bfca58a82e,Golden Cup,Stoke: Hanley,ST1 2JS,2,nearby,existing_evidence_needs_corroboration,2026-10-09,False,,FSA coordinate is 25-50m away; informational only
v-b81d683f-d115-5e3b-bfce-7cf833ef9e75,Golden Pheasant,Biggleswade,SG18 0JH,2,no_name_match,owner_reviewed,2026-10-09,False,,FSA comparison is inconclusive; absence of a match does not contradict accepted evidence
v-600d8503-7c5b-5676-8228-2202dec44abc,Grapes,Chipping Sodbury,BS37 6AS,2,no_name_match,existing_evidence_needs_corroboration,2026-10-09,False,,FSA comparison is inconclusive; absence of a match does not contradict accepted evidence
v-33da9387-2aa7-5bdf-b0bb-3e369659eb47,Great Western,Deppers Bridge,CV47 2ST,2,coordinate_disagreement,existing_evidence_needs_corroboration,2026-10-09,False,,FSA coordinate is 114.8m from the accepted pin; informational only because the FSA geocode may be approximate
v-d0199650-f7c0-5287-bb86-dda903baae89,Green House,Mere Green,B74 2UD,2,coordinate_disagreement,existing_evidence_needs_corroboration,2026-10-09,False,,FSA coordinate is 106.2m from the accepted pin; informational only because the FSA geocode may be approximate
v-7ae10979-fa76-53b3-bdc3-51d091c60752,Green Man,Clifton Campville,B79 0AX,2,coordinate_disagreement,existing_evidence_needs_corroboration,2026-10-09,False,,FSA coordinate is 111.7m from the accepted pin; informational only because the FSA geocode may be approximate
v-8842f4ca-7548-55fc-8210-5671f0439035,Green Man,Stamford,PE9 2YQ,2,nearby,existing_evidence_needs_corroboration,2026-10-09,False,,FSA coordinate is 25-50m away; informational only
v-c31ee814-63f4-513d-8d38-fad12edad41f,Greyhound,Woodville,DE11 7BU,2,ambiguous_or_missing_coordinates,existing_evidence_needs_corroboration,2026-10-09,False,,FSA comparison is inconclusive; absence of a match does not contradict accepted evidence
v-d704b3a8-33c3-553f-b067-e1ed747652da,Greyhound Inn,Warslow,SK17 0JN,2,nearby,existing_evidence_needs_corroboration,2026-10-09,False,,FSA coordinate is 25-50m away; informational only
v-a64a77c0-2805-54fd-b81b-bdfcee98f7ee,Griffin,Shustoke,B46 2LB,2,ambiguous_or_missing_coordinates,existing_evidence_needs_corroboration,2026-10-09,False,,FSA comparison is inconclusive; absence of a match does not contradict accepted evidence
v-0d4203e8-3483-5683-893a-ef4bd63e6c15,Grouse Inn,Darley Dale,DE4 2FT,2,nearby,existing_evidence_needs_corroboration,2026-10-09,False,,FSA coordinate is 25-50m away; informational only
v-5af9953b-ee5a-5ecc-9679-35f8477da6d7,HQ Pencadlys,Prestatyn,LL19 9DT,2,coordinate_disagreement,existing_evidence_needs_corroboration,2026-10-09,False,,FSA coordinate is 58.3m from the accepted pin; informational only because the FSA geocode may be approximate
v-42dacf84-da8f-59da-8252-cc9a900e081e,Hales Bar,Harrogate,HG1 2RS,2,coordinate_disagreement,existing_evidence_needs_corroboration,2026-10-09,False,,FSA coordinate is 71.1m from the accepted pin; informational only because the FSA geocode may be approximate
v-de4bb4cf-ba26-5249-bc8a-2d255fabb89c,Halfway House,Donisthorpe,DE12 7PX,2,coordinate_disagreement,existing_evidence_needs_corroboration,2026-10-09,False,,FSA coordinate is 382.3m from the accepted pin; informational only because the FSA geocode may be approximate
v-7acff0ac-109f-5c52-83e8-add11cb06319,Hanging Gate,Higher Sutton,SK11 0NG,2,no_name_match,existing_evidence_needs_corroboration,2026-10-09,False,,FSA comparison is inconclusive; absence of a match does not contradict accepted evidence
v-5ba8d7df-e13a-5b21-b51d-4eb8fe434688,Heanton Court,Heanton,EX31 4AX,2,ambiguous_or_missing_coordinates,existing_evidence_needs_corroboration,2026-10-09,False,,FSA comparison is inconclusive; absence of a match does not contradict accepted evidence
v-0d158b4e-ec82-5f08-9ed0-6913ee6c4c29,Heaton Hops,Heaton Chapel,SK4 5DE,2,coordinate_disagreement,existing_evidence_needs_corroboration,2026-10-09,False,,FSA coordinate is 63.6m from the accepted pin; informational only because the FSA geocode may be approximate
v-90e9e12b-90b5-53e5-bc5c-3d46371e3d91,Hen and Chickens,Islington N1,N1 2NA,2,ambiguous_or_missing_coordinates,existing_evidence_needs_corroboration,2026-10-09,False,,FSA comparison is inconclusive; absence of a match does not contradict accepted evidence
v-50f53699-d961-5e47-8532-bd33cdb7c8a8,Highfield,Blackpool:Merton,FY4 3LA,2,coordinate_disagreement,existing_evidence_needs_corroboration,2026-10-09,False,,FSA coordinate is 83.1m from the accepted pin; informational only because the FSA geocode may be approximate
v-0e203d6f-5b71-5bfa-815b-76bf8b65cc7e,Hive,Hesketh Bank,PR4 6SN,2,coordinate_disagreement,existing_evidence_needs_corroboration,2026-10-09,False,,FSA coordinate is 64.0m from the accepted pin; informational only because the FSA geocode may be approximate
v-55997300-50cf-57cd-ba3b-70422b32101f,Hole in the Wall,Spalding,PE11 1AT,2,no_name_match,existing_evidence_needs_corroboration,2026-10-09,False,,FSA comparison is inconclusive; absence of a match does not contradict accepted evidence
v-ae3a0059-759b-56f5-99bc-53f04186e188,Hole in the Wall,Bodmin,PL31 2DS,2,nearby,existing_evidence_needs_corroboration,2026-10-09,False,,FSA coordinate is 25-50m away; informational only
v-64de191e-b0d6-56c5-b367-6a142d3f746c,Holly Bush,Church Broughton,DE65 5AS,2,ambiguous_or_missing_coordinates,existing_evidence_needs_corroboration,2026-10-09,False,,FSA comparison is inconclusive; absence of a match does not contradict accepted evidence
v-3b377d5b-3017-5d17-97cb-7265374c9398,Hope and Anchor,Grimsby,DN31 1NX,2,nearby,existing_evidence_needs_corroboration,2026-10-09,False,,FSA coordinate is 25-50m away; informational only
v-fb4e1ce7-078c-526a-a178-169f016e741f,Hopinn,Newcastle-U-L: Central,ST5 1JR,2,coordinate_disagreement,existing_evidence_needs_corroboration,2026-10-09,False,,FSA coordinate is 123.4m from the accepted pin; informational only because the FSA geocode may be approximate
v-eebdc521-43a7-58d7-86cf-a32100d80904,Horse,Shepshed,LE12 9EF,2,no_name_match,existing_evidence_needs_corroboration,2026-10-09,False,,FSA comparison is inconclusive; absence of a match does not contradict accepted evidence
v-ac895bd4-69fd-53ea-89d8-97307a9112c5,Horse and Groom,Scarcliffe,S44 6SU,2,coordinate_disagreement,existing_evidence_needs_corroboration,2026-10-09,False,,FSA coordinate is 123.1m from the accepted pin; informational only because the FSA geocode may be approximate
v-11484c5e-8bfd-549a-a94e-1f3365eee08d,Horse and Jockey,Lichfield,WS13 6QA,2,nearby,existing_evidence_needs_corroboration,2026-10-09,False,,FSA coordinate is 25-50m away; informational only
v-27765010-c7d6-5097-979d-613fcc80f5f2,Horse and Jockey,Bentley,CV9 2HL,2,ambiguous_or_missing_coordinates,existing_evidence_needs_corroboration,2026-10-09,False,,FSA comparison is inconclusive; absence of a match does not contradict accepted evidence
v-6ff1af18-0bdf-512e-bb3d-6c5317a59334,Horse and Jockey,Selston,NG16 6FB,2,coordinate_disagreement,existing_evidence_needs_corroboration,2026-10-09,False,,FSA coordinate is 534.8m from the accepted pin; informational only because the FSA geocode may be approximate
v-7d14bf86-375e-557a-b241-ef5aee6794f8,Horse and Jockey,Bristol: St George,BS5 8LW,2,coordinate_disagreement,existing_evidence_needs_corroboration,2026-10-09,False,,FSA coordinate is 61.4m from the accepted pin; informational only because the FSA geocode may be approximate
v-f125c679-7d63-5918-bbeb-542436703866,Horse and Jockey,Congerstone,CV13 6LY,2,ambiguous_or_missing_coordinates,existing_evidence_needs_corroboration,2026-10-09,False,,FSA comparison is inconclusive; absence of a match does not contradict accepted evidence
v-a08db6fd-59a5-51ea-84e3-7c9f4ca95768,Hotel Mount Batten,"Mount Batten, Turnchapel",PL9 9SJ,2,coordinate_disagreement,existing_evidence_needs_corroboration,2026-10-09,False,,FSA coordinate is 272.9m from the accepted pin; informational only because the FSA geocode may be approximate
v-db9df189-c856-5dc4-916d-8c83c4c56001,Hourglass,Hilton,DE65 5GP,2,no_name_match,existing_evidence_needs_corroboration,2026-10-09,False,,FSA comparison is inconclusive; absence of a match does not contradict accepted evidence
v-35854177-dcea-5a78-88ed-b35277ce9ee9,Hug and Heave,Ashbourne,DE6 1GP,2,coordinate_disagreement,existing_evidence_needs_corroboration,2026-10-09,False,,FSA coordinate is 55.2m from the accepted pin; informational only because the FSA geocode may be approximate
v-2aef880b-a959-5ffb-83cc-e930ecc4b567,Hunters Arms,Kilburn,DE56 0LU,2,nearby,existing_evidence_needs_corroboration,2026-10-09,False,,FSA coordinate is 25-50m away; informational only
v-bac691a4-12f5-5bf0-86fc-091c00c95720,Hunting Lodge,Monkseaton,NE25 9SX,2,coordinate_disagreement,existing_evidence_needs_corroboration,2026-10-09,False,,FSA coordinate is 331.2m from the accepted pin; informational only because the FSA geocode may be approximate
v-f255d139-c9b9-53fa-9237-07ec27a1de5b,Iford Bridge,Bournemouth: Iford,BH6 5RG,2,ambiguous_or_missing_coordinates,existing_evidence_needs_corroboration,2026-10-09,False,,FSA comparison is inconclusive; absence of a match does not contradict accepted evidence
v-6e62d9c7-aa04-5175-9a9e-cbaebb8bd359,Ivanhoe Social Club (PMC),Ashby-de-la-Zouch,LE65 2GW,2,coordinate_disagreement,existing_evidence_needs_corroboration,2026-10-09,False,,FSA coordinate is 72.2m from the accepted pin; informational only because the FSA geocode may be approximate
v-4fdbbe30-ceca-579f-be80-35ec84942cdf,Ivy,Wragby,LN8 5QU,2,coordinate_disagreement,existing_evidence_needs_corroboration,2026-10-09,False,,FSA coordinate is 75.3m from the accepted pin; informational only because the FSA geocode may be approximate
v-77fe1223-0617-5e9e-8d73-cfa8e4dd14bf,Jack Rabbit,Derriford,PL6 8BD,2,no_name_match,existing_evidence_needs_corroboration,2026-10-09,False,,FSA comparison is inconclusive; absence of a match does not contradict accepted evidence
v-94f8ab82-2c06-58c9-8f82-839909efc207,Jackalope,Fitzrovia W1G,W1G 7EQ,2,no_name_match,existing_evidence_needs_corroboration,2026-10-09,False,,FSA comparison is inconclusive; absence of a match does not contradict accepted evidence
v-a3668b7e-12cf-5f6b-861c-0e1de6581049,John Marston,Stoke: Blurton,ST3 2NQ,2,coordinate_disagreement,existing_evidence_needs_corroboration,2026-10-09,False,,FSA coordinate is 97.3m from the accepted pin; informational only because the FSA geocode may be approximate
v-05f27f28-8a8a-5653-83c7-15e3cf7bc2e1,John Thompson Inn,Ingleby,DE73 7HW,2,ambiguous_or_missing_coordinates,existing_evidence_needs_corroboration,2026-10-09,False,,FSA comparison is inconclusive; absence of a match does not contradict accepted evidence
v-2abc78f4-7c0d-5feb-8dd8-ef8f90debc69,Kenilworth,Edinburgh: Central,EH2 3JD,2,nearby,existing_evidence_needs_corroboration,2026-10-09,False,,FSA coordinate is 25-50m away; informational only
v-625904d7-3e3b-5a6a-9a7d-2e641b8f5a42,Kenilworth Sporting Ground,Kenilworth,CV8 1FA,2,no_name_match,existing_evidence_needs_corroboration,2026-10-09,False,,FSA comparison is inconclusive; absence of a match does not contradict accepted evidence
v-49e5bab4-0603-5ddd-940c-69508f07866c,Ketton Ox,Yarm,TS15 9AU,2,coordinate_disagreement,existing_evidence_needs_corroboration,2026-10-09,False,,FSA coordinate is 66.9m from the accepted pin; informational only because the FSA geocode may be approximate
v-72ccc6ea-0b34-5d9c-a77b-32fbea62b16e,Kilverts,Hay on Wye,HR3 5AG,2,nearby,existing_evidence_needs_corroboration,2026-10-09,False,,FSA coordinate is 25-50m away; informational only
v-a85befda-a05a-5b5a-b360-5ee70601ef2d,King Charles,Poole,BH15 1JN,2,no_name_match,existing_evidence_needs_corroboration,2026-10-09,False,,FSA comparison is inconclusive; absence of a match does not contradict accepted evidence
v-3baeda2d-b302-56ba-8aee-917c716c81db,King Lud,Ryde,PO33 2DY,2,nearby,existing_evidence_needs_corroboration,2026-10-09,False,,FSA coordinate is 25-50m away; informational only
v-4ed42a9e-8002-5a1a-88c2-89b1286f6f33,King William,Milford,DE56 0RR,2,coordinate_disagreement,existing_evidence_needs_corroboration,2026-10-09,False,,FSA coordinate is 52.1m from the accepted pin; informational only because the FSA geocode may be approximate
v-56d162bc-5e13-58fa-9aec-a23ab8871ab2,King William IV,Hallen,BS10 7RZ,2,coordinate_disagreement,existing_evidence_needs_corroboration,2026-10-09,False,,FSA coordinate is 143.5m from the accepted pin; informational only because the FSA geocode may be approximate
v-ec830769-d697-5d2b-b7e2-fa7d7a2ab82e,King and Castle,Kidderminster,DY10 1QX,2,no_name_match,existing_evidence_needs_corroboration,2026-10-09,False,,FSA comparison is inconclusive; absence of a match does not contradict accepted evidence
v-983df26e-5c06-5f8b-99d6-7a2f61bf9029,Kings Arms,Brighton,BN2 1RJ,2,coordinate_disagreement,existing_evidence_needs_corroboration,2026-10-09,False,,FSA coordinate is 67.4m from the accepted pin; informational only because the FSA geocode may be approximate
v-440ca4d2-973b-5646-9501-536f739eb035,Kings Head,Sutton Bonington,LE12 5PE,2,coordinate_disagreement,existing_evidence_needs_corroboration,2026-10-09,False,,FSA coordinate is 321.2m from the accepted pin; informational only because the FSA geocode may be approximate
v-5bed8554-b468-584d-aa2f-e7ab466f2320,Kings Head,Duffield,DE56 4EH,2,coordinate_disagreement,existing_evidence_needs_corroboration,2026-10-09,False,,FSA coordinate is 94.5m from the accepted pin; informational only because the FSA geocode may be approximate
v-61ef0fd9-e848-5ed0-a6ab-0d77481ac2f5,Kings Head (Scrimmies),Stoke: Smallthorne,ST6 1NT,2,no_name_match,existing_evidence_needs_corroboration,2026-10-09,False,,FSA comparison is inconclusive; absence of a match does not contradict accepted evidence
v-82d27ed9-bb32-515b-a67d-b4ddfc98eb6c,Labour Club (PMC),Kidsgrove,ST7 4AB,2,no_name_match,existing_evidence_needs_corroboration,2026-10-09,False,,FSA comparison is inconclusive; absence of a match does not contradict accepted evidence
v-135ca874-2542-5da4-a0b9-7c783ceb513e,Ladybrook,Bramhall,SK7 2NP,2,coordinate_disagreement,existing_evidence_needs_corroboration,2026-10-09,False,,FSA coordinate is 55.4m from the accepted pin; informational only because the FSA geocode may be approximate
v-fd97cf72-faf0-54aa-bce6-e9fd40262cc0,Lancaster Inn,Woodhall Spa,LN10 6ST,2,no_name_match,existing_evidence_needs_corroboration,2026-10-09,False,,FSA comparison is inconclusive; absence of a match does not contradict accepted evidence
v-d53ed861-78a3-55b6-8298-dc271b602e13,Leek Golf Club,Leek,ST13 5RE,2,coordinate_disagreement,existing_evidence_needs_corroboration,2026-10-09,False,,FSA coordinate is 264.2m from the accepted pin; informational only because the FSA geocode may be approximate
v-2674af55-eb10-5ee5-bac1-3c7bf1bf37ac,Leopard,Tutbury,DE13 9NA,2,no_name_match,existing_evidence_needs_corroboration,2026-10-09,False,,FSA comparison is inconclusive; absence of a match does not contradict accepted evidence
v-9174bee8-338b-54f6-9f95-2f7be830455b,Liberal Club (PMC),Derby: Spondon,DE21 7EA,2,no_name_match,existing_evidence_needs_corroboration,2026-10-09,False,,FSA comparison is inconclusive; absence of a match does not contradict accepted evidence
v-fb706a32-15b9-5843-85a5-c89d47678ba3,Lichfield Vaults,Hereford,HR1 2LR,2,nearby,existing_evidence_needs_corroboration,2026-10-09,False,,FSA coordinate is 25-50m away; informational only
v-32beb565-ed3a-5330-a1c1-23421ac706ac,Lime Kiln,Wirksworth,DE4 4FR,2,coordinate_disagreement,existing_evidence_needs_corroboration,2026-10-09,False,,FSA coordinate is 511.7m from the accepted pin; informational only because the FSA geocode may be approximate
v-7860bb0f-0624-57b4-b298-427b0b8e62fb,Lion,Nottingham: New Basford,NG7 7FQ,2,coordinate_disagreement,existing_evidence_needs_corroboration,2026-10-09,False,,FSA coordinate is 104.1m from the accepted pin; informational only because the FSA geocode may be approximate
v-e8a2925c-001e-5327-a06c-3fb2aebeaccc,Little Angel,Whitby,YO21 3BA,2,ambiguous_or_missing_coordinates,existing_evidence_needs_corroboration,2026-10-09,False,,FSA comparison is inconclusive; absence of a match does not contradict accepted evidence
v-9e80fe9d-739c-5f2a-b74c-de930970278d,Liverpool Arms,Conwy,LL32 8BE,2,ambiguous_or_missing_coordinates,existing_evidence_needs_corroboration,2026-10-09,False,,FSA comparison is inconclusive; absence of a match does not contradict accepted evidence
v-0fdce0e7-a3db-5be3-a64c-3a805a0b1781,Llanover Arms,Pontypridd,CF37 4PE,2,no_name_match,existing_evidence_needs_corroboration,2026-10-09,False,,FSA comparison is inconclusive; absence of a match does not contradict accepted evidence
v-0d2ba138-4392-55a3-9048-fe1b9734be97,Loaf and Cheese,Burton U-T: Central,DE14 2NF,2,no_name_match,existing_evidence_needs_corroboration,2026-10-09,False,,FSA comparison is inconclusive; absence of a match does not contradict accepted evidence
v-746b8c68-94ab-58c0-ae78-077c2838325c,Lodge Inn,Alsager,ST7 2JA,2,no_name_match,existing_evidence_needs_corroboration,2026-10-09,False,,FSA comparison is inconclusive; absence of a match does not contradict accepted evidence
v-2bfd2ac9-568a-57eb-91fe-78a3733c7d10,Long Hop,Burton U-T: Central,DE14 3RW,2,nearby,existing_evidence_needs_corroboration,2026-10-09,False,,FSA coordinate is 25-50m away; informational only
v-bfceb8b1-0bb7-526d-88b0-1558ef59d1a5,Lord Nelson,Ansley,CV10 9PQ,2,ambiguous_or_missing_coordinates,existing_evidence_needs_corroboration,2026-10-09,False,,FSA comparison is inconclusive; absence of a match does not contradict accepted evidence
v-29b2e012-3dd1-5c37-9fc8-6aeb4e959d04,Lost Pug,North End,CV47 2TJ,2,nearby,existing_evidence_needs_corroboration,2026-10-09,False,,FSA coordinate is 25-50m away; informational only
v-f623e1b4-d7a1-5672-901f-d563b06ec0c7,Low Lights Tavern,North Shields,NE30 1LL,2,ambiguous_or_missing_coordinates,existing_evidence_needs_corroboration,2026-10-09,False,,FSA comparison is inconclusive; absence of a match does not contradict accepted evidence
v-d8070a01-ac91-5ded-a8a4-899851cf5c2b,Lyppard Grange,Worcester: Lyppard Grange,WR4 0DZ,2,coordinate_disagreement,existing_evidence_needs_corroboration,2026-10-09,False,,FSA coordinate is 52.4m from the accepted pin; informational only because the FSA geocode may be approximate
v-99323f9b-d7d1-52dd-983f-88664b7f99b0,Lyric,Soho W1D,W1D 7LT,2,no_name_match,existing_evidence_needs_corroboration,2026-10-09,False,,FSA comparison is inconclusive; absence of a match does not contradict accepted evidence
v-1eeb9ca3-ff17-56b1-8201-b90e0123d8d2,Lytham Cricket Sports Club (PMC),Lytham St Annes,FY8 5QD,2,no_name_match,existing_evidence_needs_corroboration,2026-10-09,False,,FSA comparison is inconclusive; absence of a match does not contradict accepted evidence
v-09a66ddd-fb90-590c-87ed-b8c57b96ff41,Mall Tavern,Kensington W8,W8 4RU,2,nearby,existing_evidence_needs_corroboration,2026-10-09,False,,FSA coordinate is 25-50m away; informational only
v-c593e9bc-9520-503e-8267-a8896f8d375e,Malt,Aston on Trent,DE72 2AA,2,ambiguous_or_missing_coordinates,owner_reviewed,2026-10-09,False,,FSA comparison is inconclusive; absence of a match does not contradict accepted evidence
v-bce902a8-ea2b-5c24-86c9-3c7c4f5dd04f,Malt Shovel,Northampton,NN1 1QF,2,coordinate_disagreement,existing_evidence_needs_corroboration,2026-10-09,False,,FSA coordinate is 78.4m from the accepted pin; informational only because the FSA geocode may be approximate
v-efaae2bc-47a6-51d0-b153-1da28cc90bc9,Malt Shovel,Chorley,WS13 8DD,2,coordinate_disagreement,existing_evidence_needs_corroboration,2026-10-09,False,,FSA coordinate is 57.1m from the accepted pin; informational only because the FSA geocode may be approximate
v-93cef072-fe89-5716-82cc-0382b3448476,Manifold Inn,Hulme End,SK17 0EX,2,coordinate_disagreement,existing_evidence_needs_corroboration,2026-10-09,False,,FSA coordinate is 78.8m from the accepted pin; informational only because the FSA geocode may be approximate
v-a19b34aa-f6de-58c5-8c27-314b8d16cf69,Manor House,Quorn,LE12 8AL,2,coordinate_disagreement,existing_evidence_needs_corroboration,2026-10-09,False,,FSA coordinate is 493.4m from the accepted pin; informational only because the FSA geocode may be approximate
v-b1ee95d8-6701-52cf-a09e-1ea203037288,Marine,South Shields,NE33 2JQ,2,no_name_match,existing_evidence_needs_corroboration,2026-10-09,False,,FSA comparison is inconclusive; absence of a match does not contradict accepted evidence
v-73be82e0-fefe-5a10-8477-292bbe39ae23,Market Inn,Sutton in Ashfield: Huthwaite,NG17 2QW,2,nearby,existing_evidence_needs_corroboration,2026-10-09,False,,FSA coordinate is 25-50m away; informational only
v-d5b15256-e5b1-54a6-a3ec-0f839d4d90ff,Marquis of Ormonde,Crosshill,DE5 9SP,2,no_name_match,owner_reviewed,2026-10-09,False,,FSA comparison is inconclusive; absence of a match does not contradict accepted evidence
v-266abb0a-a295-51bf-a246-e258c7af258a,Martins Arms,Colston Bassett,NG12 3FD,2,nearby,existing_evidence_needs_corroboration,2026-10-09,False,,FSA coordinate is 25-50m away; informational only
v-4ca243c1-108e-5609-bd3d-398ac80611b4,Meynell Ingram Arms,Hoar Cross,DE13 8RB,2,coordinate_disagreement,existing_evidence_needs_corroboration,2026-10-09,False,,FSA coordinate is 307.1m from the accepted pin; informational only because the FSA geocode may be approximate
v-d1ebb606-4099-5e4d-806d-00b3e462178e,Mickleover Golf Club,Mickleover,DE3 9AD,2,no_name_match,existing_evidence_needs_corroboration,2026-10-09,False,,FSA comparison is inconclusive; absence of a match does not contradict accepted evidence
v-a748dc26-69b2-5934-9c3d-903dac12e2a5,Midland Band Social Club,Kettering,NN16 9RG,2,no_name_match,existing_evidence_needs_corroboration,2026-10-09,False,,FSA comparison is inconclusive; absence of a match does not contradict accepted evidence
v-166e22b5-0dd9-5054-8886-250d96144750,Milford Sunshine Social Club (PMC),Milford,DE56 0QH,2,no_name_match,existing_evidence_needs_corroboration,2026-10-09,False,,FSA comparison is inconclusive; absence of a match does not contradict accepted evidence
v-dccf5b1d-e34e-5468-b42c-d448fdde6136,Mill Wheel,Hartshorne,DE11 7AS,2,no_name_match,existing_evidence_needs_corroboration,2026-10-09,False,,FSA comparison is inconclusive; absence of a match does not contradict accepted evidence
v-ef6aa3dd-9c71-5717-9c88-e6a9eb1db51c,Millstone,Newcastle: South Gosforth,NE3 1QL,2,nearby,existing_evidence_needs_corroboration,2026-10-09,False,,FSA coordinate is 25-50m away; informational only
v-c9e57995-7d4b-54cf-85cb-b33ed0c80abc,Miners Arms,Nuneaton: Whittleford,CV10 9HU,2,nearby,existing_evidence_needs_corroboration,2026-10-09,False,,FSA coordinate is 25-50m away; informational only
v-6d80852f-ae91-5cd5-b2f0-5d93e9943bb2,Monks Bridge,Stretton,DE13 0HE,2,coordinate_disagreement,existing_evidence_needs_corroboration,2026-10-09,False,,FSA coordinate is 131.7m from the accepted pin; informational only because the FSA geocode may be approximate
v-05f63181-ba5a-5063-9c9f-09ede7663351,Monro,Liverpool: Central,L1 5AG,2,coordinate_disagreement,existing_evidence_needs_corroboration,2026-10-09,False,,FSA coordinate is 57.2m from the accepted pin; informational only because the FSA geocode may be approximate
v-cf110ae0-37fc-53e6-be10-2dc88ab3932c,Moorland Inn,Stoke: Burslem,ST6 1JP,2,nearby,existing_evidence_needs_corroboration,2026-10-09,False,,FSA coordinate is 25-50m away; informational only
v-321e705c-fdd1-5270-90ca-c39a73cd374a,Mount Inn,Llanidloes,SY18 6AB,2,no_name_match,existing_evidence_needs_corroboration,2026-10-09,False,,FSA comparison is inconclusive; absence of a match does not contradict accepted evidence
v-68d9eea7-9a49-525a-942f-1ae1c09e9057,Mushroom Hall,Albert Village,DE11 8EN,2,coordinate_disagreement,existing_evidence_needs_corroboration,2026-10-09,False,,FSA coordinate is 216.5m from the accepted pin; informational only because the FSA geocode may be approximate
v-0708e496-253a-5e03-bd2f-6168fbb27ee7,Nags Head,East Leake,LE12 6PG,2,no_name_match,existing_evidence_needs_corroboration,2026-10-09,False,,FSA comparison is inconclusive; absence of a match does not contradict accepted evidence
v-0977d392-c24b-5079-bfce-4e3aca2dbbab,Nags Head,Keelby,DN41 8EF,2,no_name_match,existing_evidence_needs_corroboration,2026-10-09,False,,FSA comparison is inconclusive; absence of a match does not contradict accepted evidence
v-82f88f23-14c9-56fa-8746-d2ff8f254d42,Nags Head,Henley-in-Arden,B95 5BA,2,coordinate_disagreement,existing_evidence_needs_corroboration,2026-10-09,False,,FSA coordinate is 57.8m from the accepted pin; informational only because the FSA geocode may be approximate
v-6c917cb2-72fd-5558-990b-8541d91a74f4,Navigation,Burton U-T: Horninglow,DE14 2PT,2,coordinate_disagreement,existing_evidence_needs_corroboration,2026-10-09,False,,FSA coordinate is 140.8m from the accepted pin; informational only because the FSA geocode may be approximate
v-7c5832aa-d803-5bf0-811f-2fc6d351f330,Navigation,Newark,NG24 4TS,2,no_name_match,existing_evidence_needs_corroboration,2026-10-09,False,,FSA comparison is inconclusive; absence of a match does not contradict accepted evidence
v-9ee32030-d38f-51bb-94b7-64a11d601650,Needles,Derby: Alvaston,DE24 0UQ,2,coordinate_disagreement,existing_evidence_needs_corroboration,2026-10-09,False,,FSA coordinate is 129.6m from the accepted pin; informational only because the FSA geocode may be approximate
v-40fc3b82-12fd-5717-aa50-3bfcb637af43,New Inn,Alphington,EX2 8TA,2,coordinate_disagreement,existing_evidence_needs_corroboration,2026-10-09,False,,FSA coordinate is 63.3m from the accepted pin; informational only because the FSA geocode may be approximate
v-4288a224-ba85-52e6-9109-f4fcd9766a9a,New Inn,Peggs Green,LE67 8JE,2,no_name_match,existing_evidence_needs_corroboration,2026-10-09,False,,FSA comparison is inconclusive; absence of a match does not contradict accepted evidence
v-a77b7a83-4e63-5bea-9561-4e596c904bd9,New Inn,Witney,OX28 6AU,2,no_name_match,owner_reviewed,2026-10-09,False,,FSA comparison is inconclusive; absence of a match does not contradict accepted evidence
v-fa521ab0-a824-5979-9f85-b6ea884f185a,New Inn,Tywardreath,PL24 2QP,2,nearby,existing_evidence_needs_corroboration,2026-10-09,False,,FSA coordinate is 25-50m away; informational only
v-0342b90c-d4c1-5faf-996a-58dc2512e334,New Pin,Chellaston,DE73 5UA,2,ambiguous_or_missing_coordinates,existing_evidence_needs_corroboration,2026-10-09,False,,FSA comparison is inconclusive; absence of a match does not contradict accepted evidence
v-6e6a3ef8-0baa-5d53-927c-a5d1b1044c85,New Storey,Osgathorpe,LE12 9TA,2,coordinate_disagreement,existing_evidence_needs_corroboration,2026-10-09,False,,FSA coordinate is 81.5m from the accepted pin; informational only because the FSA geocode may be approximate
v-df417cf2-1194-5613-8414-8dbc8b7760e4,Newcastle Town FC (PMC),Newcastle-U-L: Central,ST5 3BX,2,no_name_match,existing_evidence_needs_corroboration,2026-10-09,False,,FSA comparison is inconclusive; absence of a match does not contradict accepted evidence
v-88baf1bf-439e-5f70-9c45-1cacab7a6c20,No 1 Pub,Cleethorpes,DN35 8AX,2,coordinate_disagreement,existing_evidence_needs_corroboration,2026-10-09,False,,FSA coordinate is 87.7m from the accepted pin; informational only because the FSA geocode may be approximate
v-74dbf71c-c14e-5864-b00a-8517cff77270,Norman Arms,Derby: Normanton,DE23 8DF,2,coordinate_disagreement,existing_evidence_needs_corroboration,2026-10-09,False,,FSA coordinate is 102.2m from the accepted pin; informational only because the FSA geocode may be approximate
v-687a0434-26b7-5b35-b774-ef8e42d70b8a,Nova Scotia,Bristol: Cumberland Basin,BS1 6XJ,2,no_name_match,existing_evidence_needs_corroboration,2026-10-09,False,,FSA comparison is inconclusive; absence of a match does not contradict accepted evidence
v-30bde428-0b9d-560f-b64b-cc5d7f621110,Oak and Acorn,Derby: Oakwood,DE21 2HT,2,coordinate_disagreement,existing_evidence_needs_corroboration,2026-10-09,False,,FSA coordinate is 119.4m from the accepted pin; informational only because the FSA geocode may be approximate
v-539bf7df-26bd-5550-a414-a2b92947c993,Oat,Little Bowden,LE16 8AN,2,no_name_match,existing_evidence_needs_corroboration,2026-10-09,False,,FSA comparison is inconclusive; absence of a match does not contradict accepted evidence
v-7bc1560c-56a6-5502-abc7-837eac873a9f,Old Bell Hotel,Derby: Central,DE1 3NQ,2,nearby,existing_evidence_needs_corroboration,2026-10-09,False,,FSA coordinate is 25-50m away; informational only
v-3523bd42-6eb0-59b6-8911-30887c06db82,Old Bulls Head,Woodhouse Eaves,LE12 8RZ,2,coordinate_disagreement,existing_evidence_needs_corroboration,2026-10-09,False,,FSA coordinate is 336.1m from the accepted pin; informational only because the FSA geocode may be approximate
v-2dc8cf4e-3a7e-5a08-b3da-10bfb7180ca5,Old Crown,Shardlow,DE72 2HL,2,coordinate_disagreement,existing_evidence_needs_corroboration,2026-10-09,False,,FSA coordinate is 206.4m from the accepted pin; informational only because the FSA geocode may be approximate
v-14061bf4-822e-5fad-af95-e998a3002dba,Old Down Inn,Emborough,BA3 4SA,2,ambiguous_or_missing_coordinates,existing_evidence_needs_corroboration,2026-10-09,False,,FSA comparison is inconclusive; absence of a match does not contradict accepted evidence
v-06881285-f96c-5a29-8e8a-360e1849ab6f,Old Horse,Leicester: Central,LE2 1NE,2,no_name_match,existing_evidence_needs_corroboration,2026-10-09,False,,FSA comparison is inconclusive; absence of a match does not contradict accepted evidence
v-265dae46-affd-5062-a6b2-36f4d4418190,Old Inn,Littlethorpe,LE19 2HX,2,nearby,existing_evidence_needs_corroboration,2026-10-09,False,,FSA coordinate is 25-50m away; informational only
v-9c760e20-4078-55f6-b4c4-84dd7452638a,Old Kings Head,Belper: Central,DE56 1NP,2,nearby,existing_evidence_needs_corroboration,2026-10-09,False,,FSA coordinate is 25-50m away; informational only
v-af9b1483-3f9b-5b3f-bc8d-248d7927867f,Old Red Lion,Holmes Chapel,CW4 7AQ,2,ambiguous_or_missing_coordinates,owner_reviewed,2026-10-09,False,,FSA comparison is inconclusive; absence of a match does not contradict accepted evidence
v-b14c46ca-8a21-58ee-a8ef-19a530de2799,Old Red Lion,Litchborough,NN12 8JF,2,coordinate_disagreement,existing_evidence_needs_corroboration,2026-10-09,False,,FSA coordinate is 231.8m from the accepted pin; informational only because the FSA geocode may be approximate
v-d5a95fe5-2d9e-5854-9a27-0fda70c5267a,Old Red Lion,Ipstones,ST10 2NA,2,coordinate_disagreement,existing_evidence_needs_corroboration,2026-10-09,False,,FSA coordinate is 568.7m from the accepted pin; informational only because the FSA geocode may be approximate
v-74a76e82-4629-55f7-b0ac-197b65313a3b,Old Rose and Crown,Stourport,DY13 9PA,2,coordinate_disagreement,existing_evidence_needs_corroboration,2026-10-09,False,,FSA coordinate is 209.6m from the accepted pin; informational only because the FSA geocode may be approximate
v-f90e3da4-255e-50fc-a106-e7eed9b5bae4,Old Smugglers Inn,"St Brelade, Jersey",JE3 8AW,2,no_name_match,existing_evidence_needs_corroboration,2026-10-09,False,,FSA comparison is inconclusive; absence of a match does not contradict accepted evidence
v-f418e771-24bc-5543-a2b6-1293dbce7ce8,Old Star,Uttoxeter,ST14 8HJ,2,coordinate_disagreement,existing_evidence_needs_corroboration,2026-10-09,False,,FSA coordinate is 56.5m from the accepted pin; informational only because the FSA geocode may be approximate
v-e1529c31-a528-53b2-a01e-e18c1fb2a58e,Olde Royal Oak,Burton U-T: Central,DE14 1HA,2,no_name_match,existing_evidence_needs_corroboration,2026-10-09,False,,FSA comparison is inconclusive; absence of a match does not contradict accepted evidence
v-1488af46-baed-520b-89f3-b68543720635,Palmerston Arms,Peterborough,PE2 9PA,2,coordinate_disagreement,existing_evidence_needs_corroboration,2026-10-09,False,,FSA coordinate is 96.8m from the accepted pin; informational only because the FSA geocode may be approximate
v-ee8c2a42-5592-5cd7-b8b0-cf83d1433ecd,Pavilion,Ashbourne,DE6 1EJ,2,no_name_match,existing_evidence_needs_corroboration,2026-10-09,False,,FSA comparison is inconclusive; absence of a match does not contradict accepted evidence
v-81b22492-143c-5193-98ab-361b21915dbb,Peacock Inn,Loughborough,LE11 1AL,2,nearby,existing_evidence_needs_corroboration,2026-10-09,False,,FSA coordinate is 25-50m away; informational only
v-953856c6-66a8-5c4c-bdb1-a826dfd578a7,Peacock Inn,Derby: Central,DE1 3QS,2,no_name_match,existing_evidence_needs_corroboration,2026-10-09,False,,FSA comparison is inconclusive; absence of a match does not contradict accepted evidence
v-9530734d-95e2-5236-9ff9-1abe95990a64,Pembroke,Portsmouth,PO1 2NR,2,nearby,existing_evidence_needs_corroboration,2026-10-09,False,,FSA coordinate is 25-50m away; informational only
v-00a08839-2b8a-5782-b6c7-0bdce4cddb2f,Pestle and Mortar,Hinckley,LE10 1DA,2,coordinate_disagreement,existing_evidence_needs_corroboration,2026-10-10,False,,FSA coordinate is 99.1m from the accepted pin; informational only because the FSA geocode may be approximate
v-00e4f998-bbbf-5827-9a65-ffbc37655195,Pig and Pump,Chesterfield: Central,S41 7TJ,2,coordinate_disagreement,existing_evidence_needs_corroboration,2026-10-10,False,,FSA coordinate is 53.2m from the accepted pin; informational only because the FSA geocode may be approximate
v-8568c5e5-73b5-586a-bda1-0d7da959896b,Pit,Newstead,NG15 0BU,2,no_name_match,existing_evidence_needs_corroboration,2026-10-09,False,,FSA comparison is inconclusive; absence of a match does not contradict accepted evidence
v-155ff10f-4111-5b96-975b-cf3c9827be4a,Plough,Bedworth Heath,CV12 0LG,2,coordinate_disagreement,existing_evidence_needs_corroboration,2026-10-09,False,,FSA coordinate is 83.6m from the accepted pin; informational only because the FSA geocode may be approximate
v-178e9924-7d6e-5be4-a7f6-8602ed509683,Plough,Diseworth,DE74 2QJ,2,coordinate_disagreement,existing_evidence_needs_corroboration,2026-10-09,False,,FSA coordinate is 133.3m from the accepted pin; informational only because the FSA geocode may be approximate
v-2464a15c-36d6-5352-a32a-fb781a6437e5,Plough,Wysall,NG12 5QQ,2,coordinate_disagreement,existing_evidence_needs_corroboration,2026-10-09,False,,FSA coordinate is 161.4m from the accepted pin; informational only because the FSA geocode may be approximate
v-54836fe6-8cdb-55fb-b63e-31051b80fc84,Plough,Kidsgrove,ST7 4EW,2,coordinate_disagreement,existing_evidence_needs_corroboration,2026-10-09,False,,FSA coordinate is 69.5m from the accepted pin; informational only because the FSA geocode may be approximate
v-9c371802-e429-545b-9a10-442578fd7672,Plough,Shustoke,B46 2AN,2,ambiguous_or_missing_coordinates,existing_evidence_needs_corroboration,2026-10-09,False,,FSA comparison is inconclusive; absence of a match does not contradict accepted evidence
v-e5f92e78-749b-524c-b4d7-5d92abab2099,Plough,Bruntingthorpe,LE17 5QE,2,nearby,existing_evidence_needs_corroboration,2026-10-09,False,,FSA coordinate is 25-50m away; informational only
v-13b39b8a-0c4b-5514-8c6a-8f4ceaf7dc89,Plough and Harrow,Fazeley,B78 3RF,2,coordinate_disagreement,existing_evidence_needs_corroboration,2026-10-09,False,,FSA coordinate is 321.0m from the accepted pin; informational only because the FSA geocode may be approximate
v-5c24d06c-1aa0-5399-826e-81bdc7e18289,Plum Pudding,Armitage,WS15 4AZ,2,coordinate_disagreement,existing_evidence_needs_corroboration,2026-10-09,False,,FSA coordinate is 364.2m from the accepted pin; informational only because the FSA geocode may be approximate
v-cbd5bf6c-bc9e-5dfb-9ecf-d81705270701,Post Office Tavern,Westbury on Trym,BS9 3AG,2,coordinate_disagreement,existing_evidence_needs_corroboration,2026-10-09,False,,FSA coordinate is 73.0m from the accepted pin; informational only because the FSA geocode may be approximate
v-e460c7f8-200d-5f04-9b30-42d13d7da123,Prince of Wales,Sheffield: Ecclesall Road,S11 9PH,2,nearby,existing_evidence_needs_corroboration,2026-10-09,False,,FSA coordinate is 25-50m away; informational only
v-1700cddf-e989-5ee9-be6f-6a249550e1bb,Quarry,Cullercoats,NE25 8PL,2,coordinate_disagreement,existing_evidence_needs_corroboration,2026-10-09,False,,FSA coordinate is 78.9m from the accepted pin; informational only because the FSA geocode may be approximate
v-67013296-99b4-57d1-ab62-78ed1bf2852a,Quarryman,Wirksworth,DE4 4ET,2,nearby,existing_evidence_needs_corroboration,2026-10-09,False,,FSA coordinate is 25-50m away; informational only
v-e615f8dc-310d-5594-8b9c-dd63c30bb7b3,Queens Arms,Bakewell,DE45 1DS,2,ambiguous_or_missing_coordinates,existing_evidence_needs_corroboration,2026-10-09,False,,FSA comparison is inconclusive; absence of a match does not contradict accepted evidence
v-5316e12a-1f17-58f9-b913-f5050c616ce5,Queens Head,Meriden,CV7 7JP,2,ambiguous_or_missing_coordinates,existing_evidence_needs_corroboration,2026-10-09,False,,FSA comparison is inconclusive; absence of a match does not contradict accepted evidence
v-82777cf0-8056-52f2-a4a8-5ddd173fcfac,Queens Head,Belton,LE12 9TP,2,nearby,existing_evidence_needs_corroboration,2026-10-09,False,,FSA coordinate is 25-50m away; informational only
v-cd0de5c3-353f-509e-9016-344a9d177fcf,Queens Head,Marlpool,DE75 7NJ,2,coordinate_disagreement,existing_evidence_needs_corroboration,2026-10-09,False,,FSA coordinate is 110.2m from the accepted pin; informational only because the FSA geocode may be approximate
v-14167d8a-1571-5e7b-b69d-8bdf89455ff5,Queens Head Hotel,Congleton,CW12 3DE,2,ambiguous_or_missing_coordinates,existing_evidence_needs_corroboration,2026-10-09,False,,FSA comparison is inconclusive; absence of a match does not contradict accepted evidence
v-b6c5ba97-eae0-51eb-92fe-7af9eba24354,Raddle,Hollington,ST10 4HQ,2,coordinate_disagreement,existing_evidence_needs_corroboration,2026-10-09,False,,FSA coordinate is 224.2m from the accepted pin; informational only because the FSA geocode may be approximate
v-19004299-a349-5ac8-8b9c-fc7322612211,Railway,Blackheath SE3,SE3 9LE,2,nearby,existing_evidence_needs_corroboration,2026-10-09,False,,FSA coordinate is 25-50m away; informational only
v-37ebcfb2-01d9-5d6e-9aa4-6409d19b6a39,Railway,Countesthorpe,LE8 5TD,2,no_name_match,existing_evidence_needs_corroboration,2026-10-09,False,,FSA comparison is inconclusive; absence of a match does not contradict accepted evidence
v-5484c00f-b349-5ea4-a378-8ab7b98cb386,Railway,Streatham SW16,SW16 5SD,2,ambiguous_or_missing_coordinates,existing_evidence_needs_corroboration,2026-10-09,False,,FSA comparison is inconclusive; absence of a match does not contradict accepted evidence
v-bdbe38ba-c071-5e80-aa38-d3fcba481aa7,Railway,Halmerend,ST7 8AG,2,no_name_match,owner_reviewed,2026-10-09,False,,FSA comparison is inconclusive; absence of a match does not contradict accepted evidence
v-308bea48-116e-53d7-92f0-61677bf4b4ce,Railway Inn,Thorpe on the Hill,LN6 9BS,2,coordinate_disagreement,existing_evidence_needs_corroboration,2026-10-09,False,,FSA coordinate is 171.6m from the accepted pin; informational only because the FSA geocode may be approximate
v-99376d26-255f-5a56-bf82-18e850c579ac,Railway Tavern,Ashby-de-la-Zouch,LE65 2PW,2,coordinate_disagreement,existing_evidence_needs_corroboration,2026-10-09,False,,FSA coordinate is 68.5m from the accepted pin; informational only because the FSA geocode may be approximate
v-02295f76-e15c-5dcf-9f3a-5a8b4db6a87b,Red Cow,Derby: Allestree,DE22 2DZ,2,coordinate_disagreement,existing_evidence_needs_corroboration,2026-10-10,False,,FSA coordinate is 68.9m from the accepted pin; informational only because the FSA geocode may be approximate
v-00f46ff0-cd76-5f7c-b0e3-a4a7c6c63099,Red Lion,Baddesley Ensor,CV9 2BT,2,ambiguous_or_missing_coordinates,existing_evidence_needs_corroboration,2026-10-10,False,,FSA comparison is inconclusive; absence of a match does not contradict accepted evidence
v-1bf34620-f64f-5271-9684-ae4b0c95b4f1,Red Lion,Kniveton,DE6 1JH,2,coordinate_disagreement,existing_evidence_needs_corroboration,2026-10-09,False,,FSA coordinate is 120.9m from the accepted pin; informational only because the FSA geocode may be approximate
v-1c5553ae-f896-5b2e-ae71-9e62972431bf,Red Lion,Broughton,DN20 0HY,2,coordinate_disagreement,existing_evidence_needs_corroboration,2026-10-09,False,,FSA coordinate is 55.8m from the accepted pin; informational only because the FSA geocode may be approximate
v-2147c2d1-f406-58f5-8226-6b32e965cdd5,Red Lion,Burbage,LE10 2EF,2,coordinate_disagreement,existing_evidence_needs_corroboration,2026-10-09,False,,FSA coordinate is 97.1m from the accepted pin; informational only because the FSA geocode may be approximate
v-22e13ff5-0d8e-59b6-853c-956c182fbb58,Red Lion,Thurgarton,NG14 7GP,2,ambiguous_or_missing_coordinates,existing_evidence_needs_corroboration,2026-10-09,False,,FSA comparison is inconclusive; absence of a match does not contradict accepted evidence
v-28d0235d-ecb7-5816-b179-4d818ffa6e28,Red Lion,Checkley,ST10 4NJ,2,ambiguous_or_missing_coordinates,existing_evidence_needs_corroboration,2026-10-09,False,,FSA comparison is inconclusive; absence of a match does not contradict accepted evidence
v-2a9c653c-1cca-55f6-8947-0798ff330a91,Red Lion,Matlock,DE4 3BT,2,nearby,existing_evidence_needs_corroboration,2026-10-09,False,,FSA coordinate is 25-50m away; informational only
v-2d8ce97a-2eba-59a3-a754-09e4143894b4,Red Lion,Cheswardine,TF9 2RS,2,no_name_match,owner_reviewed,2026-10-09,False,,FSA comparison is inconclusive; absence of a match does not contradict accepted evidence
v-3fdf96eb-2028-598b-86d5-17c5ab5252af,Red Lion,Hunningham,CV33 9DY,2,coordinate_disagreement,existing_evidence_needs_corroboration,2026-10-09,False,,FSA coordinate is 164.6m from the accepted pin; informational only because the FSA geocode may be approximate
v-790cd688-0b91-5adf-81cc-75528dd143fe,Red Lion,Boundary,ST10 2NU,2,coordinate_disagreement,existing_evidence_needs_corroboration,2026-10-09,False,,FSA coordinate is 901.7m from the accepted pin; informational only because the FSA geocode may be approximate
v-7f64dd0a-d18a-5285-83fe-52741ba89a21,Red Lion,Kegworth,DE74 2DA,2,nearby,existing_evidence_needs_corroboration,2026-10-09,False,,FSA coordinate is 25-50m away; informational only
v-a111281b-de4a-58bc-aa47-9714eaa46cc5,Red Lion,Stoke: Hartshill,ST4 6ES,2,coordinate_disagreement,existing_evidence_needs_corroboration,2026-10-09,False,,FSA coordinate is 81.3m from the accepted pin; informational only because the FSA geocode may be approximate
v-bd6c2b23-d51b-50bd-9f02-0fe7f42fd53a,Red Lion,Dayhills,ST15 8RU,2,coordinate_disagreement,existing_evidence_needs_corroboration,2026-10-09,False,,FSA coordinate is 406.7m from the accepted pin; informational only because the FSA geocode may be approximate
v-c62d2143-2a1f-54e0-a9f9-9ee5893a5d48,Red Lion,Newborough,DE13 8SH,2,coordinate_disagreement,existing_evidence_needs_corroboration,2026-10-09,False,,FSA coordinate is 167.2m from the accepted pin; informational only because the FSA geocode may be approximate
v-c9e11474-128f-555c-8988-f4002725ad26,Red Lion,Wellingore,LN5 0HW,2,nearby,existing_evidence_needs_corroboration,2026-10-09,False,,FSA coordinate is 25-50m away; informational only
v-fc84c170-1f47-59d9-b45d-97825e8b5016,Red Lion,Great Chatwell,TF10 9BJ,2,ambiguous_or_missing_coordinates,existing_evidence_needs_corroboration,2026-10-09,False,,FSA comparison is inconclusive; absence of a match does not contradict accepted evidence
v-399d86f9-f10f-51a5-aca2-2a7d139ed2ca,Red Monkey,Bristol: Redlands,BS6 6PF,2,no_name_match,existing_evidence_needs_corroboration,2026-10-09,False,,FSA comparison is inconclusive; absence of a match does not contradict accepted evidence
v-a9457b71-bc91-59ee-9b6e-ca029404fa05,Red Shed,Wakefield,WF1 1QX,2,no_name_match,existing_evidence_needs_corroboration,2026-10-09,False,,FSA comparison is inconclusive; absence of a match does not contradict accepted evidence
v-81b026f2-0fdf-5f62-a2b2-95e3e3cd9c14,Redemption Ale House,Heanor,DE75 7GE,2,coordinate_disagreement,existing_evidence_needs_corroboration,2026-10-09,False,,FSA coordinate is 91.7m from the accepted pin; informational only because the FSA geocode may be approximate
v-c9ab2529-04e8-5a66-a5bd-9280643cab45,Ring o Bells,Bath,BA2 4JT,2,no_name_match,existing_evidence_needs_corroboration,2026-10-09,False,,FSA comparison is inconclusive; absence of a match does not contradict accepted evidence
v-0d01d59b-c408-5111-b2be-e3764c7fa27d,Rising Sun,Bury St Edmunds,IP33 3AA,2,no_name_match,existing_evidence_needs_corroboration,2026-10-09,False,,FSA comparison is inconclusive; absence of a match does not contradict accepted evidence
v-1cd55db5-d1e4-547d-a5b5-0411990a6676,Rising Sun,Shackerstone,CV13 6NN,2,nearby,existing_evidence_needs_corroboration,2026-10-09,False,,FSA coordinate is 25-50m away; informational only
v-94bf26b6-c5ee-5cd7-a314-7bde4e022a94,Rising Sun,Middleton by Wirksworth,DE4 4LS,2,coordinate_disagreement,existing_evidence_needs_corroboration,2026-10-09,False,,FSA coordinate is 58.9m from the accepted pin; informational only because the FSA geocode may be approximate
v-912ad3bb-befd-535b-b0c3-30ad8236317c,Roaring Meg,Biddulph,ST8 7EA,2,nearby,existing_evidence_needs_corroboration,2026-10-09,False,,FSA coordinate is 25-50m away; informational only
v-12016874-b271-5032-9ed9-e7c2669740f3,Robin Hood,Swannington,LE67 8QQ,2,no_name_match,existing_evidence_needs_corroboration,2026-10-09,False,,FSA comparison is inconclusive; absence of a match does not contradict accepted evidence
v-84149bd1-cc27-59d6-9c95-6fc859cc80f8,Robin Hood,Amblecote,DY8 4EQ,2,coordinate_disagreement,existing_evidence_needs_corroboration,2026-10-09,False,,FSA coordinate is 54.2m from the accepted pin; informational only because the FSA geocode may be approximate
v-048cf24b-712c-540b-adf4-69019d361865,Roebuck,Silverdale,ST5 6JH,2,coordinate_disagreement,existing_evidence_needs_corroboration,2026-10-09,False,,FSA coordinate is 95.4m from the accepted pin; informational only because the FSA geocode may be approximate
v-69d2c947-bc3e-58da-9287-cd3fcb60250c,Roebuck,Newcastle-U-L: Silverdale,ST5 6JH,2,coordinate_disagreement,existing_evidence_needs_corroboration,2026-10-09,False,,FSA coordinate is 95.4m from the accepted pin; informational only because the FSA geocode may be approximate
v-a8833c54-70a1-55d7-a422-fe8f237b91d6,Roebuck,Burton U-T: Central,DE14 1BT,2,coordinate_disagreement,existing_evidence_needs_corroboration,2026-10-09,False,,FSA coordinate is 123.0m from the accepted pin; informational only because the FSA geocode may be approximate
v-b77e6566-4f76-5238-b933-edde55b6da8a,Roebuck Inn,Forsbrook,ST11 9BX,2,coordinate_disagreement,existing_evidence_needs_corroboration,2026-10-09,False,,FSA coordinate is 74.7m from the accepted pin; informational only because the FSA geocode may be approximate
v-d35d8f77-2bc8-5d3a-b905-abb1002b3494,Rose Inn,Baxterley,CV9 2LE,2,ambiguous_or_missing_coordinates,existing_evidence_needs_corroboration,2026-10-09,False,,FSA comparison is inconclusive; absence of a match does not contradict accepted evidence
v-0abe58cd-4094-5740-a354-9ecfe44df2bc,Rose and Crown,Scartho,DN33 2HR,2,nearby,existing_evidence_needs_corroboration,2026-10-09,False,,FSA coordinate is 25-50m away; informational only
v-22be00dc-148b-58ee-bdd5-b4bcfcc5ccca,Rose and Crown,Grimsby: Scartho,DN33 2HR,2,nearby,existing_evidence_needs_corroboration,2026-10-09,False,,FSA coordinate is 25-50m away; informational only
v-cdb2a668-ae06-569d-8e71-df37f469157f,Roston Inn,Roston,DE6 2EE,2,coordinate_disagreement,existing_evidence_needs_corroboration,2026-10-09,False,,FSA coordinate is 405.1m from the accepted pin; informational only because the FSA geocode may be approximate
v-bc43f548-fb67-5c9d-bf77-fe3ad6e512d9,Royal Air Forces Association (PMC),Yeadon,LS19 7NA,2,no_name_match,existing_evidence_needs_corroboration,2026-10-09,False,,FSA comparison is inconclusive; absence of a match does not contradict accepted evidence
v-72c779fa-81b2-55c0-af15-06c7b57722e7,Royal British Legion,Oadby,LE2 5QA,2,nearby,existing_evidence_needs_corroboration,2026-10-09,False,,FSA coordinate is 25-50m away; informational only
v-0bf6d728-dc07-530e-9784-fbd9a3bb00f0,Royal British Legion (PMC),Bristol: Whitchurch,BS14 0QF,2,coordinate_disagreement,owner_reviewed,2026-10-09,False,,FSA coordinate is 61.0m from the accepted pin; informational only because the FSA geocode may be approximate
v-2090a0d8-15ac-5a92-99c3-a342b10adef7,Royal Oak,Chesterfield: Central,S40 1PX,2,no_name_match,existing_evidence_needs_corroboration,2026-10-09,False,,FSA comparison is inconclusive; absence of a match does not contradict accepted evidence
v-3be6023a-044e-5730-941e-0a4fc3ec2e03,Royal Oak,Wolverhampton: Central,WV3 9PH,2,coordinate_disagreement,existing_evidence_needs_corroboration,2026-10-09,False,,FSA coordinate is 92.3m from the accepted pin; informational only because the FSA geocode may be approximate
v-8e55af13-80b2-59e1-89f0-e05961cb3ab0,Royal Oak,Nuneaton: Stockingford,CV10 7NQ,2,nearby,existing_evidence_needs_corroboration,2026-10-09,False,,FSA coordinate is 25-50m away; informational only
v-a481cb7b-0c34-54b2-a3a2-c28f20d017bf,Royal Oak,Ockbrook,DE72 3SE,2,nearby,existing_evidence_needs_corroboration,2026-10-09,False,,FSA coordinate is 25-50m away; informational only
v-af3b8421-13d9-59af-a20a-60d22faa409a,Royal Oak,Aubourn,LN5 9DT,2,coordinate_disagreement,existing_evidence_needs_corroboration,2026-10-09,False,,FSA coordinate is 105.6m from the accepted pin; informational only because the FSA geocode may be approximate
v-d5c918e1-5732-5fe7-b4d7-a5532b992d8e,Royal Oak,Radcliffe on Trent,NG12 2FD,2,coordinate_disagreement,existing_evidence_needs_corroboration,2026-10-09,False,,FSA coordinate is 100.7m from the accepted pin; informational only because the FSA geocode may be approximate
v-ea5559e6-e599-531a-9723-9c3975c92ee9,Royal Oak,Hurdlow,SK17 9QJ,2,coordinate_disagreement,existing_evidence_needs_corroboration,2026-10-09,False,,FSA coordinate is 82.1m from the accepted pin; informational only because the FSA geocode may be approximate
v-f2d26093-e5ae-5c53-b055-7cdbf64a45a7,Royal Oak,Little Cawthorpe,LN11 8LZ,2,coordinate_disagreement,existing_evidence_needs_corroboration,2026-10-09,False,,FSA coordinate is 151.1m from the accepted pin; informational only because the FSA geocode may be approximate
v-379ea64d-386c-5b45-be0f-561f501307aa,Royal Oak (The Tiddly),Ellerdine Heath,TF6 6RL,2,no_name_match,existing_evidence_needs_corroboration,2026-10-09,False,,FSA comparison is inconclusive; absence of a match does not contradict accepted evidence
v-3d5a1f1a-f4e1-5ac3-989d-37dd14f29688,Royal Standard,Blackheath SE3,SE3 7JQ,2,coordinate_disagreement,existing_evidence_needs_corroboration,2026-10-09,False,,FSA coordinate is 146.4m from the accepted pin; informational only because the FSA geocode may be approximate
v-d3dbdae2-caf5-55b6-98db-ed067364dbdc,Royal Standard,Derby: Central,DE1 2ED,2,coordinate_disagreement,existing_evidence_needs_corroboration,2026-10-09,False,,FSA coordinate is 71.7m from the accepted pin; informational only because the FSA geocode may be approximate
v-160fbb94-1552-5a9a-94ae-942b4861aa2b,Rushden Historic Transport Society,Rushden,NN10 0AW,2,no_name_match,existing_evidence_needs_corroboration,2026-10-09,False,,FSA comparison is inconclusive; absence of a match does not contradict accepted evidence
v-fc2c48c0-a296-51ac-b5db-89d187700d7d,Saddle Inn,Blackpool: Stanley Park,FY3 9PH,2,coordinate_disagreement,existing_evidence_needs_corroboration,2026-10-09,False,,FSA coordinate is 129.8m from the accepted pin; informational only because the FSA geocode may be approximate
v-9a0a4f15-46c5-5f11-a8a9-abdd316c7f45,Salutation,Chapel End,CV10 0PB,2,nearby,existing_evidence_needs_corroboration,2026-10-09,False,,FSA coordinate is 25-50m away; informational only
v-a5a2f5c0-3c2d-501e-941c-ef2d2ecf23ce,Salutation,Tynemouth,NE30 4BT,2,no_name_match,existing_evidence_needs_corroboration,2026-10-09,False,,FSA comparison is inconclusive; absence of a match does not contradict accepted evidence
v-415bf6f0-040f-527c-b702-f49301dba957,Sandringham,Bristol: Brislington,BS4 3PE,2,nearby,existing_evidence_needs_corroboration,2026-10-09,False,,FSA coordinate is 25-50m away; informational only
v-a2773d06-ab00-5df7-97fa-8c293478e218,Seven Stars,Derby: Central,DE1 3EE,2,coordinate_disagreement,existing_evidence_needs_corroboration,2026-10-09,False,,FSA coordinate is 64.6m from the accepted pin; informational only because the FSA geocode may be approximate
v-e07e9d6f-d8ee-506b-bcd7-f8379224bc4e,Shakespeare (Summer Row),Birmingham: Central,B3 1JJ,2,no_name_match,existing_evidence_needs_corroboration,2026-10-09,False,,FSA comparison is inconclusive; absence of a match does not contradict accepted evidence
v-6512be82-eaf9-5497-a883-facd3ddd1b60,Ship,Monument EC3V,EC3V 0BP,2,no_name_match,existing_evidence_needs_corroboration,2026-10-09,False,,FSA comparison is inconclusive; absence of a match does not contradict accepted evidence
v-5193fa87-1714-5340-9cd7-5f5f2eb6c9f5,Ship Inn,Portishead,BS20 8JT,2,no_name_match,existing_evidence_needs_corroboration,2026-10-09,False,,FSA comparison is inconclusive; absence of a match does not contradict accepted evidence
v-db632ec8-4b2f-5b93-8f58-9ce371439095,Ship Inn,Red Wharf Bay,LL75 8RJ,2,coordinate_disagreement,existing_evidence_needs_corroboration,2026-10-09,False,,FSA coordinate is 128.9m from the accepted pin; informational only because the FSA geocode may be approximate
v-0ce3e50d-74cd-57eb-9f44-9c7e9fb7d6bd,Shoulder of Mutton,Foxton,LE16 7RB,2,ambiguous_or_missing_coordinates,existing_evidence_needs_corroboration,2026-10-09,False,,FSA comparison is inconclusive; absence of a match does not contradict accepted evidence
v-12e7c15f-af85-5060-a657-046b316d29a0,Shoulder of Mutton,Osmaston,DE6 1LW,2,nearby,existing_evidence_needs_corroboration,2026-10-09,False,,FSA coordinate is 25-50m away; informational only
v-8b99896d-af7b-5f1d-a6aa-6abc98b1ae60,Shoulder of Mutton,Barton-under-Needwood,DE13 8AA,2,coordinate_disagreement,existing_evidence_needs_corroboration,2026-10-09,False,,FSA coordinate is 154.5m from the accepted pin; informational only because the FSA geocode may be approximate
v-5eda5e46-fd51-5817-8c8a-e84af5b159a6,Shrewsbury Arms,Kingstone,ST14 8QH,2,no_name_match,existing_evidence_needs_corroboration,2026-10-09,False,,FSA comparison is inconclusive; absence of a match does not contradict accepted evidence
v-60bf53be-fa5d-5d1d-8312-0e242acae533,Signal Box,Cleethorpes,DN35 0AG,2,coordinate_disagreement,existing_evidence_needs_corroboration,2026-10-09,False,,FSA coordinate is 961.5m from the accepted pin; informational only because the FSA geocode may be approximate
v-eea3abfd-0bbc-5138-8def-dfc09a6bb22f,Silloth On Solway Golf Club (PMC),Silloth,CA7 4BL,2,no_name_match,existing_evidence_needs_corroboration,2026-10-09,False,,FSA comparison is inconclusive; absence of a match does not contradict accepted evidence
v-1554353b-6a48-561c-9f59-331364ce09dd,Social Club (PMC),Rolleston-on-Dove,DE13 9DN,2,no_name_match,existing_evidence_needs_corroboration,2026-10-09,False,,FSA comparison is inconclusive; absence of a match does not contradict accepted evidence
v-4cd9e602-4ee0-5b20-bb0a-2d2119a6cfab,Spotted Cow,Holbrook,DE56 0TA,2,coordinate_disagreement,existing_evidence_needs_corroboration,2026-10-09,False,,FSA coordinate is 54.6m from the accepted pin; informational only because the FSA geocode may be approximate
v-350a52f3-fe60-5df6-b4b6-291241b32b64,Spread Eagle,Rolleston-on-Dove,DE13 9BE,2,coordinate_disagreement,existing_evidence_needs_corroboration,2026-10-09,False,,FSA coordinate is 217.9m from the accepted pin; informational only because the FSA geocode may be approximate
v-a2347481-06cf-5c9d-ac04-9ed84eb52f17,Spread Eagle,Polesworth,B78 1DX,2,ambiguous_or_missing_coordinates,existing_evidence_needs_corroboration,2026-10-09,False,,FSA comparison is inconclusive; absence of a match does not contradict accepted evidence
v-be9dbe44-47a2-500f-9f21-4c931bc24d34,St John Inn,St John,PL11 3AW,2,no_name_match,existing_evidence_needs_corroboration,2026-10-09,False,,FSA comparison is inconclusive; absence of a match does not contradict accepted evidence
v-c56b8efe-2045-5f80-b918-bce5f4ec32c0,Stafford Arms,Bagnall,ST9 9JR,2,coordinate_disagreement,existing_evidence_needs_corroboration,2026-10-09,False,,FSA coordinate is 73.8m from the accepted pin; informational only because the FSA geocode may be approximate
v-15ca7fc6-6d97-5ffd-aa39-eec40b4d5a0e,Stag,Rotherham: Broom,S60 4JN,2,no_name_match,existing_evidence_needs_corroboration,2026-10-09,False,,FSA comparison is inconclusive; absence of a match does not contradict accepted evidence
v-4d22b50b-c092-5327-b7b6-ba13dfea3e03,Star,Thrussington,LE7 4UH,2,no_name_match,existing_evidence_needs_corroboration,2026-10-09,False,,FSA comparison is inconclusive; absence of a match does not contradict accepted evidence
v-41872833-8a84-5bab-b1fa-991f9dc796c1,Star Inn,Bath,BA1 5NA,2,coordinate_disagreement,existing_evidence_needs_corroboration,2026-10-09,False,,FSA coordinate is 92.1m from the accepted pin; informational only because the FSA geocode may be approximate
v-430d3dcb-58d2-5472-a4f9-30ceea9f9341,Star Inn,West Leake,LE12 5RQ,2,coordinate_disagreement,existing_evidence_needs_corroboration,2026-10-09,False,,FSA coordinate is 815.0m from the accepted pin; informational only because the FSA geocode may be approximate
v-7d99face-a438-502c-88f7-bb85dfbf8434,Star Inn,Copmere End,ST21 6EW,2,coordinate_disagreement,existing_evidence_needs_corroboration,2026-10-09,False,,FSA coordinate is 329.9m from the accepted pin; informational only because the FSA geocode may be approximate
v-8a1d60ba-6769-52e9-8280-2e566a44ef3a,Star Inn,Glossop,SK13 7DD,2,no_name_match,existing_evidence_needs_corroboration,2026-10-09,False,,FSA comparison is inconclusive; absence of a match does not contradict accepted evidence
v-cbe2150d-ccd4-5f47-830a-a01e48bcb368,Star Inn,Whitby,YO21 3PP,2,nearby,existing_evidence_needs_corroboration,2026-10-09,False,,FSA coordinate is 25-50m away; informational only
v-ebb90635-2994-5b7a-a7bf-a6491ca45a75,Star Inn,Eccleshall,ST21 6EW,2,coordinate_disagreement,existing_evidence_needs_corroboration,2026-10-09,False,,FSA coordinate is 329.9m from the accepted pin; informational only because the FSA geocode may be approximate
v-49e1b16b-7b7c-5cbf-95c0-d8b426401a37,Station,Didsbury,M20 2DN,2,nearby,existing_evidence_needs_corroboration,2026-10-09,False,,FSA coordinate is 25-50m away; informational only
v-3d45b887-884b-518b-b14f-3343d73e77f0,Staunton Arms,Staunton in the Vale,NG13 9PE,2,no_name_match,existing_evidence_needs_corroboration,2026-10-09,False,,FSA comparison is inconclusive; absence of a match does not contradict accepted evidence
v-cb904e48-d976-5d4a-bc44-142901151a85,Steampacket Inn,Swanwick,DE55 1AB,2,coordinate_disagreement,existing_evidence_needs_corroboration,2026-10-09,False,,FSA coordinate is 74.5m from the accepted pin; informational only because the FSA geocode may be approximate
v-4cbc5dbe-a5b7-59e4-990e-8cad91a604b9,Stockbridge Tap,Edinburgh: Stockbridge,EH4 1HN,2,coordinate_disagreement,existing_evidence_needs_corroboration,2026-10-09,False,,FSA coordinate is 51.8m from the accepted pin; informational only because the FSA geocode may be approximate
v-43f8c5b8-55b0-58aa-98cc-fef3699fe311,Stocks Tavern,Parbold,WN8 7NN,2,coordinate_disagreement,existing_evidence_needs_corroboration,2026-10-09,False,,FSA coordinate is 94.9m from the accepted pin; informational only because the FSA geocode may be approximate
v-f9c0e9cd-e7eb-554a-8fce-a15454327846,Stratford Haven,Nottingham: West Bridgford,NG2 6BA,2,coordinate_disagreement,existing_evidence_needs_corroboration,2026-10-09,False,,FSA coordinate is 269.4m from the accepted pin; informational only because the FSA geocode may be approximate
v-77964dfc-3493-5149-a22c-df0ac085d1cf,Stretton Social Club (PMC),Stretton,DE13 0DU,2,coordinate_disagreement,existing_evidence_needs_corroboration,2026-10-09,False,,FSA coordinate is 90.2m from the accepted pin; informational only because the FSA geocode may be approximate
v-927da231-9c90-5941-8718-aa8869aade0a,Sun Inn,Eryrys,CH7 4BX,2,no_name_match,existing_evidence_needs_corroboration,2026-10-09,False,,FSA comparison is inconclusive; absence of a match does not contradict accepted evidence
v-02b75231-eb50-56ba-a3fc-58acca81eead,Sutton Social Club (PMC),Sutton-on-Sea,LN12 2LT,2,coordinate_disagreement,existing_evidence_needs_corroboration,2026-10-09,False,,FSA coordinate is 198.3m from the accepted pin; informational only because the FSA geocode may be approximate
v-916b6d38-ba42-5c41-916f-2aeacac753ae,Swan,Bignall End,ST7 8QD,2,nearby,existing_evidence_needs_corroboration,2026-10-09,False,,FSA coordinate is 25-50m away; informational only
v-c21cc65e-83ff-5a18-a955-b26d106455a7,Swan,Draycott-in-the-Clay,DE6 5GZ,2,coordinate_disagreement,existing_evidence_needs_corroboration,2026-10-09,False,,FSA coordinate is 340.8m from the accepted pin; informational only because the FSA geocode may be approximate
v-ad20735b-d2c0-5bbb-9c3e-f80215886e05,Swan Inn,Little Haven,SA62 3UL,2,nearby,existing_evidence_needs_corroboration,2026-10-09,False,,FSA coordinate is 25-50m away; informational only
v-a47a6a56-343d-53ea-b949-31dde357896e,Swan and Railway,Wigan,WN1 1BA,2,coordinate_disagreement,existing_evidence_needs_corroboration,2026-10-09,False,,FSA coordinate is 53.0m from the accepted pin; informational only because the FSA geocode may be approximate
v-480b4393-e759-5c8f-b5a9-025e3248e323,Sycamore Inn,Matlock,DE4 3HZ,2,no_name_match,existing_evidence_needs_corroboration,2026-10-09,False,,FSA comparison is inconclusive; absence of a match does not contradict accepted evidence
v-aae48608-f3fd-5bf4-8e5d-ae4405430ebc,Sycamores,Burbage,LE10 2EF,2,coordinate_disagreement,existing_evidence_needs_corroboration,2026-10-09,False,,FSA coordinate is 115.6m from the accepted pin; informational only because the FSA geocode may be approximate
v-586bfe86-d3ed-5c11-ac30-4f31b328b362,Tafarn Pencei,Porthmadog,LL49 9AT,2,coordinate_disagreement,existing_evidence_needs_corroboration,2026-10-09,False,,FSA coordinate is 63.0m from the accepted pin; informational only because the FSA geocode may be approximate
v-ac778227-1ccd-5f63-98cd-f4744b9915cf,Talbot Taphouse,Ripley: Central,DE5 3LT,2,coordinate_disagreement,existing_evidence_needs_corroboration,2026-10-09,False,,FSA coordinate is 63.0m from the accepted pin; informational only because the FSA geocode may be approximate
v-fed988ec-6912-5b1f-a736-cecd832c8230,Tap House,Smisby,LE65 2TA,2,nearby,existing_evidence_needs_corroboration,2026-10-09,False,,FSA coordinate is 25-50m away; informational only
v-987fcc7a-f8d9-5347-9919-b45b4a520d5a,Tavern,Hatton,DE65 5EH,2,ambiguous_or_missing_coordinates,existing_evidence_needs_corroboration,2026-10-09,False,,FSA comparison is inconclusive; absence of a match does not contradict accepted evidence
v-9903dca3-83ca-5f0d-99d7-d0ce46692de2,Tavern,Belper: Central,DE56 1UU,2,coordinate_disagreement,existing_evidence_needs_corroboration,2026-10-09,False,,FSA coordinate is 96.5m from the accepted pin; informational only because the FSA geocode may be approximate
v-8194a310-e6f2-5a66-a125-ab7d7f72c127,Tempest Arms,Coleby,LN5 0AG,2,no_name_match,existing_evidence_needs_corroboration,2026-10-09,False,,FSA comparison is inconclusive; absence of a match does not contradict accepted evidence
v-5b19fe32-b19e-5945-9af1-459583a88d2f,Thorn Tree Inn,Belper: Central,DE56 1FF,2,coordinate_disagreement,existing_evidence_needs_corroboration,2026-10-09,False,,FSA coordinate is 76.2m from the accepted pin; informational only because the FSA geocode may be approximate
v-6b125009-409e-5ffd-9ebe-965459e8880e,Three Brooks,Bradley Stoke,BS32 8EF,2,coordinate_disagreement,existing_evidence_needs_corroboration,2026-10-09,False,,FSA coordinate is 137.2m from the accepted pin; informational only because the FSA geocode may be approximate
v-61e62fe2-6482-534d-9067-d74f3f78d144,Three Bulls Heads,Newcastle: Central,NE1 7RN,2,no_name_match,existing_evidence_needs_corroboration,2026-10-09,False,,FSA comparison is inconclusive; absence of a match does not contradict accepted evidence
v-0a6c48e0-630f-5676-bb29-f16729916bea,Three Crowns,Wymeswold,LE12 6TZ,2,nearby,existing_evidence_needs_corroboration,2026-10-09,False,,FSA coordinate is 25-50m away; informational only
v-3d5087bc-6b35-594c-9de7-5c3bb759802e,Three Crowns,Nottingham: Central,NG1 6LD,2,coordinate_disagreement,existing_evidence_needs_corroboration,2026-10-09,False,,FSA coordinate is 62.0m from the accepted pin; informational only because the FSA geocode may be approximate
v-d2bd535c-fb6c-5918-839a-3c7130ca80dc,Three Crowns,Stone: Little Stoke,ST15 8QU,2,nearby,existing_evidence_needs_corroboration,2026-10-09,False,,FSA coordinate is 25-50m away; informational only
v-544837a2-5921-5f1a-894c-d82b5fc2d196,Three Cups,Stamford Bridge,YO41 1AX,2,ambiguous_or_missing_coordinates,existing_evidence_needs_corroboration,2026-10-09,False,,FSA comparison is inconclusive; absence of a match does not contradict accepted evidence
v-84cdc7ac-376d-5172-a8f8-6b618c1597cc,Three Horseshoes,Barton-under-Needwood,DE13 8DR,2,coordinate_disagreement,existing_evidence_needs_corroboration,2026-10-09,False,,FSA coordinate is 87.9m from the accepted pin; informational only because the FSA geocode may be approximate
v-87496db2-b40f-54a9-ab38-a9507a881536,Three Horseshoes,Fazeley,B78 3RD,2,coordinate_disagreement,existing_evidence_needs_corroboration,2026-10-09,False,,FSA coordinate is 51.4m from the accepted pin; informational only because the FSA geocode may be approximate
v-8cde8d00-9411-5b53-8eb9-fac4cce54dab,Three Horseshoes,Stoke Golding,CV13 6HE,2,coordinate_disagreement,existing_evidence_needs_corroboration,2026-10-09,False,,FSA coordinate is 121.3m from the accepted pin; informational only because the FSA geocode may be approximate
v-93765f1e-9190-594b-9c77-6b96456e5433,Three Horseshoes (Pollys),Whitwick,LE67 5GN,2,no_name_match,existing_evidence_needs_corroboration,2026-10-09,False,,FSA comparison is inconclusive; absence of a match does not contradict accepted evidence
v-b0c6fb73-49cd-5fdf-b936-ee8fbd0ac4c6,Tides Out,Woolacombe,EX34 7BP,2,no_name_match,existing_evidence_needs_corroboration,2026-10-09,False,,FSA comparison is inconclusive; absence of a match does not contradict accepted evidence
v-656e9318-5ec1-58d5-8970-bebead631a90,Tiger Inn,Easington,TS13 4NE,2,coordinate_disagreement,existing_evidence_needs_corroboration,2026-10-09,False,,FSA coordinate is 62.4m from the accepted pin; informational only because the FSA geocode may be approximate
v-e7bad941-21fe-54ea-ac10-8e31c62bd593,Town Hall,Liverpool: Wavertree,L15 8HF,2,no_name_match,existing_evidence_needs_corroboration,2026-10-09,False,,FSA comparison is inconclusive; absence of a match does not contradict accepted evidence
v-cca464cf-dad2-5a7b-b9f3-336afb873ad1,Track & Sleeper,Knaresborough,HG5 9AA,2,no_name_match,owner_reviewed,2026-10-09,False,,FSA comparison is inconclusive; absence of a match does not contradict accepted evidence
v-8ed8c1ad-ceb1-56c0-9c67-1218004eb836,Travellers Rest,Stanley,ST9 9LX,2,coordinate_disagreement,existing_evidence_needs_corroboration,2026-10-09,False,,FSA coordinate is 52.7m from the accepted pin; informational only because the FSA geocode may be approximate
v-9a1e8581-39f4-58cd-949d-c3908758ad50,Turks Head (Stuffed Dog),Tynemouth,NE30 4DZ,2,no_name_match,existing_evidence_needs_corroboration,2026-10-09,False,,FSA comparison is inconclusive; absence of a match does not contradict accepted evidence
v-bff85538-f1b1-5999-b7b3-7f22158dd686,Tutbury Club (PMC),Tutbury,DE13 9LS,2,no_name_match,existing_evidence_needs_corroboration,2026-10-09,False,,FSA comparison is inconclusive; absence of a match does not contradict accepted evidence
v-13a2ad1c-e050-5c7a-944e-064bff66e040,Tynemouth WMC/Social Club (PMC),Tynemouth,NE30 4DX,2,no_name_match,existing_evidence_needs_corroboration,2026-10-09,False,,FSA comparison is inconclusive; absence of a match does not contradict accepted evidence
v-bb6ba8ca-176e-57ab-adfe-7fab1710fd1a,Uncle Toms Cabin,Cookham Dean,SL6 9NT,2,coordinate_disagreement,existing_evidence_needs_corroboration,2026-10-09,False,,FSA coordinate is 150.3m from the accepted pin; informational only because the FSA geocode may be approximate
v-09dbc79b-fbb4-5467-bd73-16ff9f2b3ac9,Unicorn,Newton Solney,DE15 0SG,2,ambiguous_or_missing_coordinates,existing_evidence_needs_corroboration,2026-10-09,False,,FSA comparison is inconclusive; absence of a match does not contradict accepted evidence
v-4843e34a-3b98-544f-b2f0-9eeb833fff12,Vaults,Uttoxeter,ST14 8HP,2,no_name_match,existing_evidence_needs_corroboration,2026-10-09,False,,FSA comparison is inconclusive; absence of a match does not contradict accepted evidence
v-52e70e00-9f64-5e14-9372-9a80d1798c6e,Vernon Arms,Sudbury,DE6 5HS,2,coordinate_disagreement,existing_evidence_needs_corroboration,2026-10-09,False,,FSA coordinate is 91.0m from the accepted pin; informational only because the FSA geocode may be approximate
v-af8d9a7a-0227-5820-8daa-b512b67ea3b6,Victoria,Newcastle-U-L: Central,ST5 1HX,2,nearby,existing_evidence_needs_corroboration,2026-10-09,False,,FSA coordinate is 25-50m away; informational only
v-d0c9c31a-54fa-53e6-9991-737605b36ad3,Victoria Inn,Witton le Wear,DL14 0AS,2,ambiguous_or_missing_coordinates,existing_evidence_needs_corroboration,2026-10-09,False,,FSA comparison is inconclusive; absence of a match does not contradict accepted evidence
v-e8dac826-c3c9-5615-8b07-36f9f17c8f30,Victoria Inn,Alfreton,DE55 7GL,2,no_name_match,existing_evidence_needs_corroboration,2026-10-09,False,,FSA comparison is inconclusive; absence of a match does not contradict accepted evidence
v-b2eb57e3-3693-55c6-b7f0-35c5d430b11d,Victoria Lounge Bar,Stoke: Hanley,ST1 3AF,2,no_name_match,existing_evidence_needs_corroboration,2026-10-09,False,,FSA comparison is inconclusive; absence of a match does not contradict accepted evidence
v-2866301e-8347-50ee-9816-745050ab13d2,Village Cat,Liverpool: Woolton,L25 7RA,2,no_name_match,existing_evidence_needs_corroboration,2026-10-09,False,,FSA comparison is inconclusive; absence of a match does not contradict accepted evidence
v-d52d342a-fc8f-59b6-91df-7519b422e432,Village Inn,Thurlestone,TQ7 3NN,2,ambiguous_or_missing_coordinates,existing_evidence_needs_corroboration,2026-10-09,False,,FSA comparison is inconclusive; absence of a match does not contradict accepted evidence
v-99412060-4aa7-5602-85e3-0ddf38526a87,Village/Conservative Club (PMC),Derby: Spondon,DE21 7JP,2,no_name_match,existing_evidence_needs_corroboration,2026-10-09,False,,FSA comparison is inconclusive; absence of a match does not contradict accepted evidence
v-5b09269f-2a90-5c3d-91a7-30a9f7ab7ab4,Vine,Market Deeping,PE6 8AN,2,coordinate_disagreement,existing_evidence_needs_corroboration,2026-10-09,False,,FSA coordinate is 142.6m from the accepted pin; informational only because the FSA geocode may be approximate
v-b1ed2bf8-2858-5ace-80c6-3c5ae0e5d74c,Vine,Mickleover,DE3 0DA,2,coordinate_disagreement,existing_evidence_needs_corroboration,2026-10-09,False,,FSA coordinate is 92.1m from the accepted pin; informational only because the FSA geocode may be approximate
v-7e74ffed-26f2-5cf1-be58-427561eec61b,Volunteer Rifleman's Arms,Bath,BA1 1BH,2,no_name_match,existing_evidence_needs_corroboration,2026-10-09,False,,FSA comparison is inconclusive; absence of a match does not contradict accepted evidence
v-1180d481-648a-5e00-bc95-6b4c0e4693f0,Waggon and Horses,Ibstock,LE67 6LA,2,coordinate_disagreement,existing_evidence_needs_corroboration,2026-10-09,False,,FSA coordinate is 72.4m from the accepted pin; informational only because the FSA geocode may be approximate
v-fb5ddb66-cc8e-53b3-bed6-c35c165091be,Waldorf,Manchester: Central,M1 3AQ,2,coordinate_disagreement,existing_evidence_needs_corroboration,2026-10-09,False,,FSA coordinate is 62.4m from the accepted pin; informational only because the FSA geocode may be approximate
v-60cbad75-5bdf-57da-ae6f-91718f40ac7e,Waterloo,Biggin,SK17 0DH,2,coordinate_disagreement,existing_evidence_needs_corroboration,2026-10-09,False,,FSA coordinate is 62.1m from the accepted pin; informational only because the FSA geocode may be approximate
v-fae9a7d8-99ea-583e-add5-dab74c4bbc33,Waterloo,Burton U-T: Winshill,DE15 0LQ,2,no_name_match,existing_evidence_needs_corroboration,2026-10-09,False,,FSA comparison is inconclusive; absence of a match does not contradict accepted evidence
v-b7c11321-26c2-50f7-bf51-278b423daa8f,Weavers Arms,Bulkington,CV12 9JZ,2,coordinate_disagreement,existing_evidence_needs_corroboration,2026-10-09,False,,FSA coordinate is 100.2m from the accepted pin; informational only because the FSA geocode may be approximate
v-d1404754-8a33-5150-a8b0-6f9346d56857,Well,Luton,LU2 0BW,2,no_name_match,existing_evidence_needs_corroboration,2026-10-09,False,,FSA comparison is inconclusive; absence of a match does not contradict accepted evidence
v-e35fcbdb-afcc-5ba3-ad05-cec8a8eced3f,Wellington Arms,Bedford,MK40 2JX,2,no_name_match,existing_evidence_needs_corroboration,2026-10-09,False,,FSA comparison is inconclusive; absence of a match does not contradict accepted evidence
v-e0384b05-0761-5511-ad08-8bef2af3049c,Wellington Inn,Wolviston,TS22 5JY,2,coordinate_disagreement,existing_evidence_needs_corroboration,2026-10-09,False,,FSA coordinate is 95.6m from the accepted pin; informational only because the FSA geocode may be approximate
v-d63ce0bc-e06c-5cae-a586-ef5e0978d05a,Wharf Inn,Hinckley,LE10 0NQ,2,nearby,existing_evidence_needs_corroboration,2026-10-09,False,,FSA coordinate is 25-50m away; informational only
v-d95368c0-934f-5633-8229-7c363143a41c,Wharf Tavern,Cheswardine,TF9 2LP,2,ambiguous_or_missing_coordinates,owner_reviewed,2026-10-09,False,,FSA comparison is inconclusive; absence of a match does not contradict accepted evidence
v-126daf8a-4846-5d52-8a19-8f91497a3e88,Wheatsheaf,Wirksworth,DE4 4DS,2,no_name_match,existing_evidence_needs_corroboration,2026-10-09,False,,FSA comparison is inconclusive; absence of a match does not contradict accepted evidence
v-29ccd3db-ade7-5997-a028-2726603f1580,Wheatsheaf,Brading,PO36 0DQ,2,coordinate_disagreement,existing_evidence_needs_corroboration,2026-10-09,False,,FSA coordinate is 99.8m from the accepted pin; informational only because the FSA geocode may be approximate
v-a8358fc8-7e3f-5546-be32-b35472d438b7,Wheatsheaf,Louth,LN11 9YD,2,coordinate_disagreement,existing_evidence_needs_corroboration,2026-10-09,False,,FSA coordinate is 53.1m from the accepted pin; informational only because the FSA geocode may be approximate
v-de2ec786-9fab-576b-a8db-3aa287f8b5ef,Wheel Inn,Ashbourne,DE6 1BX,2,coordinate_disagreement,existing_evidence_needs_corroboration,2026-10-09,False,,FSA coordinate is 71.2m from the accepted pin; informational only because the FSA geocode may be approximate
v-8b78ec45-eb22-5e68-9f4a-11fe9120e26f,Whillows,Hartford,CW8 1QL,2,no_name_match,owner_reviewed,2026-10-09,False,,FSA comparison is inconclusive; absence of a match does not contradict accepted evidence
v-46d4e6a8-2503-564e-9f1e-8229e93de130,White Bear,Middlewich,CW10 9AG,2,coordinate_disagreement,existing_evidence_needs_corroboration,2026-10-09,False,,FSA coordinate is 110.6m from the accepted pin; informational only because the FSA geocode may be approximate
v-f66c462f-8eca-5321-885e-56b1bd7e0ee9,White Cross,Guiseley,LS20 8LY,2,coordinate_disagreement,existing_evidence_needs_corroboration,2026-10-09,False,,FSA coordinate is 99.4m from the accepted pin; informational only because the FSA geocode may be approximate
v-300cdecf-0171-5ebf-8123-5fb33d0783cb,White Hart,Belper: Bargate,DE56 0JA,2,nearby,existing_evidence_needs_corroboration,2026-10-09,False,,FSA coordinate is 25-50m away; informational only
v-94925b62-e927-5de0-81b3-8cb8afa6a8b3,White Hart,Stoke: Smallthorne,ST6 1NT,2,coordinate_disagreement,existing_evidence_needs_corroboration,2026-10-09,False,,FSA coordinate is 107.7m from the accepted pin; informational only because the FSA geocode may be approximate
v-95b88dcf-eb87-53c8-8629-a0630c553722,White Hart,Loughborough,LE11 1UD,2,coordinate_disagreement,existing_evidence_needs_corroboration,2026-10-09,False,,FSA coordinate is 68.5m from the accepted pin; informational only because the FSA geocode may be approximate
v-f919086c-3b90-501a-a57e-9531ef1f8805,White Horse Inn,Louth,LN11 8EG,2,coordinate_disagreement,existing_evidence_needs_corroboration,2026-10-09,False,,FSA coordinate is 87.9m from the accepted pin; informational only because the FSA geocode may be approximate
v-7cb03d6d-a981-50bd-83de-76106ba5efac,White Horse Inn / Tafarn Penllan,Capel Garmon,LL26 0RW,2,no_name_match,existing_evidence_needs_corroboration,2026-10-09,False,,FSA comparison is inconclusive; absence of a match does not contradict accepted evidence
v-11077285-835a-5a9b-a349-b53ae45f7f52,White Lion,Westbury on Trym,BS9 3HN,2,nearby,existing_evidence_needs_corroboration,2026-10-09,False,,FSA coordinate is 25-50m away; informational only
v-20f51e9a-6832-53fd-bfe2-bb665751af38,White Lion,Sawley,NG10 3AT,2,nearby,existing_evidence_needs_corroboration,2026-10-09,False,,FSA coordinate is 25-50m away; informational only
v-a6b287e2-41f5-57f4-84af-1d99d4300338,White Lion,Rempstone,LE12 6RH,2,nearby,existing_evidence_needs_corroboration,2026-10-09,False,,FSA coordinate is 25-50m away; informational only
v-d2c84af5-63d1-5de3-a31a-3d0d10be4494,White Rose,Mumbles,SA3 4AR,2,nearby,existing_evidence_needs_corroboration,2026-10-09,False,,FSA coordinate is 25-50m away; informational only
v-b2a14ff0-2325-5d47-8ddf-2b64e60faf3d,White Star,Liverpool: Central,L2 6PT,2,nearby,existing_evidence_needs_corroboration,2026-10-09,False,,FSA coordinate is 25-50m away; informational only
v-5351f1e7-9b90-50e5-a520-f0c9598a6a36,White Swan,Birmingham: Digbeth,B12 0QY,2,coordinate_disagreement,existing_evidence_needs_corroboration,2026-10-09,False,,FSA coordinate is 73.6m from the accepted pin; informational only because the FSA geocode may be approximate
v-f81c4520-b2b6-5426-9675-0b4e40df15ca,Whitelocks,Leeds: Central,LS1 6HB,2,nearby,existing_evidence_needs_corroboration,2026-10-09,False,,FSA coordinate is 25-50m away; informational only
v-b7c3bb9c-bcec-5a41-8fd6-add66355fb4d,Wildwood,Stafford,ST17 4RA,2,coordinate_disagreement,existing_evidence_needs_corroboration,2026-10-09,False,,FSA coordinate is 63.5m from the accepted pin; informational only because the FSA geocode may be approximate
v-907056b1-7744-5174-8871-52dc93927a88,Wilmslow Conservative Club,Wilmslow,SK9 5EG,2,no_name_match,existing_evidence_needs_corroboration,2026-10-09,False,,FSA comparison is inconclusive; absence of a match does not contradict accepted evidence
v-55306edf-b035-527e-ad38-663d0474547c,Windmill,Southport: Central,PR9 0EL,2,nearby,existing_evidence_needs_corroboration,2026-10-09,False,,FSA coordinate is 25-50m away; informational only
v-ccbeacbc-d2e5-5280-bf68-b549eb56b066,Windmill,Werrington,ST9 0DT,2,coordinate_disagreement,existing_evidence_needs_corroboration,2026-10-09,False,,FSA coordinate is 208.2m from the accepted pin; informational only because the FSA geocode may be approximate
v-e4c27846-67c7-53b3-a224-aa715a6a73f9,Windmill,Breadsall,DE21 4FY,2,coordinate_disagreement,existing_evidence_needs_corroboration,2026-10-09,False,,FSA coordinate is 151.3m from the accepted pin; informational only because the FSA geocode may be approximate
v-fadd40fe-da6a-5a74-b250-abd4416569be,Woodlands Hotel,Derby: Allestree,DE22 2GP,2,no_name_match,existing_evidence_needs_corroboration,2026-10-09,False,,FSA comparison is inconclusive; absence of a match does not contradict accepted evidence
v-3b524b79-71ce-545d-bdaa-e1c9ee89fe96,Woodlark,Lambley,NG4 4QB,2,coordinate_disagreement,existing_evidence_needs_corroboration,2026-10-09,False,,FSA coordinate is 192.1m from the accepted pin; informational only because the FSA geocode may be approximate
v-5eecc293-ec99-53e8-a6e7-849a4fb7d393,Woodman,Birmingham: Central,B4 7XG,2,no_name_match,existing_evidence_needs_corroboration,2026-10-09,False,,FSA comparison is inconclusive; absence of a match does not contradict accepted evidence
v-c0a02608-e7fd-5af5-9f04-60cb38385a5b,Woodmans Stroke,Rothley,LE7 7PD,2,coordinate_disagreement,existing_evidence_needs_corroboration,2026-10-09,False,,FSA coordinate is 51.5m from the accepted pin; informational only because the FSA geocode may be approximate
v-589158fb-b231-5929-9431-3724c6aaff02,Wyggeston Hotel,Burton U-T: Central,DE13 0UN,2,coordinate_disagreement,existing_evidence_needs_corroboration,2026-10-09,False,,FSA coordinate is 178.4m from the accepted pin; informational only because the FSA geocode may be approximate
v-9607544c-290c-57e9-922a-02fb2360c91c,Y Sgwâr (was Ivy Bush),Newcastle Emlyn,SA38 9BG,2,no_name_match,existing_evidence_needs_corroboration,2026-10-09,False,,FSA comparison is inconclusive; absence of a match does not contradict accepted evidence
v-a829ca94-ad6b-5ad5-856e-65e75b429b0d,Ye Old Elm Tree,Durham,DH1 4PS,2,no_name_match,existing_evidence_needs_corroboration,2026-10-09,False,,FSA comparison is inconclusive; absence of a match does not contradict accepted evidence
v-61793663-b18f-5023-b24d-b2a4d9dd46ba,Ye Olde Butchers Arms,Reapsmoor,SK17 0LL,2,no_name_match,existing_evidence_needs_corroboration,2026-10-09,False,,FSA comparison is inconclusive; absence of a match does not contradict accepted evidence
v-7b7219e5-71e0-524f-8e83-8546cb6673bd,Ye Olde Dolphin Inne,Derby: Central,DE1 3DL,2,no_name_match,existing_evidence_needs_corroboration,2026-10-09,False,,FSA comparison is inconclusive; absence of a match does not contradict accepted evidence
v-19987b0d-6480-58e7-b70f-9f56cafc2d33,Ye Olde Rock,Upper Hulme,ST13 8TY,2,coordinate_disagreement,existing_evidence_needs_corroboration,2026-10-09,False,,FSA coordinate is 53.9m from the accepted pin; informational only because the FSA geocode may be approximate
v-f8ddf3fe-2e91-5117-a0d3-bfff56f4a0b9,Ye Olde Talbot,Uttoxeter,ST14 8HF,2,no_name_match,existing_evidence_needs_corroboration,2026-10-09,False,,FSA comparison is inconclusive; absence of a match does not contradict accepted evidence
v-839b62df-ea58-53d1-9b38-174b5695addc,Ye Olde Watling,St Pauls,EC4M 9BR,2,nearby,existing_evidence_needs_corroboration,2026-10-09,False,,FSA coordinate is 25-50m away; informational only
v-5e9138e0-7352-55f1-b255-7397c00900a8,Ye Olde Windmill,Gentleshaw,WS15 4NF,2,ambiguous_or_missing_coordinates,existing_evidence_needs_corroboration,2026-10-09,False,,FSA comparison is inconclusive; absence of a match does not contradict accepted evidence
v-43226935-fcdc-552c-9ef0-2183dc60bb26,Yr Alex,Caernarfon,LL55 1BA,2,no_name_match,existing_evidence_needs_corroboration,2026-10-09,False,,FSA comparison is inconclusive; absence of a match does not contradict accepted evidence
v-4daa7cd1-f719-59de-b7d9-0fff79c03028,Admiral Nelson,Market Harborough,LE16 9AX,3,coordinate_agreement,independent_coordinate_agreement,2026-10-09,False,,
v-b609342b-02d8-5a22-ad62-a02a50c2f76d,Admiral Rodney,Hartshorne,DE11 7ES,3,coordinate_agreement,independent_coordinate_agreement,2026-10-09,False,,
v-051ceacd-e5d7-58d1-81ce-dec99892c1e7,Alfred,Burton U-T: Central,DE14 2LD,3,coordinate_agreement,independent_coordinate_agreement,2026-10-09,False,,
v-2039a2dc-edc4-5c45-8a2a-91a65e51ef0f,Anchor,Birmingham: Digbeth,B5 6ET,3,coordinate_agreement,independent_coordinate_agreement,2026-10-09,False,,
v-82d3d17e-9f81-558d-afd7-e71bc5c4cdf4,Anchor,Newhall,DE11 0EA,3,coordinate_agreement,independent_coordinate_agreement,2026-10-09,False,,
v-bd6bb3de-ed02-51e8-abcc-6dfabb5f1bd9,Anchor Inn,Walton on the Wolds,LE12 8HT,3,coordinate_agreement,independent_coordinate_agreement,2026-10-09,False,,
v-3520911e-cb85-50dc-9c8f-6fcabd27ec3d,Ancient Briton,Pen-y-cae,SA9 1YY,3,coordinate_agreement,independent_coordinate_agreement,2026-10-09,False,,
v-baab4f7f-7a7e-57bd-b902-8967f59f3867,Anglesey,Salford,M3 5DF,3,coordinate_agreement,independent_coordinate_agreement,2026-10-09,False,,
v-a208704f-eaba-5d22-b334-4e86f70f9cd4,Apiary,Castle Donington,DE74 2LA,3,coordinate_agreement,independent_coordinate_agreement,2026-10-09,False,,
v-53a80306-e3ec-508f-906a-02584800fd48,Aqueduct,Froncysyllt,LL20 7PY,3,coordinate_agreement,independent_coordinate_agreement,2026-10-09,False,,
v-e799550e-04a8-5b7c-8f01-2e24ea9b0374,Artillery Arms,Plymouth: Stonehouse,PL1 3RH,3,coordinate_agreement,independent_coordinate_agreement,2026-10-09,False,,
v-079795b5-18ca-56b4-ae10-96ff9a1aaa4e,Ash Inn,Mow Cop,ST7 4NE,3,coordinate_agreement,independent_coordinate_agreement,2026-10-09,False,,
v-37ce061c-4278-5999-9e12-18871f6248ab,Ashby Tavern,Hinckley,LE10 1SL,3,coordinate_agreement,independent_coordinate_agreement,2026-10-09,False,,
v-d944d60b-3d83-5635-abc4-0ca08c0e432c,Avenue,Hull,HU5 3TS,3,coordinate_agreement,independent_coordinate_agreement,2026-10-09,False,,
v-7d455201-b0b8-5091-8fec-00a5eb31fa79,Bakers Arms,Cheadle,ST10 1AA,3,coordinate_agreement,independent_coordinate_agreement,2026-10-09,False,,
v-6cf25b1c-c028-5b56-8074-1b6c1a910a77,Bank,Plymouth: Central,PL1 2TG,3,coordinate_agreement,independent_coordinate_agreement,2026-10-09,False,,
v-14f09ec5-7f12-5bf8-8fde-2ba3821e38c4,Bank Tavern,Bristol: Central,BS1 2HR,3,coordinate_agreement,independent_coordinate_agreement,2026-10-09,False,,
v-0fddad34-e2db-51e3-91eb-01751a963f38,Bank of Conwy,Conwy,LL32 8HT,3,coordinate_agreement,independent_coordinate_agreement,2026-10-09,False,,
v-140ec987-9599-51af-b83f-ed7b6c6f81fa,Bankers Draught,Leek,ST13 5JN,3,coordinate_agreement,independent_coordinate_agreement,2026-10-09,False,,
v-39e372db-cd57-5382-b4a5-0d7f92fd9cf8,Barley Mow,Marylebone W1U,W1U 6QW,3,coordinate_agreement,existing_evidence_needs_corroboration,2026-10-09,False,,
v-95d94665-5861-5cdc-8887-327f26853459,Barley Mow,Warrington,WA1 1QB,3,coordinate_agreement,independent_coordinate_agreement,2026-10-09,False,,
v-a033241e-ec7b-5435-b083-caa54dcd0db0,Barley Mow,Banbury,OX16 1SS,3,coordinate_agreement,independent_coordinate_agreement,2026-10-09,False,,
v-fc135083-8abe-55be-9e39-9ffd628c7aea,Bay Horse,Manchester: Central,M4 1NA,3,coordinate_agreement,independent_coordinate_agreement,2026-10-09,False,,
v-25c8ed6f-bb10-5204-a12d-a706011d440d,Beach,Exmouth,EX8 1DR,3,coordinate_agreement,independent_coordinate_agreement,2026-10-09,False,,
v-03a6d773-2a63-5dab-a888-04b4afe6e6f7,Bell,Eccleshall,ST21 6BZ,3,coordinate_agreement,independent_coordinate_agreement,2026-10-09,False,,
v-352a08df-a579-5161-9c0a-fded5524d3c7,Bell Inn,Whittington,WS14 9JR,3,coordinate_agreement,independent_coordinate_agreement,2026-10-09,False,,
v-2ac4f045-bef9-520b-8af8-7d9252dad6d6,Bell and Bear,Emberton,MK46 5DH,3,coordinate_agreement,independent_coordinate_agreement,2026-10-09,False,,
v-58016f32-d341-575c-a2d9-875de0d14f22,Bench and Bar,Stoke: Fenton,ST4 3AJ,3,coordinate_agreement,independent_coordinate_agreement,2026-10-09,False,,
v-ba939dd1-6bb2-5adc-8d1e-3a5f6cdff1ea,Black Boy,Caernarfon,LL55 1RW,3,coordinate_agreement,independent_coordinate_agreement,2026-10-09,False,,
v-39d9e9c3-3b34-5919-84db-1301c4022b08,Black Bull,Godmanchester,PE29 2AQ,3,coordinate_agreement,independent_coordinate_agreement,2026-10-09,False,,
v-60414af9-54e3-5075-b0a3-e31c8c5e73a3,Black Cat,Weston-super-Mare,BS23 1HN,3,coordinate_agreement,independent_coordinate_agreement,2026-10-09,False,,
v-135d3035-b596-53c6-8c4d-0414770ab49f,Black Friar,Blackfriars EC4V,EC4V 4EG,3,coordinate_agreement,independent_coordinate_agreement,2026-10-09,False,,
v-66582948-f965-5055-a152-8fd9f212bdb6,Black Horse,Endon,ST9 9BA,3,coordinate_agreement,independent_coordinate_agreement,2026-10-09,False,,
v-c838c45e-07b2-5869-9123-5998491b167e,Black Horse,Coton in the Elms,DE12 8HJ,3,coordinate_agreement,independent_coordinate_agreement,2026-10-09,False,,
v-592de69e-7452-5b90-b8da-c04d0b5357f2,Black Lion,Cheddleton,ST13 7HP,3,coordinate_agreement,independent_coordinate_agreement,2026-10-09,False,,
v-a53a96f3-3672-5b95-a6f6-c15ee1b976eb,Black Lion,Oswestry,SY11 2RJ,3,coordinate_agreement,existing_evidence_needs_corroboration,2026-10-09,False,,
v-9b9623ec-19a3-5912-987b-13ad5a1babe8,Bless,Derby: Central,DE1 3GU,3,coordinate_agreement,independent_coordinate_agreement,2026-10-09,False,,
v-44a8bebd-4142-572c-97da-028032a73f41,Blind Jacks,Knaresborough,HG5 8AL,3,coordinate_agreement,independent_coordinate_agreement,2026-10-09,False,,
v-38f41236-c983-592a-9dc9-c73b335e2736,Blue Bell,Ashby-de-la-Zouch,LE65 2JG,3,coordinate_agreement,independent_coordinate_agreement,2026-10-09,False,,
v-4e4ef468-6834-5d3a-930b-829b6e75d91a,Blue Bell,Belmesthorpe,PE9 4JG,3,coordinate_agreement,independent_coordinate_agreement,2026-10-09,False,,
v-4acb6f16-6372-5492-adaa-19dc33655733,Blue Mugge,Leek,ST13 6LJ,3,coordinate_agreement,independent_coordinate_agreement,2026-10-09,False,,
v-03e2d759-5c7f-57ff-82a5-a8b8905e4281,Boathouse,Shardlow,DE72 2GL,3,coordinate_agreement,independent_coordinate_agreement,2026-10-09,False,,
v-67971303-be87-57be-b71c-7594fc2db50e,Boons,Horbury,WF4 6LP,3,coordinate_agreement,independent_coordinate_agreement,2026-10-09,False,,
v-2e7ac9bd-d921-57e3-bf97-7d6ea77240a0,Boot Inn,Repton,DE65 6FT,3,coordinate_agreement,independent_coordinate_agreement,2026-10-09,False,,
v-f2b57ecf-7a41-5d9e-9368-d8722132e3b1,Borough Arms,Neath,SA11 1PH,3,coordinate_agreement,independent_coordinate_agreement,2026-10-09,False,,
v-c3fd6c21-9469-5012-b29c-7ebc59138762,Bowling Green,Lichfield,WS13 6QJ,3,coordinate_agreement,independent_coordinate_agreement,2026-10-09,False,,
v-9f45e2cc-e10a-59dc-9286-43bc11440990,Brew Tavern,Nottingham: Central,NG2 3AS,3,coordinate_agreement,independent_coordinate_agreement,2026-10-09,False,,
v-4378d05f-df3a-5091-ae9f-389ee0c857f5,Bricklayers Arms,Hersham,KT12 5LS,3,coordinate_agreement,independent_coordinate_agreement,2026-10-09,False,,
v-e75db084-5f0c-5888-bed2-3c4146bcfaef,Bricklayers Arms,Luton,LU2 0DD,3,coordinate_agreement,independent_coordinate_agreement,2026-10-09,False,,
v-3a2409e8-82cc-54b2-9977-6fada3654ecc,Britannia,Darlington,DL3 6LR,3,coordinate_agreement,independent_coordinate_agreement,2026-10-09,False,,
v-7c55fdbf-b583-58e0-a3c9-c0c8f1c2661b,Britannia,Leek,ST13 8AA,3,coordinate_agreement,independent_coordinate_agreement,2026-10-09,False,,
v-cacf3fb6-4c21-5cfc-a537-056e0f6876b4,Britannia,Rowley Regis,B65 9AT,3,coordinate_agreement,independent_coordinate_agreement,2026-10-09,False,,
v-bc62f221-fda2-5977-bb78-02cd8d4e7ba6,British Lion,Devizes,SN10 1LQ,3,coordinate_agreement,independent_coordinate_agreement,2026-10-09,False,,
v-ea7e9bda-4f8c-5c2a-95d8-184ad5ec92ab,British Oak,Birmingham: Stirchley,B30 2XS,3,coordinate_agreement,independent_coordinate_agreement,2026-10-09,False,,
v-2a149c38-2364-5f19-b6ec-22707a1c00e4,Britons Protection,Manchester: Central,M1 5LE,3,coordinate_agreement,independent_coordinate_agreement,2026-10-09,False,,
v-ac38ee23-9c64-5a78-bc32-371dab1126ed,Broad Chare,Newcastle: Central,NE1 3DQ,3,coordinate_agreement,independent_coordinate_agreement,2026-10-09,False,,
v-bc7a8cb1-e9eb-558a-b040-fa088ecd86ff,Brown Cow,Mansfield,NG18 2JA,3,coordinate_agreement,independent_coordinate_agreement,2026-10-09,False,,
v-9ce1b251-866a-561b-8d1a-0b8adc0da01f,Brunswick,Derby: Central,DE1 2RU,3,coordinate_agreement,independent_coordinate_agreement,2026-10-09,False,,
v-ead349df-157a-56af-b920-d4356a2f638b,Bubble Inn,Stenson,DE73 7HL,3,coordinate_agreement,independent_coordinate_agreement,2026-10-09,False,,
v-852ca206-bf9a-5daf-9e98-6e415532acfe,Bugle Horn,Hartwell,HP17 8QP,3,coordinate_agreement,independent_coordinate_agreement,2026-10-09,False,,
v-2c3d4d36-ce8e-51af-bdfb-fa13e97ac943,Bull,Rugby,CV21 3BX,3,coordinate_agreement,independent_coordinate_agreement,2026-10-09,False,,
v-30313510-91a5-5adf-b5da-4f48d83379f8,Bulls Head,Rosliston,DE12 8JU,3,coordinate_agreement,independent_coordinate_agreement,2026-10-09,False,,
v-ccbf78d9-f908-5ee3-b55d-b3150dafbb97,Bulls Head,Youlgrave,DE45 1UR,3,coordinate_agreement,independent_coordinate_agreement,2026-10-09,False,,
v-5dfd82ea-b3f9-5923-848e-e4bf5fc5c9fc,Bunkers Hill,Nottingham: Central,NG1 1FP,3,coordinate_agreement,independent_coordinate_agreement,2026-10-09,False,,
v-423a9f7e-cbe1-5e5c-b38a-8e9f0ea9fd3c,Burton Bridge Inn,Burton U-T: Central,DE14 1SY,3,coordinate_agreement,independent_coordinate_agreement,2026-10-09,False,,
v-7b1892e4-b48c-5f5e-a463-5a8f08e40498,Burton Constitutional Club (PMC),Burton U-T: Central,DE14 1JE,3,coordinate_agreement,independent_coordinate_agreement,2026-10-09,False,,
v-a19c4459-296d-5c67-8cee-17a94b1714da,Bush,Brown Edge,ST6 8QA,3,coordinate_agreement,independent_coordinate_agreement,2026-10-09,False,,
v-5a7eafa6-1e23-50da-804e-e75569ac961f,Butchers Arms,Chester-le-Street,DH3 3QD,3,coordinate_agreement,independent_coordinate_agreement,2026-10-09,False,,
v-c79188c3-7d08-555c-863c-68d48d6dd6ce,Cap and Stocking,Kegworth,DE74 2FF,3,coordinate_agreement,independent_coordinate_agreement,2026-10-09,False,,
v-7e57ad1d-272f-53ca-8b18-7f3ac8bf26ee,Carpenters,Newport,NP20 1FQ,3,coordinate_agreement,independent_coordinate_agreement,2026-10-09,False,,
v-3f744776-452f-524a-b0d2-91df5e38fdb8,Carpenters Arms,Dale Abbey,DE7 4PP,3,coordinate_agreement,independent_coordinate_agreement,2026-10-09,False,,
v-4ad99162-ec0b-5942-9dd9-ffcfc7d58c55,Carpenters Arms,Westwoodside,DN9 2AT,3,coordinate_agreement,independent_coordinate_agreement,2026-10-09,False,,
v-c35efe60-9eb6-518e-91c3-a18eeabb8847,Cask and Barrel,Edinburgh: Central,EH1 3RZ,3,coordinate_agreement,independent_coordinate_agreement,2026-10-09,False,,
v-056cb1cd-9119-5f04-b907-6edd29c4349e,Castle,Leicester: Central,LE1 5WH,3,coordinate_agreement,independent_coordinate_agreement,2026-10-09,False,,
v-50323fa5-8304-5c72-972b-8d83a5347feb,Castle,Farringdon EC1M,EC1M 6DB,3,coordinate_agreement,independent_coordinate_agreement,2026-10-09,False,,
v-92de2df6-e97e-5ce0-a462-5ca74b066b2e,Castle Court Hotel,Beaumaris,LL58 8DA,3,coordinate_agreement,independent_coordinate_agreement,2026-10-09,False,,
v-f6886404-8431-56c0-9be6-1823b2099c4c,Castle Mona,Newcastle-U-L: Central,ST5 1NT,3,coordinate_agreement,independent_coordinate_agreement,2026-10-09,False,,
v-aa3471ae-ad37-5208-8523-f8231e943888,Caught and Bowled,Giltbrook,NG16 2GG,3,coordinate_agreement,independent_coordinate_agreement,2026-10-09,False,,
v-95a10492-5d95-5fd1-85cd-7a9a58882d81,Charlie Bassetts,Dilhorne,ST10 2PQ,3,coordinate_agreement,existing_evidence_needs_corroboration,2026-10-09,False,,
v-25db9c48-c55a-5c1b-9c9d-351c6e520400,Chequers,Ticknall,DE73 7JH,3,coordinate_agreement,independent_coordinate_agreement,2026-10-09,False,,
v-2de0bb85-bfc1-57c5-8db5-4eb99ac5bdfa,Chequers,Beeston,NG9 4AF,3,coordinate_agreement,independent_coordinate_agreement,2026-10-09,False,,
v-aeb9d9e6-0cae-54ac-9e8c-eaac2a085f36,Chequers,Oxford: Central,OX1 4DH,3,coordinate_agreement,independent_coordinate_agreement,2026-10-09,False,,
v-d40a1876-e06d-530f-b9d3-8aa4e469a8e3,Chester Road Tavern,Macclesfield,SK11 8DG,3,coordinate_agreement,independent_coordinate_agreement,2026-10-09,False,,
v-793bea47-0978-5182-b472-e441735f2b6b,Chesterfield Arms,Chesterfield: Newbold,S41 7PH,3,coordinate_agreement,independent_coordinate_agreement,2026-10-09,False,,
v-a8fae68c-ef98-5209-9725-d3954024f006,Chevin Golf Club (PMC),Duffield,DE56 4EE,3,coordinate_agreement,independent_coordinate_agreement,2026-10-09,False,,
v-e4f4c1f2-4300-5212-be6a-f7a73e821187,Cinque Ports,Seaford,BN25 1PP,3,coordinate_agreement,independent_coordinate_agreement,2026-10-09,False,,
v-af9dc0fc-3a8a-50ea-b904-00ad2e7e51de,Citizens Club (PMC),Hinckley,LE10 1AE,3,coordinate_agreement,independent_coordinate_agreement,2026-10-09,False,,
v-bf6b080a-042f-53df-971f-d707cdd8978a,Cleveland Arms,New Ferry,CH62 5BE,3,coordinate_agreement,independent_coordinate_agreement,2026-10-09,False,,
v-5ea9851c-9bfb-5584-ba17-bd7b05fc4189,Cloisters,Edinburgh: Tollcross,EH3 9JH,3,coordinate_agreement,independent_coordinate_agreement,2026-10-09,False,,
v-17d7e29a-030e-543d-890d-631c1396137f,Coachmakers Arms,Stoke: Hanley,ST1 3EA,3,coordinate_agreement,independent_coordinate_agreement,2026-10-09,False,,
v-ca9d397b-4b8c-5e4b-8abe-ce419b87b80e,Coal Hole,Strand WC2R,WC2R 0DW,3,coordinate_agreement,existing_evidence_needs_corroboration,2026-10-09,False,,
v-6d0bb9e5-f7de-5257-b2ac-396a40f95a3b,Cobblers,Leek,ST13 5JF,3,coordinate_agreement,independent_coordinate_agreement,2026-10-09,False,,
v-6a457ad2-7ee7-5c8a-9117-31e8b173865b,Cock,Woodseaves,ST20 0NP,3,coordinate_agreement,independent_coordinate_agreement,2026-10-09,False,,
v-74f228b0-434a-58de-94db-1b6fc9c5a1bf,Cock Inn,Stowe by Chartley,ST18 0LF,3,coordinate_agreement,independent_coordinate_agreement,2026-10-09,False,,
v-58e8a0e8-7f7f-548d-8f11-21a0a57db8e9,Coeur de Lion,Bath,BA1 5AR,3,coordinate_agreement,independent_coordinate_agreement,2026-10-09,False,,
v-86e19a4c-2c6a-5dbf-aecc-02f4ee85d993,Colvile Arms,Lullington,DE12 8EG,3,coordinate_agreement,independent_coordinate_agreement,2026-10-09,False,,
v-8ad1822b-757a-588b-bc8c-554fc8580a41,Commercial,Glossop,SK13 7SH,3,coordinate_agreement,independent_coordinate_agreement,2026-10-09,False,,
v-5616593b-8a99-527f-97aa-bb5eb490b5dd,Compton Arms,Islington N1,N1 2XD,3,coordinate_agreement,independent_coordinate_agreement,2026-10-09,False,,
v-38368b12-74dc-52f8-811e-567982334cbd,Coopers Tavern,Burton U-T: Central,DE14 1EG,3,coordinate_agreement,independent_coordinate_agreement,2026-10-09,False,,
v-4ad341c2-694e-516d-8712-ea25094b8d1d,Corner House,Barnstaple,EX31 1SY,3,coordinate_agreement,independent_coordinate_agreement,2026-10-09,False,,
v-14878e49-19a6-51cc-8a27-e2ffe107d761,Corvus,St Clears,SA33 4BG,3,coordinate_agreement,independent_coordinate_agreement,2026-10-09,False,,
v-f0e22bbe-c2b1-5a49-b35a-da7233cf951d,Cotton Tree,Bollington,SK10 5RE,3,coordinate_agreement,independent_coordinate_agreement,2026-10-09,False,,
v-1099e58b-6e60-5619-b6b7-d5943139f761,Crafty Local Ale House,Skegness,PE25 2AH,3,coordinate_agreement,independent_coordinate_agreement,2026-10-09,False,,
v-d43b5ef8-7af5-5728-9a3a-e93e2dbed275,Cross Foxes,Shrewsbury: Coleham,SY3 7DE,3,coordinate_agreement,independent_coordinate_agreement,2026-10-09,False,,
v-9548329c-9cf1-5d75-9fab-f9f59760c502,Cross Guns,Stoke: Northwood,ST1 6PW,3,coordinate_agreement,independent_coordinate_agreement,2026-10-09,False,,
v-5c982fb1-848c-5b01-ba8e-e86d8420002f,Cross House,Doynton,BS30 5TF,3,coordinate_agreement,independent_coordinate_agreement,2026-10-09,False,,
v-1d17c5c9-4733-52cd-b714-9df909ad3c38,Cross Keys,Tean,ST10 4DR,3,coordinate_agreement,independent_coordinate_agreement,2026-10-09,False,,
v-8588f8fe-f1e5-5210-89c3-92f39c2f27a8,Cross Keys,Wallingford,OX10 0DB,3,coordinate_agreement,independent_coordinate_agreement,2026-10-09,False,,
v-9076f4fc-5f83-530b-bbaf-18318f2ac733,Cross Keys,Tutbury,DE13 9NR,3,coordinate_agreement,independent_coordinate_agreement,2026-10-09,False,,
v-b9e27a79-683c-558f-b128-d5acbbd98a3d,Cross Keys,Barwell,LE9 8DD,3,coordinate_agreement,independent_coordinate_agreement,2026-10-09,False,,
v-98c9c146-6069-548e-9386-bd971dc8e282,Cross Keys Hotel,Hednesford,WS12 2DN,3,coordinate_agreement,independent_coordinate_agreement,2026-10-09,False,,
v-a8485c5d-3d4a-57e4-ac77-6e1235d3eeb1,Crossways Inn,West Huntspill,TA9 3RA,3,coordinate_agreement,independent_coordinate_agreement,2026-10-09,False,,
v-4bcf413a-ab40-58f5-823f-da3f42afc91f,Crown,Abbots Bromley,WS15 3BS,3,coordinate_agreement,independent_coordinate_agreement,2026-10-09,False,,
v-7ad6671f-7834-57cb-9096-bbd8d85669f1,Crown,Old Dalby,LE14 3LF,3,coordinate_agreement,independent_coordinate_agreement,2026-10-09,False,,
v-f36e6753-2a3a-5fee-8193-8b66f7d4088f,Crown,Newhall,DE11 0SN,3,coordinate_agreement,independent_coordinate_agreement,2026-10-09,False,,
v-d87d7238-4c39-56eb-8021-0599d9585515,Crown Hotel,Liverpool: Central,L1 1JQ,3,coordinate_agreement,independent_coordinate_agreement,2026-10-09,False,,
v-0bdbb0ff-6b77-5ebe-90b6-b674f7bf75c6,Crown Inn,Alrewas,DE13 7BS,3,coordinate_agreement,independent_coordinate_agreement,2026-10-09,False,,
v-8c3e5348-b35e-555b-b9fa-042bc86d6686,Crown Tavern,Bristol: St Judes,BS2 0DY,3,coordinate_agreement,independent_coordinate_agreement,2026-10-09,False,,
v-8e9d5935-31f8-5f60-8cb8-48ca3ce652d7,Crown Tavern,Clerkenwell EC1R,EC1R 0EG,3,coordinate_agreement,existing_evidence_needs_corroboration,2026-10-09,False,,
v-e1ce989b-4625-5d8d-93a9-1c92fad41e6a,Crown and Two Chairmen,Soho W1D,W1D 3SB,3,coordinate_agreement,independent_coordinate_agreement,2026-10-09,False,,
v-7e5320ea-a764-56c1-8a12-6f8f07513841,Curfew Inn,Bath,BA1 5DG,3,coordinate_agreement,independent_coordinate_agreement,2026-10-09,False,,
v-247c2ae3-3a7a-579e-bd0a-00f8fdb9d461,Devonport Hotel,Middleton One Row,DL2 1AS,3,coordinate_agreement,independent_coordinate_agreement,2026-10-09,False,,
v-fa3089d7-c4fd-5718-a3dd-1cb08d6e6efb,Devonshire,Soho W1D,W1D 7HW,3,coordinate_agreement,independent_coordinate_agreement,2026-10-09,False,,
v-c2a3a5ae-e11a-55a2-ba17-b47d2793f2ed,Devonshire Arms,Hartington,SK17 0AL,3,coordinate_agreement,independent_coordinate_agreement,2026-10-09,False,,
v-d34c3888-a80c-5ad7-84db-f465dce528b1,Devonshire Arms,Burton U-T: Central,DE14 1BT,3,coordinate_agreement,independent_coordinate_agreement,2026-10-09,False,,
v-bde6c78b-c336-58d3-8ed3-1b619b4ee470,Dew Drop Inn,Oxford: Summertown,OX2 7DX,3,coordinate_agreement,independent_coordinate_agreement,2026-10-09,False,,
v-009a7c6e-3950-55bb-8a3c-eaf89ba0737e,Dick Turpin,Newcastle-U-L: Higherland,ST5 2QS,3,coordinate_agreement,independent_coordinate_agreement,2026-10-10,False,,
v-a31ab694-2f4a-53db-9b75-0da2a23ccc6d,Dog Inn,Whittington,WS14 9JU,3,coordinate_agreement,independent_coordinate_agreement,2026-10-09,False,,
v-5ca777eb-7c87-5fbe-bcc1-3c2512fc29ac,Dog and Partridge,Marchington,ST14 8LJ,3,coordinate_agreement,independent_coordinate_agreement,2026-10-09,False,,
v-dd4987ce-5e38-5560-a40d-5b4eb6e4ddf4,Dog and Partridge,Packmoor,ST7 4QF,3,coordinate_agreement,independent_coordinate_agreement,2026-10-09,False,,
v-df6d2b46-d775-57a3-9172-6ab51e523b58,Dolphin Hotel,Plymouth: Barbican,PL1 2LS,3,coordinate_agreement,independent_coordinate_agreement,2026-10-09,False,,
v-d6613461-a4b6-5497-9232-48f62c18fb88,Dragon,Willington,DE65 6BP,3,coordinate_agreement,independent_coordinate_agreement,2026-10-09,False,,
v-31b7b1f6-77b9-5cb5-a0ad-4d8dd163894c,Duke of St Albans,Highgate NW5,NW5 1QX,3,coordinate_agreement,independent_coordinate_agreement,2026-10-09,False,,
v-b55d886d-04ab-59cc-9c90-580abf4de786,Dun Cow,Dunchurch,CV22 6NJ,3,coordinate_agreement,independent_coordinate_agreement,2026-10-09,False,,
v-757bf4c4-3609-55ed-ba19-2e554e8bea29,Earl Grey,Leek,ST13 5AT,3,coordinate_agreement,independent_coordinate_agreement,2026-10-09,False,,
v-9a79cf57-994d-5621-9d2d-800516e98833,Earl Haig Club,Cardiff: Whitchurch,CF14 2AA,3,coordinate_agreement,owner_reviewed,2026-10-09,False,,
v-79d5023b-81d8-59fe-af28-3713e8df2c1e,Ebenezers,Hythe,SO45 6AR,3,coordinate_agreement,independent_coordinate_agreement,2026-10-09,False,,
v-9a7d4d41-8bd3-505a-9f1c-42e359c305ef,Elms Inn,Burton U-T: Stapenhill,DE15 9AE,3,coordinate_agreement,independent_coordinate_agreement,2026-10-09,False,,
v-cc32325c-cebe-5693-a6d1-db2e22522ecf,Excelsior,Liverpool: Central,L2 2JH,3,coordinate_agreement,independent_coordinate_agreement,2026-10-09,False,,
v-759334c0-b5fe-5f5b-ba51-143fad86ee71,Express Tavern,Brentford TW8,TW8 0EW,3,coordinate_agreement,independent_coordinate_agreement,2026-10-09,False,,
v-282b4121-c19d-51ad-bb24-ee3aa2de5f0d,Fat Cat,Norwich,NR2 4NA,3,coordinate_agreement,independent_coordinate_agreement,2026-10-09,False,,
v-f3734e56-20a8-5a7e-8441-157b6f375658,Fishguard Arms,Fishguard,SA65 9HJ,3,coordinate_agreement,independent_coordinate_agreement,2026-10-09,False,,
v-c0a35a01-7c4c-5bd1-9a00-f30043a1e758,Five Lamps,Derby: Central,DE1 3BH,3,coordinate_agreement,independent_coordinate_agreement,2026-10-09,False,,
v-42bee9d3-42f7-57d3-94c2-addff8ba2a4b,Flowerpot,Walthamstow E17,E17 3HX,3,coordinate_agreement,independent_coordinate_agreement,2026-10-09,False,,
v-ad9b7a7a-a959-5388-8463-6d01cf2e255c,Flowerpot,Derby: Central,DE1 3DZ,3,coordinate_agreement,independent_coordinate_agreement,2026-10-09,False,,
v-bc524cdf-03ba-55bc-ac6c-bea87e1b49d2,Fountain,Lower Gornal,DY3 2PE,3,coordinate_agreement,independent_coordinate_agreement,2026-10-09,False,,
v-b08ac69c-ee94-5e4a-8ba8-03be07eecefa,Fountain Inn,Leek,ST13 6JR,3,coordinate_agreement,independent_coordinate_agreement,2026-10-09,False,,
v-995e22b2-23af-510c-b426-397671b7f6dd,Fox,Hanwell W7,W7 2PJ,3,coordinate_agreement,independent_coordinate_agreement,2026-10-09,False,,
v-ccf13de9-5d63-5bc0-a365-f7c600c34136,Fox,Ysceifiog,CH8 8NJ,3,coordinate_agreement,independent_coordinate_agreement,2026-10-09,False,,
v-289dedfa-59b2-524c-9f62-170045e6794a,Fox & Hounds,Lulsley,WR6 5QT,3,coordinate_agreement,independent_coordinate_agreement,2026-10-09,False,,
v-589d300c-8a09-531b-8f26-090bc1fff390,Fox and Pine,Oldham,OL1 1AD,3,coordinate_agreement,independent_coordinate_agreement,2026-10-09,False,,
v-2904c335-a108-5c93-a91c-a25b8969c92c,Frog and Ferret,Spennymoor,DL16 7RS,3,coordinate_agreement,independent_coordinate_agreement,2026-10-09,False,,
v-79e75ee7-d08c-5954-8c2e-4abe4061a8bd,Gate,Tansley,DE4 5FN,3,coordinate_agreement,independent_coordinate_agreement,2026-10-09,False,,
v-f20419be-325a-5f06-bbac-876206d3b735,Gate Inn,Hugglescote,LE67 2HG,3,coordinate_agreement,independent_coordinate_agreement,2026-10-09,False,,
v-1f982dcb-1647-57f0-8177-9fc792bbf7d3,George IV,Lichfield,WS13 6LU,3,coordinate_agreement,independent_coordinate_agreement,2026-10-09,False,,
v-06c00503-a853-59d7-9f3c-6a81833d25be,George Inn,Coleorton,LE67 8HF,3,coordinate_agreement,independent_coordinate_agreement,2026-10-09,False,,
v-08e8080f-42e8-57dd-99c8-1d37f71e26cc,George Inn,Winterton,DN15 9PT,3,coordinate_agreement,independent_coordinate_agreement,2026-10-09,False,,
v-a4884649-8729-514c-a80c-6cb22bece019,George and Dragon,Belper: Central,DE56 1BA,3,coordinate_agreement,independent_coordinate_agreement,2026-10-09,False,,
v-f3b5abb5-5292-5a3e-9d84-1e24e5a08fba,George and Dragon,Yarm,TS15 9AH,3,coordinate_agreement,independent_coordinate_agreement,2026-10-09,False,,
v-9deb64c7-aa8b-5896-a1c7-625f80fd50fc,Gipsy Moth,Greenwich SE10,SE10 9BL,3,coordinate_agreement,independent_coordinate_agreement,2026-10-09,False,,
v-97eec8ed-44c6-5087-bbba-d95dc4a624e2,Glen,Haverfordwest,SA61 1XA,3,coordinate_agreement,independent_coordinate_agreement,2026-10-09,False,,
v-70ac1347-920f-543d-950a-2efe32f28d95,Glenhills Sports and Social Club (PMC),Glen Parva,LE2 9JB,3,coordinate_agreement,independent_coordinate_agreement,2026-10-09,False,,
v-516c81ec-e064-5ab2-878d-c8025355bebf,Golden Eagle,Lincoln,LN5 8BD,3,coordinate_agreement,independent_coordinate_agreement,2026-10-09,False,,
v-a2f4f386-84dc-5088-8639-51459b34ad96,Golden Eagle,Chester,CH1 2DS,3,coordinate_agreement,independent_coordinate_agreement,2026-10-09,False,,
v-c691f1d5-88ed-5d58-985b-d2b033c6d76e,Goodmanham Arms,Goodmanham,YO43 3JA,3,coordinate_agreement,independent_coordinate_agreement,2026-10-09,False,,
v-0ea4ff2b-6cc3-5c90-964b-7ec2d97e82e3,Green Dragon,Little Stretton,SY6 6RE,3,coordinate_agreement,independent_coordinate_agreement,2026-10-09,False,,
v-59d99b24-a00c-5240-bc43-5b846f1634d5,Green Man,Milwich,ST18 0EG,3,coordinate_agreement,independent_coordinate_agreement,2026-10-09,False,,
v-bce3e3e9-f10b-5024-b926-e52be4c9aeba,Green Man,Fitzrovia W1W,W1W 7EP,3,coordinate_agreement,independent_coordinate_agreement,2026-10-09,False,,
v-c8bc0000-5be4-53de-b85f-0f4e4e1678ed,Green Man,Coleshill,B46 3AH,3,coordinate_agreement,independent_coordinate_agreement,2026-10-09,False,,
v-d4ae7288-15b0-57dd-815a-74d153746742,Green Man,Willington,DE65 6BQ,3,coordinate_agreement,independent_coordinate_agreement,2026-10-09,False,,
v-d9576d07-54ef-5423-846c-2d0e9f595931,Green Man,Middleton,B78 2AN,3,coordinate_agreement,independent_coordinate_agreement,2026-10-09,False,,
v-f23f9c20-13f1-52d3-b9d7-ef6a0831f65e,Green Man,Trumpington,CB2 9HZ,3,coordinate_agreement,independent_coordinate_agreement,2026-10-09,False,,
v-4da1164e-8693-5978-a306-17b5847ca7fe,Greyhound,Derby: Central,DE1 1FN,3,coordinate_agreement,independent_coordinate_agreement,2026-10-09,False,,
v-80a40ed0-e1a5-5f75-a9b5-9bf0859cdd70,Greyhound,Hinckley,LE10 1HN,3,coordinate_agreement,independent_coordinate_agreement,2026-10-09,False,,
v-92423ecf-1b34-5b41-902a-9213e47f7aaf,Greyhound,Mansfield,NG19 8BD,3,coordinate_agreement,independent_coordinate_agreement,2026-10-09,False,,
v-303477a7-54e4-5913-b80a-4a5dcb37af54,Greyhound Inn,Coventry: Sutton Stop,CV6 6DF,3,coordinate_agreement,independent_coordinate_agreement,2026-10-09,False,,
v-d6a59038-f5ef-5bc9-b298-68f7798fe8c6,Groovers Arms,Ripley: Peasehill,DE5 3JN,3,coordinate_agreement,independent_coordinate_agreement,2026-10-09,False,,
v-260ba96e-3d65-5a01-bac5-53f76e6e5123,Grove,Burton U-T: Stapenhill,DE15 9DQ,3,coordinate_agreement,independent_coordinate_agreement,2026-10-09,False,,
v-7066d811-b7d5-5474-b3b2-63463ab56991,Half Moon,Littleover,DE23 6FN,3,coordinate_agreement,independent_coordinate_agreement,2026-10-09,False,,
v-df554200-c89f-5066-8998-b693c85f9a24,Half Moon,Durham,DH1 3AQ,3,coordinate_agreement,independent_coordinate_agreement,2026-10-09,False,,
v-07fb1390-e646-5d4e-977b-e66ce29a79d9,Hand and Heart,Nottingham: Central,NG1 5BA,3,coordinate_agreement,independent_coordinate_agreement,2026-10-09,False,,
v-2cd5a629-617c-5b91-b526-87934aee4d0c,Hand and Shears,Barbican EC1A,EC1A 7JA,3,coordinate_agreement,independent_coordinate_agreement,2026-10-09,False,,
v-ad92f484-649e-5618-98b2-57eab539a803,Harbour Pool Club (PMC),St Ives,TR26 1LF,3,coordinate_agreement,existing_evidence_needs_corroboration,2026-10-09,False,,
v-a931934c-04a6-5c62-9e77-c493603da229,Hardinge Arms,Kings Newton,DE73 8BX,3,coordinate_agreement,independent_coordinate_agreement,2026-10-09,False,,
v-59bedf56-036b-5a16-ba9c-a07870b4d01f,Hardwick Arms Hotel,Sedgefield,TS21 2AZ,3,coordinate_agreement,independent_coordinate_agreement,2026-10-09,False,,
v-89e87eb9-f76f-51a2-9451-37b0d60465ab,Hare and Hounds,Harlton,CB23 1ES,3,coordinate_agreement,independent_coordinate_agreement,2026-10-09,False,,
v-8e5b2393-cd3c-521b-9166-47d76c920c2b,Harrington Arms,Thulston,DE72 3EY,3,coordinate_agreement,independent_coordinate_agreement,2026-10-09,False,,
v-be7f0bf6-ee04-51ab-b58d-71d3cbcc0f66,Hat and Beaver,Atherstone,CV9 1AF,3,coordinate_agreement,independent_coordinate_agreement,2026-10-09,False,,
v-f37066e0-dd8f-5917-b980-2c0a8adc9424,Hawk and Buckle,Etwall,DE65 6LP,3,coordinate_agreement,independent_coordinate_agreement,2026-10-09,False,,
v-6bc38848-0591-5605-be55-9f54def76a97,Hearsall Inn,Coventry: Chapelfields,CV5 8DS,3,coordinate_agreement,independent_coordinate_agreement,2026-10-09,False,,
v-8c65878d-4129-5c59-8793-ad02a031fce5,Hed'On Inn,Hedon,HU12 8EZ,3,coordinate_agreement,independent_coordinate_agreement,2026-10-09,False,,
v-994e2b34-f768-5cab-8d73-34ff2ba30bab,Henrys Bar,Paignton,TQ4 6AJ,3,coordinate_agreement,independent_coordinate_agreement,2026-10-09,False,,
v-80b46aa7-9588-5a45-ad24-96f24abad31d,Hesketh Arms,Rufford,L40 1SB,3,coordinate_agreement,independent_coordinate_agreement,2026-10-09,False,,
v-7178be40-0b53-561c-a485-dacf29c0d04b,Hillside,Crawley: Pund Hill,RH10 7SX,3,coordinate_agreement,independent_coordinate_agreement,2026-10-09,False,,
v-c2801120-da25-5be3-9c49-3e2d735190d3,Hog Noggins,Stoke: Burslem,ST6 4AR,3,coordinate_agreement,independent_coordinate_agreement,2026-10-09,False,,
v-5cae6524-8692-5bc8-ab3a-c225240143f3,Hoppy Place,Derby: Chaddesden,DE21 6PF,3,coordinate_agreement,independent_coordinate_agreement,2026-10-09,False,,
v-c35bce3d-8f52-54ae-9346-2917f95a95c7,Horse and Groom,St Leonards,TN38 0EB,3,coordinate_agreement,independent_coordinate_agreement,2026-10-09,False,,
v-f69d5b68-d534-5b6f-9d70-7a31d62e75af,Horse and Groom,Derby: Central,DE1 3HN,3,coordinate_agreement,independent_coordinate_agreement,2026-10-09,False,,
v-8bf82b3e-44d5-57d8-aae9-86f083fa56c7,Horse and Trumpet,Sileby,LE12 7LP,3,coordinate_agreement,independent_coordinate_agreement,2026-10-09,False,,
v-09253a78-877d-51d9-bcf3-2189fa846e2b,Horseshoe,Chipping Sodbury,BS37 6AH,3,coordinate_agreement,independent_coordinate_agreement,2026-10-09,False,,
v-12224361-c352-56ce-914a-4df8cc9b38d2,Hourglass,Tutbury,DE13 9LP,3,coordinate_agreement,independent_coordinate_agreement,2026-10-09,False,,
v-a133f55b-7780-5435-a9a1-4f3b52e1acbe,Imperial Inn,Gloucester,GL1 2AG,3,coordinate_agreement,independent_coordinate_agreement,2026-10-09,False,,
v-6040a12f-787d-5099-a640-bc3a1fdc1c6c,Inkspot,Leek,ST13 6HX,3,coordinate_agreement,existing_evidence_needs_corroboration,2026-10-09,False,,
v-67ba7177-95d2-5265-a5a8-f4c122e518e6,Irby Mill,Greasby,CH49 3NT,3,coordinate_agreement,independent_coordinate_agreement,2026-10-09,False,,
v-c3c6a0c9-ece6-5d38-911c-a19caae36408,Island Queen,Islington N1,N1 8HD,3,coordinate_agreement,independent_coordinate_agreement,2026-10-09,False,,
v-0a1afb42-ef83-5d3a-ac66-0f68788a05b3,Jawbone,Liverpool: Bootle,L20 3BZ,3,coordinate_agreement,owner_reviewed,2026-10-09,False,,
v-616d4c5c-be34-59fb-b716-0ce10d322ac5,Joiners Arms,Morpeth,NE61 1XZ,3,coordinate_agreement,independent_coordinate_agreement,2026-10-09,False,,
v-5840e7d1-6ac4-5d2f-b0b8-9875ccbde7dc,Jolly Carter,Stoke: Burslem,ST6 3QJ,3,coordinate_agreement,existing_evidence_needs_corroboration,2026-10-09,False,,
v-03bc8f64-3b00-5f13-afac-96f8eab41004,Jolly Potters,Castle Donington,DE74 2NH,3,coordinate_agreement,independent_coordinate_agreement,2026-10-09,False,,
v-27a36d27-0add-582e-86ca-8e1169128669,Jolly Sailor,Macclesfield,SK11 6HN,3,coordinate_agreement,independent_coordinate_agreement,2026-10-09,False,,
v-b76449b3-8eb9-5c8e-9249-700762f5d8a3,Jolly Sailor,Hemington,DE74 2RB,3,coordinate_agreement,independent_coordinate_agreement,2026-10-09,False,,
v-37880b55-26dd-518b-a31f-17f42d71a286,Jug and Glass,Lea,DE4 5GJ,3,coordinate_agreement,independent_coordinate_agreement,2026-10-09,False,,
v-e7d4f9c3-ee63-596f-9098-c62fde1d69d2,Keans Head,Nottingham: Central,NG1 1QA,3,coordinate_agreement,independent_coordinate_agreement,2026-10-09,False,,
v-b9af171c-fefd-5cea-83c9-87c1beba94ec,King William IV,St Albans: Bernards Heath,AL1 4AH,3,coordinate_agreement,independent_coordinate_agreement,2026-10-09,False,,
v-eb425970-07fc-52d0-995d-c0d13a473973,King of Prussia,Kingsbridge,TQ7 1JB,3,coordinate_agreement,independent_coordinate_agreement,2026-10-09,False,,
v-2a7a5a49-6d37-59f0-b157-ae0bb3fdcb0b,Kings Arms,Bethnal Green E2,E2 6EY,3,coordinate_agreement,independent_coordinate_agreement,2026-10-09,False,,
v-ceae4c50-fc62-580c-b6de-a0769bf742b2,Kings Arms,Whitchurch,RG28 7AB,3,coordinate_agreement,independent_coordinate_agreement,2026-10-09,False,,
v-d50e8515-7788-542c-8eb8-b448a556ce3b,Kings Arms,Newent,GL18 1BD,3,coordinate_agreement,independent_coordinate_agreement,2026-10-09,False,,
v-71fc939a-ab26-5da5-a03b-420f0b9dfcc9,Kings Head,North Weald,CM16 6BU,3,coordinate_agreement,independent_coordinate_agreement,2026-10-09,False,,
v-8590dcc6-31ad-517a-bf81-afcbca16d3d6,Kings Head,Shrewsbury: Central,SY1 1PP,3,coordinate_agreement,independent_coordinate_agreement,2026-10-09,False,,
v-f1c9a984-7cec-51a0-ba02-1041b5f3a7c5,Kings Way,Stoke: Central,ST4 1JB,3,coordinate_agreement,independent_coordinate_agreement,2026-10-09,False,,
v-6f596460-a688-5196-acb3-b4fdc1f6f6cd,Kingston Arms,Cambridge,CB1 2NU,3,coordinate_agreement,independent_coordinate_agreement,2026-10-09,False,,
v-d4791829-cd62-5610-8557-722e5a52f60a,Laburnum,Matlock,DE4 2PW,3,coordinate_agreement,independent_coordinate_agreement,2026-10-09,False,,
v-05c2ff04-bf80-50f1-9eac-c1e10af638ea,Leopard,Doncaster,DN1 3AA,3,coordinate_agreement,independent_coordinate_agreement,2026-10-09,False,,
v-1a28aea9-7f77-5dea-9deb-48833794dc32,London Inn,Plympton,PL7 1NH,3,coordinate_agreement,independent_coordinate_agreement,2026-10-09,False,,
v-3475b2ff-bed7-56ce-88ef-d024ff70524b,Loose Cannon,Newark,NG24 1AN,3,coordinate_agreement,independent_coordinate_agreement,2026-10-09,False,,
v-5a95a168-a3c7-5982-9894-f43159860666,Lord Clyde,Borough SE1,SE1 1ER,3,coordinate_agreement,independent_coordinate_agreement,2026-10-09,False,,
v-0b55e886-416b-576a-a081-ac4d36816613,Lord Grenfell,Maidenhead,SL6 1TW,3,coordinate_agreement,independent_coordinate_agreement,2026-10-09,False,,
v-0ccc8e04-08da-58a5-a6b5-293d225871db,Lord Hop,Nuneaton: Central,CV11 5JX,3,coordinate_agreement,independent_coordinate_agreement,2026-10-09,False,,
v-3fe24d4a-5e58-5562-b4a3-32794f54f640,Lord Nelson,Oakham,LE15 6DT,3,coordinate_agreement,independent_coordinate_agreement,2026-10-09,False,,
v-9c7aaafd-444e-5974-87c2-cba4aa36e10e,Lord Nelson,Sheffield: Central,S1 4RE,3,coordinate_agreement,independent_coordinate_agreement,2026-10-09,False,,
v-da1ab1f7-22cf-5624-b84c-63141fdd4ce1,Lounge,Plymouth: Devonport,PL1 4QT,3,coordinate_agreement,independent_coordinate_agreement,2026-10-09,False,,
v-f27abe13-4a8d-532e-a994-a395b08b9c07,Macbeth,Hoxton N1,N1 6LP,3,coordinate_agreement,independent_coordinate_agreement,2026-10-09,False,,
v-c11c9064-4284-55d3-96b2-678183c5925e,Magazine Hotel,New Brighton,CH45 1HP,3,coordinate_agreement,independent_coordinate_agreement,2026-10-09,False,,
v-388d2ec7-755e-5027-b9cb-3b2cb80796c3,Maid of the Mill,Atherstone,CV9 2AB,3,coordinate_agreement,independent_coordinate_agreement,2026-10-09,False,,
v-9ef54aea-8129-5e89-ad95-2256e2509255,Man In Space,Stoke: Trentham,ST4 8PZ,3,coordinate_agreement,independent_coordinate_agreement,2026-10-09,False,,
v-2cf64590-d5a5-5dde-aa18-2bb88a2e8021,Man Within Compass,Whitwick,LE67 5AS,3,coordinate_agreement,independent_coordinate_agreement,2026-10-09,False,,
v-57e603be-1c07-568c-90c0-396a69c29929,Markeaton,Derby: Allestree,DE22 2TF,3,coordinate_agreement,independent_coordinate_agreement,2026-10-09,False,,
v-f7b45209-1b0e-5523-95d9-81f8739b35f0,Market Inn,Tavistock,PL19 9BB,3,coordinate_agreement,independent_coordinate_agreement,2026-10-09,False,,
v-7f5d556a-433d-5732-af75-9cee3078da77,Market Tavern,Stoke: Hanley,ST1 1NA,3,coordinate_agreement,independent_coordinate_agreement,2026-10-09,False,,
v-f664c413-7c2f-5bb5-ab04-2b002dd45b90,Market Tavern Tap,Atherstone,CV9 1ET,3,coordinate_agreement,independent_coordinate_agreement,2026-10-09,False,,
v-71419ae0-7dd1-5e40-bc1b-511231648ba0,Masham,Hartburn,TS18 5DR,3,coordinate_agreement,independent_coordinate_agreement,2026-10-09,False,,
v-56182c3d-4872-5983-bf48-6b6c3fed530e,Melbourne Inn,Melbourne,DE73 8GJ,3,coordinate_agreement,independent_coordinate_agreement,2026-10-09,False,,
v-2dcd6fcc-9d91-5181-b91c-7be8dbc2e64c,Middle Bell,Barton-under-Needwood,DE13 8AA,3,coordinate_agreement,independent_coordinate_agreement,2026-10-09,False,,
v-e1f5511f-cbbb-556a-ae99-ee2609c8de6c,Miners Arms,Church Gresley,DE11 9NT,3,coordinate_agreement,independent_coordinate_agreement,2026-10-09,False,,
v-773a6db4-ab20-5f3f-99c7-d4d030f53c9e,Miners Standard,Winster,DE4 2DR,3,coordinate_agreement,independent_coordinate_agreement,2026-10-09,False,,
v-f234007d-5831-5d19-b9ec-52c8225cd7d0,Minerva,Hull,HU1 1XE,3,coordinate_agreement,independent_coordinate_agreement,2026-10-09,False,,
v-0297064d-8ae0-5c01-9881-6b2612c57382,Museum,Newcastle-U-L: Central,ST5 1JU,3,coordinate_agreement,independent_coordinate_agreement,2026-10-09,False,,
v-6c7763f7-b7cb-5b12-a428-b453c924e35f,Myrtle Tree,Bristol: Hotwells,BS1 5UW,3,coordinate_agreement,independent_coordinate_agreement,2026-10-09,False,,
v-f46f3203-92c8-588b-b523-8e0a32ee1524,Navigation,Breaston,DE72 3BP,3,coordinate_agreement,independent_coordinate_agreement,2026-10-09,False,,
v-c63814fd-52c2-5e7a-bca3-131e9aa35dfa,Neptune,Derby: Central,DE1 2HR,3,coordinate_agreement,independent_coordinate_agreement,2026-10-09,False,,
v-4cd5d0e9-609e-58d3-8951-651bca1d9625,New Court Inn,Usk,NP15 1AD,3,coordinate_agreement,independent_coordinate_agreement,2026-10-09,False,,
v-a09ebbac-0d61-5240-8ed5-c304af60c205,New Inn,Hornsea,HU18 1AN,3,coordinate_agreement,independent_coordinate_agreement,2026-10-09,False,,
v-bb2bede7-bcfa-547b-b302-fe75e69f1abe,New Inn,North Thoresby,DN36 5QS,3,coordinate_agreement,independent_coordinate_agreement,2026-10-09,False,,
v-cbfe73d0-8255-595c-a177-d2ab969041d8,New Inn,Buxton,SK17 6EB,3,coordinate_agreement,independent_coordinate_agreement,2026-10-09,False,,
v-abda00ef-a4bb-5ea5-a557-3d00df490a69,New Oxford,Salford,M3 6DB,3,coordinate_agreement,independent_coordinate_agreement,2026-10-09,False,,
v-d436c9a5-d394-528f-86e8-96c99ecbd4ee,New Zealand Arms,Derby: New Zealand,DE22 3GL,3,coordinate_agreement,independent_coordinate_agreement,2026-10-09,False,,
v-6ae627b5-b066-5e24-9051-0a7d621d382c,Newhall Arms,Cannock,WS11 1BN,3,coordinate_agreement,independent_coordinate_agreement,2026-10-09,False,,
v-3925df2c-0a5b-5692-9cdb-ad609c4da147,Newport Ale House,Newport,PO30 5AZ,3,coordinate_agreement,independent_coordinate_agreement,2026-10-09,False,,
v-4cd928b7-58a2-5b97-be2a-54c98d6fd811,Nobody Inn,Grantham,NG31 6NU,3,coordinate_agreement,independent_coordinate_agreement,2026-10-09,False,,
v-b187aca6-7be9-5213-9915-8bf4a685cd0e,Nolans,Hull,HU1 1JG,3,coordinate_agreement,independent_coordinate_agreement,2026-10-09,False,,
v-f35c2f32-d38e-56cf-8c04-dda1b9fc7f08,Nottingham House,Cleethorpes,DN35 8EU,3,coordinate_agreement,existing_evidence_needs_corroboration,2026-10-09,False,,
v-a037b41d-7588-53df-8d1b-0dc9a382eab8,Nut and Squirrel,Westcroft,MK4 4DD,3,coordinate_agreement,independent_coordinate_agreement,2026-10-09,False,,
v-f68c7857-d1cd-5200-95ac-e129a28874b4,O'Neills,Watford: Centre,WD17 1ET,3,coordinate_agreement,independent_coordinate_agreement,2026-10-09,False,,
v-a76a5e66-bf87-526d-a2c3-66a43f153f16,Office at Warton,Warton,B79 0JN,3,coordinate_agreement,independent_coordinate_agreement,2026-10-09,False,,
v-50a2ff67-fd6e-5abc-9624-821b80575e72,Old Ale House,Truro,TR1 2HD,3,coordinate_agreement,independent_coordinate_agreement,2026-10-09,False,,
v-c186678b-ce65-5ecd-9370-60ce0be133c5,Old George,Newcastle: Central,NE1 1EZ,3,coordinate_agreement,independent_coordinate_agreement,2026-10-09,False,,
v-bb27258b-c8fb-57fa-adf3-7195d0046191,Old House at Home,Stoke: Hartshill,ST4 6AF,3,coordinate_agreement,independent_coordinate_agreement,2026-10-09,False,,
v-1f850182-5b88-5193-839d-2e32bb379602,Old Shepherd,Chorleywood,WD3 5JH,3,coordinate_agreement,independent_coordinate_agreement,2026-10-09,False,,
v-a1bb1afa-66b1-5a56-a73a-b61b008b9cda,Old Silk Mill,Derby: Central,DE1 3AF,3,coordinate_agreement,independent_coordinate_agreement,2026-10-09,False,,
v-2c63d2c6-3539-5152-b5b7-a7eb8d98a657,Old Swan,Madeley Heath,CW3 9LD,3,coordinate_agreement,independent_coordinate_agreement,2026-10-09,False,,
v-7ce68043-1d31-5093-a8df-116df98bd8e7,Old Windmill,Coventry: Central,CV1 3BA,3,coordinate_agreement,independent_coordinate_agreement,2026-10-09,False,,
v-f51409ae-6c10-56d6-b50d-905553899e16,Old Yew Tree,South Wingfield,DE55 7NH,3,coordinate_agreement,independent_coordinate_agreement,2026-10-09,False,,
v-269aa3fe-28df-5bd1-8e21-f210e994d643,Olde Chequers Inn,Bulkington,CV12 9NH,3,coordinate_agreement,independent_coordinate_agreement,2026-10-09,False,,
v-cab05bf0-cc9b-5c82-a7d4-146787ae933f,Olde Cottage,Chester,CH1 3DZ,3,coordinate_agreement,independent_coordinate_agreement,2026-10-09,False,,
v-d8553110-f596-5e7f-998c-21f1718f340b,Olde Kings Arms,Congleton,CW12 1BN,3,coordinate_agreement,independent_coordinate_agreement,2026-10-09,False,,
v-5cebdfe8-553b-598e-afa8-1b1510a63c90,Olde Whyte Swanne,Louth,LN11 9NP,3,coordinate_agreement,independent_coordinate_agreement,2026-10-09,False,,
v-09770c0c-efe5-5589-a6e1-edf4f7ca4a95,Park Inn,Stoke: Dresden,ST3 4EN,3,coordinate_agreement,independent_coordinate_agreement,2026-10-09,False,,
v-87d62c18-2ada-5403-86fd-2030a2b69ad1,Pebbles Tavern,Watchet,TA23 0AN,3,coordinate_agreement,independent_coordinate_agreement,2026-10-09,False,,
v-fbb0978c-dd43-593b-85ea-bbdcc21abd9d,Pelican Inn/Tafarn Y Pelican,Newcastle Emlyn,SA38 9AP,3,coordinate_agreement,independent_coordinate_agreement,2026-10-09,False,,
v-9fab66f6-d13e-584c-bcd9-0489b0a9d6b2,Pen and Wig,Newport,NP20 1JD,3,coordinate_agreement,independent_coordinate_agreement,2026-10-09,False,,
v-3acebbc1-6350-590f-b5f3-e933c8e984a0,Philharmonic Dining Rooms,Liverpool: Central,L1 9BX,3,coordinate_agreement,independent_coordinate_agreement,2026-10-09,False,,
v-3dbfba46-80e3-56c7-81e7-9e3e0dad505a,Pick & Davy,Eastwood,NG16 3GS,3,coordinate_agreement,independent_coordinate_agreement,2026-10-09,False,,
v-f5aec448-8eee-52d9-abb9-75adbf3dbdbf,Pickled Pig at the Bankhouse,Stafford,ST16 2JU,3,coordinate_agreement,independent_coordinate_agreement,2026-10-09,False,,
v-f3b63197-bff2-54f8-ba0f-1e71aba480e0,Pilot Inn,Mumbles,SA3 4EL,3,coordinate_agreement,independent_coordinate_agreement,2026-10-09,False,,
v-9544f8e7-832b-50cf-aeab-28934ae4f0bf,Plough,Ashby-de-la-Zouch,LE65 1JU,3,coordinate_agreement,independent_coordinate_agreement,2026-10-09,False,,
v-af18b197-586e-5323-8171-e7f9e58f5ec9,Plough,Endon,ST9 9BE,3,coordinate_agreement,existing_evidence_needs_corroboration,2026-10-09,False,,
v-fe30654c-6eda-5367-99e7-211b1d88ec8b,Pony and Trap,Cullompton,EX15 1DJ,3,coordinate_agreement,independent_coordinate_agreement,2026-10-09,False,,
v-c6e62efa-a2f8-5ff3-86f2-1ffaeff497df,Portly Pig,Ripon,HG4 1PA,3,coordinate_agreement,independent_coordinate_agreement,2026-10-09,False,,
v-a64c40e1-4d84-5e3e-bd79-bc91095ad474,Prince of Wales,Kenfig,CF33 4PR,3,coordinate_agreement,independent_coordinate_agreement,2026-10-09,False,,
v-c312b191-5dc8-5838-96d7-aa96c0aa1f8e,Prince of Wales,Shrewsbury: Belle Vue,SY3 7NZ,3,coordinate_agreement,independent_coordinate_agreement,2026-10-09,False,,
v-fc1f541f-87a1-54f4-82be-146658bfef83,Princess Royal,Stoke: Dresden,ST3 4HA,3,coordinate_agreement,independent_coordinate_agreement,2026-10-09,False,,
v-455a0f22-c4a2-5f4f-9cc6-07f5eaad63f4,Queens Head,Ashby-de-la-Zouch,LE65 1AH,3,coordinate_agreement,independent_coordinate_agreement,2026-10-09,False,,
v-50b49d11-849b-5db0-8232-b7ba4f7c7961,Queens Head,Kidsgrove,ST7 4AB,3,coordinate_agreement,independent_coordinate_agreement,2026-10-09,False,,
v-71e35bfa-6e25-5d89-a45d-f0dc746c8d96,Queens Head,Hinckley,LE10 1RJ,3,coordinate_agreement,independent_coordinate_agreement,2026-10-09,False,,
v-16fce655-2a04-59e3-95a6-8dd506977a1f,Queslett,Streetly,B74 2EY,3,coordinate_agreement,independent_coordinate_agreement,2026-10-09,False,,
v-b48e22cf-70bc-5642-97c1-91fc1f7d693f,Railway,Glenfield,LE3 8BR,3,coordinate_agreement,independent_coordinate_agreement,2026-10-09,False,,
v-bd246278-e4f8-5207-a42a-5fc51626dc5e,Railway Brewhouse,Newton Abbot,TQ12 2BS,3,coordinate_agreement,independent_coordinate_agreement,2026-10-09,False,,
v-d24206aa-4b02-5048-a6b8-80360b5add02,Railway Inn,Moira,DE12 6DJ,3,coordinate_agreement,independent_coordinate_agreement,2026-10-09,False,,
v-fa127648-f0b1-5560-aea8-c51e6335d5f4,Rainbow Inn,Allesley,CV5 9GT,3,coordinate_agreement,independent_coordinate_agreement,2026-10-09,False,,
v-cd85cbec-e0e7-5800-9a26-83ab76cb6461,Ram,Ibstock,LE67 6LG,3,coordinate_agreement,independent_coordinate_agreement,2026-10-09,False,,
v-4f09947a-0bd9-5b32-ae9c-bd17066e74d5,Rawdon Arms,Moira,DE12 6AL,3,coordinate_agreement,independent_coordinate_agreement,2026-10-09,False,,
v-1e6c0956-c0d8-5c42-9da0-9cf6b803f949,Red Lion,Earl Shilton,LE9 7LQ,3,coordinate_agreement,independent_coordinate_agreement,2026-10-09,False,,
v-2a4ff661-8819-5376-9467-014d30863ef0,Red Lion,Penderyn,CF44 9JR,3,coordinate_agreement,independent_coordinate_agreement,2026-10-09,False,,
v-6fea27f6-7647-5469-a118-d1f310b732be,Red Lion,Cheddleton,ST13 7HN,3,coordinate_agreement,independent_coordinate_agreement,2026-10-09,False,,
v-863b0850-5678-56fc-b581-b7e856e50968,Red Lion,Waterfall,ST10 3HZ,3,coordinate_agreement,independent_coordinate_agreement,2026-10-09,False,,
v-98217540-8d77-5352-aff2-83846e1183a8,Red Lion,Linton,DE12 6PZ,3,coordinate_agreement,independent_coordinate_agreement,2026-10-09,False,,
v-cc4be9e4-0760-5865-a0bd-4c279c6fc777,Red Lion,Spalding,PE11 1SU,3,coordinate_agreement,independent_coordinate_agreement,2026-10-09,False,,
v-e146d618-c9ba-5fa4-8427-d3a81da5ea85,Red Lion,Repton,DE65 6FL,3,coordinate_agreement,independent_coordinate_agreement,2026-10-09,False,,
v-fbbca499-772f-50be-8fe1-9e90bdc1fc7c,Red Lion,Shrewsbury: Harlescott,SY1 4AB,3,coordinate_agreement,independent_coordinate_agreement,2026-10-09,False,,
v-3c120939-ec25-5fc2-b4c1-89bdcca8382d,Rock Inn,Porthcawl,CF36 3DT,3,coordinate_agreement,independent_coordinate_agreement,2026-10-09,False,,
v-1317a9d6-3297-5920-aa3b-fb04e14b4fdc,Rockcliffe Arms,Whitley Bay,NE26 2DT,3,coordinate_agreement,independent_coordinate_agreement,2026-10-09,False,,
v-332c5a72-f29e-521a-954a-c50cdfa69b60,Roebuck,Warwick,CV34 4HU,3,coordinate_agreement,independent_coordinate_agreement,2026-10-09,False,,
v-3173d6b2-8179-5952-84b7-c07d8193444a,Rose and Crown,Flamborough,YO15 1JY,3,coordinate_agreement,independent_coordinate_agreement,2026-10-09,False,,
v-5aadb27e-f515-5709-a407-a0509aaf5d76,Rose of Denmark,Bristol: Hotwells,BS8 4QL,3,coordinate_agreement,independent_coordinate_agreement,2026-10-09,False,,
v-8c80b729-ceaf-5912-ab4a-1b51de2fb3f8,Roundhouse,Nottingham: Central,NG1 6FS,3,coordinate_agreement,independent_coordinate_agreement,2026-10-09,False,,
v-3375da23-2d63-5732-b095-f6e42255f12d,Royal Oak,Attleborough,CV11 4JY,3,coordinate_agreement,independent_coordinate_agreement,2026-10-09,False,,
v-7a3e5616-8a84-572d-9f07-41ad9ad93741,Royal Oak,Nuneaton: Hartshill,CV10 0TD,3,coordinate_agreement,independent_coordinate_agreement,2026-10-09,False,,
v-a06bbb37-0c2d-58d0-8587-8be5ecd87c5f,Royal Oak,Hartshill,CV10 0TD,3,coordinate_agreement,independent_coordinate_agreement,2026-10-09,False,,
v-a471651e-4645-5cf5-9e8e-022f78f3f939,Royal Oak,Barton-under-Needwood,DE13 8JD,3,coordinate_agreement,independent_coordinate_agreement,2026-10-09,False,,
v-a78f048e-9c8e-501e-abf7-0047e015bae7,Royal Oak,Biddulph,ST8 6BL,3,coordinate_agreement,independent_coordinate_agreement,2026-10-09,False,,
v-add2cda9-beda-5275-b0a0-5a0f80708a78,Royal Oak,Wirksworth,DE4 4FG,3,coordinate_agreement,independent_coordinate_agreement,2026-10-09,False,,
v-cb741ba9-2206-5c49-a619-fc79311b8a7d,Royal Oak,Harriseahead,ST7 4JT,3,coordinate_agreement,independent_coordinate_agreement,2026-10-09,False,,
v-ff000679-9cc7-5cbb-8c2c-a06a97d3dba4,Royal Oak,Rode Heath,ST7 3RW,3,coordinate_agreement,independent_coordinate_agreement,2026-10-09,False,,
v-32bebf96-9a7c-5c13-b5e6-214c22a6a6e8,Rutland Cottage,Ilkeston,DE7 8TE,3,coordinate_agreement,independent_coordinate_agreement,2026-10-09,False,,
v-01dd87fe-80c7-51ce-8410-45c3664e8b45,Sawley Junction,Long Eaton,NG10 3JU,3,coordinate_agreement,independent_coordinate_agreement,2026-10-10,False,,
v-5c396bdc-3097-5b38-904f-c1cd4ecdf0ad,Seabridge,Newcastle-U-L: Clayton,ST5 3HA,3,coordinate_agreement,independent_coordinate_agreement,2026-10-09,False,,
v-87bd0095-c521-539d-8a94-b6ec16a2792b,Selly Park Tavern,Birmingham: Selly Oak,B29 7HQ,3,coordinate_agreement,independent_coordinate_agreement,2026-10-09,False,,
v-6e90968f-4cae-505d-9fbe-5de8b2b5d1a1,Seven Stars,Falmouth,TR11 3QA,3,coordinate_agreement,independent_coordinate_agreement,2026-10-09,False,,
v-31ec017a-013e-520a-b394-1b72c94b330a,Shakespeare Inn,Shardlow,DE72 2GP,3,coordinate_agreement,independent_coordinate_agreement,2026-10-09,False,,
v-1f980acc-ae24-543c-9afc-40840f5ecc91,Sheet Anchor,Baldwins Gate,ST5 5BU,3,coordinate_agreement,existing_evidence_needs_corroboration,2026-10-09,False,,
v-c62f31b0-c5b0-546c-979e-12fac920a47a,Shepherds Hall Ale House,Chorley,PR7 1BS,3,coordinate_agreement,independent_coordinate_agreement,2026-10-09,False,,
v-b8d9f35f-2695-5316-9b49-ee5e6a6c0523,Shilton Vaults,Earl Shilton,LE9 7NA,3,coordinate_agreement,independent_coordinate_agreement,2026-10-09,False,,
v-856326d7-01df-540b-844b-ed814125487b,Ship,Borough SE1,SE1 1DX,3,coordinate_agreement,independent_coordinate_agreement,2026-10-09,False,,
v-875e47ea-6a05-5262-9979-71b2740ca04b,Ship Inn,Fishguard,SA65 9ND,3,coordinate_agreement,independent_coordinate_agreement,2026-10-09,False,,
v-f11c4c2f-c649-589b-8470-da497a5265ff,Ship and Pilot,Ilfracombe,EX34 9EE,3,coordinate_agreement,independent_coordinate_agreement,2026-10-09,False,,
v-6ff98c8e-26a6-5836-b35c-0ae118c68623,Shoulder of Mutton,Hamstall Ridware,WS15 3RZ,3,coordinate_agreement,independent_coordinate_agreement,2026-10-09,False,,
v-f365d3e5-285c-5a5d-a0a7-3532f14a676c,Signalman,Stoke: Longton,ST3 1JE,3,coordinate_agreement,independent_coordinate_agreement,2026-10-09,False,,
v-67d836a8-7aa6-5e3e-864e-ac9d1a8b75c1,Sinclairs,Southport: Central,PR9 0AN,3,coordinate_agreement,independent_coordinate_agreement,2026-10-09,False,,
v-4ee8254f-c2d6-5837-b927-821a53dacd25,Sir Robert Peel,Stoke: Dresden,ST3 4PF,3,coordinate_agreement,independent_coordinate_agreement,2026-10-09,False,,
v-d27ec810-3e94-52ee-bf27-bd38691ef656,Sir William Peel,Sandy,SG19 1AG,3,coordinate_agreement,independent_coordinate_agreement,2026-10-09,False,,
v-98b6b0c0-8ddc-562e-a444-76f0f07c19c6,Sitwell Arms,Horsley Woodhouse,DE7 6BN,3,coordinate_agreement,independent_coordinate_agreement,2026-10-09,False,,
v-900ce44d-0c06-59aa-93cf-9a76794ab584,Smithfield,Derby: Central,DE1 2BH,3,coordinate_agreement,independent_coordinate_agreement,2026-10-09,False,,
v-e939bbc5-104d-5967-bb40-cf7029349c8b,Smiths Tavern,Ashbourne,DE6 1GH,3,coordinate_agreement,independent_coordinate_agreement,2026-10-09,False,,
v-dbeb3179-3c95-5e73-9ce6-227b045a3d74,Snowdon,Llandudno,LL30 2HB,3,coordinate_agreement,independent_coordinate_agreement,2026-10-09,False,,
v-0d6e06da-2598-5e42-abdb-11cebca8ba46,Snowdonia Parc,Waunfawr,LL55 4AQ,3,coordinate_agreement,independent_coordinate_agreement,2026-10-09,False,,
v-6e2c75bb-4b00-5749-9b3b-386f6d79fe28,Spanker,Nether Heage,DE56 2AT,3,coordinate_agreement,independent_coordinate_agreement,2026-10-09,False,,
v-637a846e-2e98-5d5c-9c88-c43a158f3b27,Spread Eagle,Etwall,DE65 6LP,3,coordinate_agreement,independent_coordinate_agreement,2026-10-09,False,,
v-851df8e3-dfd8-5a84-9b07-6c94e5f85d8f,St Levan Inn,Plymouth: Dockyard,PL2 1JJ,3,coordinate_agreement,independent_coordinate_agreement,2026-10-09,False,,
v-f796da6f-951a-52ac-a180-bd9f2f16efea,Staff of Life,Stoke: Central,ST4 1NL,3,coordinate_agreement,independent_coordinate_agreement,2026-10-09,False,,
v-5d1ef228-39c5-5fd3-9d21-f0e8dc91ede1,Staffordshire Knot,Gillow Heath,ST8 6RG,3,coordinate_agreement,independent_coordinate_agreement,2026-10-09,False,,
v-f5a285ad-dab2-5bd0-acb6-3a520fd42c8d,Staffordshire Knot,Biddulph,ST8 6RG,3,coordinate_agreement,independent_coordinate_agreement,2026-10-09,False,,
v-edc8f276-3049-5f97-8451-b8485dd8a53b,Stag and Scotch,Newport,TF10 7AU,3,coordinate_agreement,independent_coordinate_agreement,2026-10-09,False,,
v-71c644a3-1cf3-5c11-9309-aa08721f68fd,Stamfords,Pocklington,YO42 2JL,3,coordinate_agreement,independent_coordinate_agreement,2026-10-09,False,,
v-d440d36d-80af-56b5-9fd0-8a15f6211abc,Stapenhill Institute,Burton U-T: Stapenhill,DE15 9AP,3,coordinate_agreement,independent_coordinate_agreement,2026-10-09,False,,
v-19fbdb30-c92b-5c79-831a-6a7ab0c194fb,Star,Oxford: St Clements,OX4 1BU,3,coordinate_agreement,independent_coordinate_agreement,2026-10-09,False,,
v-beeb154f-00b1-50ff-9dac-38aea49b08ad,Star,Church Leigh,ST10 4PT,3,coordinate_agreement,independent_coordinate_agreement,2026-10-09,False,,
v-a98cb2ea-c452-56d9-8519-1afd537e1c51,Station Hotel,Abergavenny/Y Fenni,NP7 5UH,3,coordinate_agreement,independent_coordinate_agreement,2026-10-09,False,,
v-c9bae399-7696-5a46-8c47-42407b30535a,Station Hotel,Oakengates,TF2 6DU,3,coordinate_agreement,independent_coordinate_agreement,2026-10-09,False,,
v-acf4b991-4002-5440-bd13-feef66257a48,Station House,Durham,DH1 4SE,3,coordinate_agreement,independent_coordinate_agreement,2026-10-09,False,,
v-1d20ec43-7322-51f1-87f4-86272f796d0c,Station Inn,Swannington,LE67 8RE,3,coordinate_agreement,independent_coordinate_agreement,2026-10-09,False,,
v-d662d0c4-a468-53cd-89b2-f7305f033e3c,Stoke Canon,Stoke Canon,EX5 4AR,3,coordinate_agreement,independent_coordinate_agreement,2026-10-09,False,,
v-750b560a-6efe-5ea6-ba1b-b2548bbcf5a5,Stretton Fox,Stretton,WA4 4NU,3,coordinate_agreement,independent_coordinate_agreement,2026-10-09,False,,
v-24b4549e-4e9e-5f4f-ab73-472f158c67f6,Sun,Stockton-on-Tees,TS18 1SU,3,coordinate_agreement,independent_coordinate_agreement,2026-10-09,False,,
v-c13ddfa5-e07c-5ada-be8a-58b49b43b4a1,Sun Inn,Blackpool: South Shore,FY1 6AA,3,coordinate_agreement,independent_coordinate_agreement,2026-10-09,False,,
v-87f1292d-8e25-5467-a071-41392b666208,Sutherland Arms,Stoke: Central,ST4 5RW,3,coordinate_agreement,independent_coordinate_agreement,2026-10-09,False,,
v-1d6b0673-6a76-5c00-b89e-e0edef98a229,Swan,Buxton,SK17 6HB,3,coordinate_agreement,independent_coordinate_agreement,2026-10-09,False,,
v-444bb5a4-de1a-5908-9f72-6b0a17eecae8,Swan,Betley,CW3 9AB,3,coordinate_agreement,independent_coordinate_agreement,2026-10-09,False,,
v-a59604b7-f6a6-56bb-9338-723cc17f70b0,Swan Inn,Milton,DE65 6EF,3,coordinate_agreement,independent_coordinate_agreement,2026-10-09,False,,
v-8e8169e0-9128-5873-ba4a-f3ee4c8fb109,Talbot,Biddulph Moor,ST8 7RY,3,coordinate_agreement,independent_coordinate_agreement,2026-10-09,False,,
v-45011594-aabe-5007-96d9-67ce9c7832cf,Tennents,Glasgow: Hillhead,G12 8TN,3,coordinate_agreement,independent_coordinate_agreement,2026-10-09,False,,
v-a93f6769-6b04-5835-b1ec-a53616b164e7,Terrace Inn,Stoke: Fenton,ST4 4NB,3,coordinate_agreement,independent_coordinate_agreement,2026-10-09,False,,
v-9ce795c2-762b-5724-843b-9477738f1a90,The Rad (was St Radegund),Cambridge,CB1 1LD,3,coordinate_agreement,independent_coordinate_agreement,2026-10-09,False,,
v-41188e63-e68d-5eae-a835-80b99125664e,Thorn Tree,Waingroves,DE5 9TE,3,coordinate_agreement,independent_coordinate_agreement,2026-10-09,False,,
v-7b076fbe-dd74-5ecc-b3d0-a40953c97eae,Thorn Tree,Newhall,DE11 0LL,3,coordinate_agreement,independent_coordinate_agreement,2026-10-09,False,,
v-a320c851-72ca-5aeb-b37a-c571db357b8c,Thorn Tree,Matlock,DE4 3JQ,3,coordinate_agreement,independent_coordinate_agreement,2026-10-09,False,,
v-eb5b7af9-8129-5b24-a189-76342f7025ca,Three Brewers,Corsham,SN13 0AS,3,coordinate_agreement,independent_coordinate_agreement,2026-10-09,False,,
v-b4916b53-ec20-5959-b400-0763b4d59f04,Three Pigeons,Banbury,OX16 2ED,3,coordinate_agreement,independent_coordinate_agreement,2026-10-09,False,,
v-fb780640-7395-5d55-bae3-4019e8e68eb2,Throstles Nest,Congleton,CW12 2DW,3,coordinate_agreement,independent_coordinate_agreement,2026-10-09,False,,
v-de3630ba-38b6-59f8-b5fb-01e545c5be29,Tiger,Bridport,DT6 3LY,3,coordinate_agreement,independent_coordinate_agreement,2026-10-09,False,,
v-640a3ec6-ce7e-59da-8d9c-6073e61fb6c2,Toby Carvery,Beckenham BR3,BR3 3HQ,3,coordinate_agreement,existing_evidence_needs_corroboration,2026-10-09,False,,
v-99d40c92-25dc-507f-8ef9-633316fdbe56,Toby Carvery,Derby: Chaddesden,DE21 6LZ,3,coordinate_agreement,independent_coordinate_agreement,2026-10-09,False,,
v-ed990d48-e259-5f95-be08-d303379dc514,Toby Carvery Trentham Village,Stoke: Trentham,ST4 8BU,3,coordinate_agreement,independent_coordinate_agreement,2026-10-09,False,,
v-e9047638-573d-53df-994a-6bd287f5236c,Tower Hotel,Lincoln,LN1 3BD,3,coordinate_agreement,independent_coordinate_agreement,2026-10-09,False,,
v-2fb083b1-287a-500c-a101-a30a716d112d,Travellers Rest,Stoke: Milton,ST2 7AQ,3,coordinate_agreement,independent_coordinate_agreement,2026-10-09,False,,
v-db7d725b-d3e5-5443-aec0-3dab78a19eae,Trent Navigation,Nottingham: Central,NG2 3HS,3,coordinate_agreement,independent_coordinate_agreement,2026-10-09,False,,
v-8e577f40-1d4f-5d93-a248-eb1f6eb244e4,Trentside Cricket Club (PMC),Burton U-T: Branston,DE14 3DP,3,coordinate_agreement,existing_evidence_needs_corroboration,2026-10-09,False,,
v-1c738e6e-5b59-5609-b777-bf14e0038c2b,Trinity,Bath,BA1 2DA,3,coordinate_agreement,independent_coordinate_agreement,2026-10-09,False,,
v-87d7e6a3-cfa9-5f8f-a743-d41c521cf28f,Trubshaws,Rugeley: Bereton,WS15 1HR,3,coordinate_agreement,independent_coordinate_agreement,2026-10-09,False,,
v-4898455e-2503-5f64-a125-2c4bd6530cd8,Twelve Sixty,Hoylake,CH47 2AE,3,coordinate_agreement,independent_coordinate_agreement,2026-10-09,False,,
v-d2c88a67-ea42-5c82-b9dd-08510511f068,Twelve-Sixty Bar and Lounge,Liscard,CH44 5XH,3,coordinate_agreement,independent_coordinate_agreement,2026-10-09,False,,
v-1609cb4c-f51b-5a94-a5bc-6f1636395521,Two Pigs,Barton-under-Needwood,DE13 8AA,3,coordinate_agreement,independent_coordinate_agreement,2026-10-09,False,,
v-896703d0-3830-5aad-9d85-cb50c7fc4a52,Tynemouth Lodge Hotel,Tynemouth,NE30 4AA,3,coordinate_agreement,independent_coordinate_agreement,2026-10-09,False,,
v-0a4c4c27-092f-5435-af38-cbf015c51ce1,Unicorn,Lutterworth,LE17 4AE,3,coordinate_agreement,independent_coordinate_agreement,2026-10-09,False,,
v-494b3af4-e3ee-5247-ac00-5a6740924868,Unicorn,Manchester: Central,M4 1PN,3,coordinate_agreement,independent_coordinate_agreement,2026-10-09,False,,
v-86dac05b-abba-5392-ac1c-088cc3eb1ff1,Unicorn,Stoke: Hanley,ST1 1EG,3,coordinate_agreement,independent_coordinate_agreement,2026-10-09,False,,
v-6e0bdde8-3789-5828-b375-0f79ec63f9e4,Uxbridge Arms,Burton U-T: Central,DE14 3LR,3,coordinate_agreement,independent_coordinate_agreement,2026-10-09,False,,
v-c2101302-1af3-5173-a708-50397fd5ac92,VAT and Fiddle,Nottingham: Central,NG2 1NB,3,coordinate_agreement,independent_coordinate_agreement,2026-10-09,False,,
v-de3aa949-1b8d-570b-b6c2-a27e7db5964e,Valiant,Leek,ST13 5HG,3,coordinate_agreement,existing_evidence_needs_corroboration,2026-10-09,False,,
v-51fc7d3b-e50e-5d5c-83c1-0068fb4919f6,Vault,Buxton,SK17 6EU,3,coordinate_agreement,independent_coordinate_agreement,2026-10-09,False,,
v-0e1ce8ac-6976-55a6-82ba-b865efc19eac,Vernon Arms,Liverpool: Central,L2 2HJ,3,coordinate_agreement,independent_coordinate_agreement,2026-10-09,False,,
v-d571346c-3991-578a-855c-37a93c47aaa3,Verulam Arms,St Albans: Central,AL3 4QE,3,coordinate_agreement,independent_coordinate_agreement,2026-10-09,False,,
v-b65fcc0c-0624-5c5c-92ab-3d2a8170dfc3,Victoria Inn,Mumbles,SA3 4DB,3,coordinate_agreement,independent_coordinate_agreement,2026-10-09,False,,
v-02756f1a-b887-530b-8d6e-0bb8c3a25a11,Victoria Tavern,Ruddington,NG11 6EQ,3,coordinate_agreement,independent_coordinate_agreement,2026-10-10,False,,
v-37494b82-2d2a-5e0f-8b75-1c35deb1003e,Village Tavern,Newcastle-U-L: Wolstanton,ST5 0EP,3,coordinate_agreement,independent_coordinate_agreement,2026-10-09,False,,
v-ff9ea973-8df7-54af-b666-28cdc61239cf,Vine,Stoke: Pittshill,ST6 6LS,3,coordinate_agreement,independent_coordinate_agreement,2026-10-09,False,,
v-0803178b-4a33-589f-b849-5522ad78d5d9,Vine Inn,Newcastle-U-L: Silverdale,ST5 6LX,3,coordinate_agreement,independent_coordinate_agreement,2026-10-09,False,,
v-9cb0c695-0ec7-598d-a436-b6f524253b69,Vine Inn,Silverdale,ST5 6LX,3,coordinate_agreement,independent_coordinate_agreement,2026-10-09,False,,
v-04c971fc-6646-5fad-9f65-73aeaa81b2f6,Vintage Inn,Wellington,TA21 8AQ,3,coordinate_agreement,independent_coordinate_agreement,2026-10-09,False,,
v-0ab038b1-243e-5ce4-9fc2-308c82471875,Waggon and Horses,York: Central,YO10 3BP,3,coordinate_agreement,independent_coordinate_agreement,2026-10-09,False,,
v-6a9f4899-30a2-5547-bd63-f6b3a619de3c,Washington,Belsize Park NW3,NW3 4UE,3,coordinate_agreement,independent_coordinate_agreement,2026-10-09,False,,
v-1cc54278-a60b-52ae-9932-bc6fa1523f3c,Wellington,Stockport,SK1 3RU,3,coordinate_agreement,independent_coordinate_agreement,2026-10-09,False,,
v-5ddc0a4c-1901-5073-946a-674c74a082b8,Wellington,Ilfracombe,EX34 9QE,3,coordinate_agreement,independent_coordinate_agreement,2026-10-09,False,,
v-dc03b99c-c5e0-5026-917a-16ad1f5c1bff,Weston Cross,Weston-under-Penyard,HR9 7NU,3,coordinate_agreement,independent_coordinate_agreement,2026-10-09,False,,
v-e47f59cf-447a-50fc-b24d-67f8b13b54a4,Wheatsheaf Hotel,Whitchurch,SY13 1AD,3,coordinate_agreement,independent_coordinate_agreement,2026-10-09,False,,
v-468c44b4-4df8-5b41-a7c1-f5114c363f7c,Wheatsheaf Stores,Stoke: Northwood,ST1 6PB,3,coordinate_agreement,independent_coordinate_agreement,2026-10-09,False,,
v-0a05f37e-5e08-5a3c-acc9-d33d38fd4e49,Wheel,Swadlincote: Midway,DE11 0DH,3,coordinate_agreement,independent_coordinate_agreement,2026-10-09,False,,
v-809531b4-2e54-53fe-a824-d4187ca7d360,Whippet Inn,Newcastle-U-L: Wolstanton,ST5 0EN,3,coordinate_agreement,independent_coordinate_agreement,2026-10-09,False,,
v-0e76b9e4-8cad-5e08-9cf0-b4b79a820e2e,White Hart,Stanley,DE7 6EX,3,coordinate_agreement,independent_coordinate_agreement,2026-10-09,False,,
v-1a211933-ee05-5ca1-afee-2069486e4c56,White Hart,Weston-super-Mare,BS23 1RY,3,coordinate_agreement,independent_coordinate_agreement,2026-10-09,False,,
v-53f97947-824b-5e72-b0dc-68455d481ce3,White Hart,Cheadle,SK8 1PX,3,coordinate_agreement,independent_coordinate_agreement,2026-10-09,False,,
v-6fb21920-b78c-5e7b-bc03-94536439ac36,White Hart,Ridge Lane,CV10 0RB,3,coordinate_agreement,independent_coordinate_agreement,2026-10-09,False,,
v-70415615-af92-517d-b22e-d258066aad2d,White Hart,Measham,DE12 7LG,3,coordinate_agreement,independent_coordinate_agreement,2026-10-09,False,,
v-7b90e553-98bb-5704-956d-ac5077bae36a,White Hart,Burgh Le Marsh,PE24 5JL,3,coordinate_agreement,independent_coordinate_agreement,2026-10-09,False,,
v-95bd3b66-7c97-5ae3-8743-864f7967c9cc,White Hart,Midsomer Norton,BA3 2HQ,3,coordinate_agreement,independent_coordinate_agreement,2026-10-09,False,,
v-f3585e2e-c407-55f1-92d3-15438d5e9cd6,White Hart,Crystal Palace SE19,SE19 2EZ,3,coordinate_agreement,independent_coordinate_agreement,2026-10-09,False,,
v-8802e318-5783-5125-b7fb-eba44264f1dc,White Horse,Oxford: Central,OX1 3BB,3,coordinate_agreement,independent_coordinate_agreement,2026-10-09,False,,
v-90e95fa4-3dbe-5cbe-96ec-da41123f2ead,White Horse,Derby: Central,DE1 2AW,3,coordinate_agreement,independent_coordinate_agreement,2026-10-09,False,,
v-fab7fdfe-dae0-5204-a1bc-e1a6d7000c65,White Horse,Atherstone,CV9 1AB,3,coordinate_agreement,independent_coordinate_agreement,2026-10-09,False,,
v-492dd39d-6b99-5214-aff3-fff232eb1421,White Lion,Stockport,SK1 1LW,3,coordinate_agreement,independent_coordinate_agreement,2026-10-09,False,,
v-205527a4-8a84-5408-a12f-af0fb20195bc,White Swan,Derby: Spondon,DE21 7EA,3,coordinate_agreement,independent_coordinate_agreement,2026-10-09,False,,
v-d2147d3f-8019-5d09-8a57-c89066ba899c,White Swan,Melbourne,DE73 8DY,3,coordinate_agreement,independent_coordinate_agreement,2026-10-09,False,,
v-e09e5f24-dcda-5107-9408-6e0f75b68f11,Whitestone,Nuneaton: Whitestone,CV11 6NF,3,coordinate_agreement,independent_coordinate_agreement,2026-10-09,False,,
v-0a7ef8e5-1066-532d-95cb-2f882d415987,Wickstead Arms,Nantwich,CW5 5ST,3,coordinate_agreement,independent_coordinate_agreement,2026-10-09,False,,
v-7a093ea0-089c-531d-99d2-a29cac75fb65,Wild Goose,Combeinteignhead,TQ12 4RA,3,coordinate_agreement,independent_coordinate_agreement,2026-10-09,False,,
v-fd115553-cf17-5115-8e6d-d1b1d77c52dd,Williamsons Tavern,Mansion House EC4M,EC4M 9EH,3,coordinate_agreement,independent_coordinate_agreement,2026-10-09,False,,
v-32292597-5327-5dc9-8b92-c9d1f100e51a,Winchester,Highgate N6,N6 5BA,3,coordinate_agreement,independent_coordinate_agreement,2026-10-09,False,,
v-47250f29-d624-5085-a03e-de38e00c6d3f,Woodlark,Derby: West End,DE1 3LA,3,coordinate_agreement,independent_coordinate_agreement,2026-10-09,False,,
v-4507f719-35b6-516e-88fc-710fde2fccf4,Woodman,Shrewsbury: Coton Hill,SY1 2DZ,3,coordinate_agreement,independent_coordinate_agreement,2026-10-09,False,,
v-f9a6a6f4-f01f-504e-80e8-b837ebf04666,Woodman,Stoke: Hanley,ST1 2AT,3,coordinate_agreement,independent_coordinate_agreement,2026-10-09,False,,
v-5dfb4a42-bdc9-53dd-b394-836d2ede2b49,Working Mens Club (PMC),Birchmoor,B78 1AF,3,coordinate_agreement,independent_coordinate_agreement,2026-10-09,False,,
v-fb33af27-f124-54bc-a72a-73b8a4e7f888,Worlds End,Lowdham,NG14 7AT,3,coordinate_agreement,independent_coordinate_agreement,2026-10-09,False,,
v-86bdde5b-1bfe-5f34-8a0c-cc12d2d16579,Yacht Inn,Penzance,TR18 4AU,3,coordinate_agreement,independent_coordinate_agreement,2026-10-09,False,,
v-2c1f4003-43a1-50d3-8033-167ee6c93294,Ye Olde Crown Hotel,Waterhouses,ST10 3HL,3,coordinate_agreement,independent_coordinate_agreement,2026-10-09,False,,
v-1259d276-decd-56b7-8b71-12dfc9a13efd,Ye Olde Manor Inn,Stoke: Fenton,ST4 2PT,3,coordinate_agreement,independent_coordinate_agreement,2026-10-09,False,,
