row_number,venue_key,country,area,pub_name,place_name,postcode,pg,last,dispense,notes,pin_type,current_lat,current_lng,current_source,audit_status,reference_name,reference_street,reference_town,reference_postcode,reference_lat,reference_lng,difference_metres,reference_url,reference_status,checked_at
1,barton rovers social (pmc)|barton le clay|mk45 4sd,England,Bedfordshire,Barton Rovers Social (PMC),Barton le Clay,MK45 4SD,Guest,2026 Q3,H,Bar open 7 days a week; memberships £5,venue,51.9648174,-0.4295876,google-maps-named-place,no_unambiguous_reference,,,,,,,,,,2026-09-11
2,wellington arms|bedford|mk40 2jx,England,Bedfordshire,Wellington Arms,Bedford,MK40 2JX,Guest,2026 Q1,H,,venue,52.1413665,-0.4688266,openstreetmap-gb-extract,reference_agrees_within_50m,Wellington Arms,40-42 Wellington Street,Bedford,MK40 2JX,52.14136314,-0.468801364,1.8,https://camra.org.uk/pubs/118670,O,2026-09-11
3,black lion|leighton buzzard|lu7 1ea,England,Bedfordshire,Black Lion,Leighton Buzzard,LU7 1EA,Perm,2026 Q2,H,,venue,51.91580080999999,-0.66379345,openstreetmap-gb-extract,reference_agrees_within_50m,Black Lion,20 High Street,Leighton Buzzard,LU7 1EA,51.91596,-0.663742,18.0,https://camra.org.uk/pubs/118743,O,2026-09-11
4,bricklayers arms|luton|lu2 0dd,England,Bedfordshire,Bricklayers Arms,Luton,LU2 0DD,Perm,2026 Q3,H,,venue,51.8834315,-0.4131851,openstreetmap-gb-extract,reference_agrees_within_50m,Bricklayers Arms,16-18 High Town Road,Luton,LU2 0DD,51.883453662252,-0.413231163195,4.0,https://camra.org.uk/pubs/118779,O,2026-09-11
5,well|luton|lu2 0bw,England,Bedfordshire,Well,Luton,LU2 0BW,Guest,2026 Q3,H,,venue,51.8834038,-0.4134974,openstreetmap-gb-extract,reference_agrees_within_50m,Well,5 High Town Road,Luton,LU2 0BW,51.883352729695,-0.41385811639407,25.4,https://camra.org.uk/pubs/118788,O,2026-09-11
6,sir william peel|sandy|sg19 1ag,England,Bedfordshire,Sir William Peel,Sandy,SG19 1AG,Guest,2026 Q2,H,,venue,52.12800496,-0.286092,openstreetmap-gb-extract,reference_agrees_within_50m,Sir William Peel,39 High Street,Sandy,SG19 1AG,52.128003,-0.286117,1.7,https://camra.org.uk/pubs/117221,O,2026-09-11
7,uncle toms cabin|cookham dean|sl6 9nt,England,Berkshire,Uncle Toms Cabin,Cookham Dean,SL6 9NT,Guest,2026 Q1,H,,venue,51.56069102,-0.73959778,openstreetmap-gb-extract,reference_agrees_within_50m,Uncle Tom's Cabin,Hills Lane,Cookham Dean,SL6 9NT,51.560699462891,-0.7396280169487,2.3,https://camra.org.uk/pubs/139711,O,2026-09-11
8,lord grenfell|maidenhead|sl6 1tw,England,Berkshire,Lord Grenfell,Maidenhead,SL6 1TW,Guest,2026 Q2,H,,venue,51.52222867692308,-0.7083308384615384,openstreetmap-gb-extract,reference_agrees_within_50m,Lord Grenfell,22 Oldfield Road,Maidenhead,SL6 1TW,51.522300720215,-0.70835399627686,8.2,https://camra.org.uk/pubs/139607,O,2026-09-11
9,corner house|windsor|sl4 1bg,England,Berkshire,Corner House,Windsor,SL4 1BG,Guest,2026 Q1,H,,venue,51.48010623333333,-0.6061806777777777,openstreetmap-gb-extract,reference_agrees_within_50m,Corner House,22 Sheet Street,Windsor,SL4 1BG,51.480098724365,-0.6061429977417,2.7,https://camra.org.uk/pubs/139623,O,2026-09-11
10,bell|aston clinton|hp22 5hp,England,Buckinghamshire,Bell,Aston Clinton,HP22 5HP,Guest,2025 Q4,H,,venue,51.799481,-0.721151,openstreetmap-gb-extract,reference_agrees_within_50m,Bell Inn,London Road,Aston Clinton,HP22 5HP,51.799684,-0.721334,25.8,https://camra.org.uk/pubs/115884,O,2026-09-11
11,bell and bear|emberton|mk46 5dh,England,Buckinghamshire,Bell and Bear,Emberton,MK46 5DH,Guest,2026 Q1,H,,venue,52.1366773,-0.706144,openstreetmap-gb-extract,reference_agrees_within_50m,Bell & Bear,12 High Street,Emberton,MK46 5DH,52.1367,-0.706207,5.0,https://camra.org.uk/pubs/130636,O,2026-09-11
12,bugle horn|hartwell|hp17 8qp,England,Buckinghamshire,Bugle Horn,Hartwell,HP17 8QP,Guest,2026 Q2,H,,venue,51.8012012,-0.8481199,openstreetmap-gb-extract,reference_agrees_within_50m,Bugle Horn,Oxford Road,Hartwell,HP17 8QP,51.8013,-0.848033,12.5,https://camra.org.uk/pubs/114976,O,2026-09-11
13,chequers|fenny stratford|mk2 2by,England,Buckinghamshire,Chequers,Fenny Stratford,MK2 2BY,Guest,2026 Q3,H,,venue,51.9988918,-0.7166152,openstreetmap-gb-extract,reference_agrees_within_50m,Chequers,48 Watling St,Milton Keynes,MK2 2BY,51.998925963194,-0.716646763229,4.4,https://camra.org.uk/pubs/130748,O,2026-09-11
14,nut and squirrel|westcroft|mk4 4dd,England,Buckinghamshire,Nut and Squirrel,Westcroft,MK4 4DD,Guest,2026 Q2,H,,venue,52.0031703,-0.7934083166666667,openstreetmap-gb-extract,reference_agrees_within_50m,Nut & Squirrel,1 Barnsdale Drive,Milton Keynes,MK4 4DD,52.0032,-0.7935,7.1,https://camra.org.uk/pubs/130728,O,2026-09-11
15,kingston arms|cambridge|cb1 2nu,England,Cambridgeshire,Kingston Arms,Cambridge,CB1 2NU,Perm,2026 Q3,H,,venue,52.2003799375,0.1397269125,openstreetmap-gb-extract,reference_agrees_within_50m,Kingston Arms,33 Kingston Street,Cambridge,CB1 2NU,52.200359,0.13977,3.7,https://camra.org.uk/pubs/131210,O,2026-09-11
16,the rad (was st radegund)|cambridge|cb1 1ld,England,Cambridgeshire,The Rad (was St Radegund),Cambridge,CB1 1LD,Guest,2026 Q3,H,,venue,52.2076353,0.1267339,food-standards-agency-fhrs,reference_agrees_within_50m,St. Radegund,129 King Street,Cambridge,CB1 1LD,52.207599,0.126732,4.0,https://camra.org.uk/pubs/131286,O,2026-09-11
17,black bull|godmanchester|pe29 2aq,England,Cambridgeshire,Black Bull,Godmanchester,PE29 2AQ,Perm,2026 Q3,H,Newly re-opened 2026 Q3 and Bass back on,venue,52.322297,-0.1757504,openstreetmap-gb-extract,reference_agrees_within_50m,Black Bull,32 Post Street,Godmanchester,PE29 2AQ,52.322296452838,-0.175821923943,4.9,https://camra.org.uk/pubs/143203,O,2026-09-11
18,hare and hounds|harlton|cb23 1es,England,Cambridgeshire,Hare and Hounds,Harlton,CB23 1ES,Guest,2026 Q1,H,,venue,52.151632,0.028196114285714287,openstreetmap-gb-extract,reference_agrees_within_50m,Hare & Hounds,60 High Street,Harlton,CB23 1ES,52.151599884033,0.028147000819445,4.9,https://camra.org.uk/pubs/131507,O,2026-09-11
19,blue bell|helpston|pe6 7ed,England,Cambridgeshire,Blue Bell,Helpston,PE6 7ED,Guest,2026 Q2,H,,venue,52.63425105555555,-0.3446435555555556,openstreetmap-gb-extract,reference_agrees_within_50m,Bluebell,10 Woodgate,Helpston,PE6 7ED,52.634324,-0.344268,26.6,https://camra.org.uk/pubs/157787,O,2026-09-11
20,palmerston arms|peterborough|pe2 9pa,England,Cambridgeshire,Palmerston Arms,Peterborough,PE2 9PA,Guest,2026 Q3,H,,venue,52.5655126,-0.2500597,openstreetmap-gb-extract,reference_agrees_within_50m,Palmerston Arms,82 Oundle Road,Peterborough,PE2 9PA,52.565555,-0.250342,19.7,https://camra.org.uk/pubs/157378,O,2026-09-11
21,green man|trumpington|cb2 9hz,England,Cambridgeshire,Green Man,Trumpington,CB2 9HZ,Guest,2026 Q1,H,,venue,52.1765857,0.1130565,openstreetmap-gb-extract,reference_agrees_within_50m,Green Man,55 High Street,Trumpington,CB2 9HZ,52.176555633545,0.11304599791765,3.4,https://camra.org.uk/pubs/131504,O,2026-09-11
22,lodge inn|alsager|st7 2ja,England,Cheshire,Lodge Inn,Alsager,ST7 2JA,Perm,2026 Q2,H,,venue,53.095446085714286,-2.3119375,openstreetmap-gb-extract,reference_agrees_within_50m,Lodge Inn,88 Crewe Road,Alsager,ST7 2JA,53.095567265481,-2.311857215939,14.5,https://camra.org.uk/pubs/136226,O,2026-09-11
23,cotton tree|bollington|sk10 5re,England,Cheshire,Cotton Tree,Bollington,SK10 5RE,Perm,2026 Q2,H,,venue,53.2983742,-2.0922332,openstreetmap-gb-extract,reference_agrees_within_50m,Cotton Tree,3-5 Ingersley Road,Bollington,SK10 5RE,53.29839542,-2.092192769,3.6,https://camra.org.uk/pubs/173502,O,2026-09-11
24,golden eagle|chester|ch1 2ds,England,Cheshire,Golden Eagle,Chester,CH1 2DS,Perm,2026 Q1,H,,venue,53.1871514875,-2.891694275,openstreetmap-gb-extract,reference_agrees_within_50m,Golden Eagle,18 Castle Street,Chester,CH1 2DS,53.187049,-2.891644,11.9,https://camra.org.uk/pubs/137115,O,2026-09-11
25,olde cottage|chester|ch1 3dz,England,Cheshire,Olde Cottage,Chester,CH1 3DZ,Guest,2026 Q3,H,,venue,53.194927,-2.8860423,openstreetmap-gb-extract,reference_agrees_within_50m,Olde Cottage,34 Brook Street,Chester,CH1 3DZ,53.194946,-2.886049,2.2,https://camra.org.uk/pubs/137106,O,2026-09-11
26,brownlow inn|congleton|cw12 4th,England,Cheshire,Brownlow Inn,Congleton,CW12 4TH,Guest,2026 Q1,H,,venue,53.14399581428571,-2.257655442857143,openstreetmap-gb-extract,reference_agrees_within_50m,Brownlow Inn,Brownlow Heath Lane,Brownlow,CW12 4TH,53.14392,-2.25751,12.9,https://camra.org.uk/pubs/136241,O,2026-09-11
27,castle inn|congleton|cw12 3lp,England,Cheshire,Castle Inn,Congleton,CW12 3LP,Guest,2026 Q2,H,,venue,53.14921062,-2.1763252299999998,openstreetmap-gb-extract,reference_agrees_within_50m,Castle Inn,"Castle Inn Road, Dane in Shaw",Congleton,CW12 3LP,53.14903532,-2.176129818,23.4,https://camra.org.uk/pubs/173579,O,2026-09-11
28,congleton rugby club (pmc)|congleton|cw12 1eg,England,Cheshire,Congleton Rugby Club (PMC),Congleton,CW12 1EG,Perm,2026 Q1,H,,venue,53.1639133,-2.2075528,manual-openstreetmap-review,reference_agrees_within_50m,Congleton Rugby Club,Park St,Congleton,CW12 1EG,53.16389847,-2.207400084,10.3,https://camra.org.uk/pubs/173359,O,2026-09-11
29,farmers|congleton|cw12 1jy,England,Cheshire,Farmers,Congleton,CW12 1JY,Guest,2025 Q4,H,,venue,53.1645897,-2.2203819,manual-openstreetmap-review,reference_agrees_within_50m,Farmers Arms,79 West Street,Congleton,CW12 1JY,53.16458576,-2.220366478,1.1,https://camra.org.uk/pubs/173570,O,2026-09-11
30,olde kings arms|congleton|cw12 1bn,England,Cheshire,Olde Kings Arms,Congleton,CW12 1BN,Guest,2026 Q3,H,"Wednesdays all 3 different cask ales are £2.50 a pint, all day",venue,53.16296078888889,-2.2102262111111113,openstreetmap-gb-extract,reference_agrees_within_50m,Olde Kings Arms,1 High Street,Congleton,CW12 1BN,53.16287363,-2.210212648,9.7,https://camra.org.uk/pubs/173563,O,2026-09-11
31,queens head hotel|congleton|cw12 3de,England,Cheshire,Queens Head Hotel,Congleton,CW12 3DE,Perm,2026 Q2,H,,venue,53.15753763,-2.193569541,camra-pubs-location-audit,reference_agrees_within_50m,Queen's Head,Park Lane,Congleton,CW12 3DE,53.15753763,-2.193569541,0.0,https://camra.org.uk/pubs/173544,O,2026-09-11
32,throstles nest|congleton|cw12 2dw,England,Cheshire,Throstles Nest,Congleton,CW12 2DW,Perm,2026 Q3,H,,venue,53.1689152,-2.2015946,openstreetmap-gb-extract,reference_agrees_within_50m,Throstles Nest,11 Buxton Road,Congleton,CW12 2DW,53.16888948,-2.201577067,3.1,https://camra.org.uk/pubs/173600,O,2026-09-11
33,hanging gate|higher sutton|sk11 0ng,England,Cheshire,Hanging Gate,Higher Sutton,SK11 0NG,Guest,2026 Q1,H,,venue,53.22379,-2.07254,manual-openstreetmap-review,reference_agrees_within_50m,Hanging Gate,Meg Lane,Higher Sutton,SK11 0NG,53.22380296,-2.072553635,1.7,https://camra.org.uk/pubs/173610,O,2026-09-11
34,charles roe|macclesfield|sk11 6dy,England,Cheshire,Charles Roe,Macclesfield,SK11 6DY,Perm,2026 Q2,H,,venue,53.2608242,-2.128478,openstreetmap-gb-extract,reference_agrees_within_50m_postcode_conflict,Charles Roe,60-62 Chestergate,Macclesfield,SK11 6DZ,53.26081,-2.12844,3.0,https://camra.org.uk/pubs/199589,O,2026-09-11
35,chester road tavern|macclesfield|sk11 8dg,England,Cheshire,Chester Road Tavern,Macclesfield,SK11 8DG,Guest,2026 Q2,H,,venue,53.2605541,-2.1328478,openstreetmap-gb-extract,reference_agrees_within_50m,Chester Road Tavern,18 Chester Road,Macclesfield,SK11 8DG,53.26051,-2.13292,6.9,https://camra.org.uk/pubs/173213,O,2026-09-11
36,gj muckers|macclesfield|sk11 6jl,England,Cheshire,GJ Muckers,Macclesfield,SK11 6JL,Perm,2026 Q3,H,,venue,53.25777,-2.12237,manual-camra-review,not_yet_checked,,,,,,,,,,
37,jolly sailor|macclesfield|sk11 6hn,England,Cheshire,Jolly Sailor,Macclesfield,SK11 6HN,Perm,2026 Q2,H,,venue,53.2570417,-2.1227243,openstreetmap-gb-extract,reference_agrees_within_50m,Jolly Sailor,63 Sunderland Street,Macclesfield,SK11 6HN,53.2570593,-2.12269485,2.8,https://camra.org.uk/pubs/173179,O,2026-09-11
38,old swan|madeley heath|cw3 9ld,England,Cheshire,Old Swan,Madeley Heath,CW3 9LD,Guest,2026 Q2,H,,venue,53.0079527,-2.3259978,openstreetmap-gb-extract,reference_agrees_within_50m,Old Swan,Crewe Road,Madeley Heath,CW3 9LD,53.008022779951,-2.326011308212,7.8,https://camra.org.uk/pubs/123029,O,2026-09-11
39,white bear|middlewich|cw10 9ag,England,Cheshire,White Bear,Middlewich,CW10 9AG,Guest,2026 Q2,H,,venue,53.192919452941176,-2.4466243235294116,openstreetmap-gb-extract,reference_agrees_within_50m,White Bear Hotel,Wheelock Street,Middlewich,CW10 9AG,53.19281,-2.44655,13.1,https://camra.org.uk/pubs/136314,O,2026-09-11
40,wickstead arms|nantwich|cw5 5st,England,Cheshire,Wickstead Arms,Nantwich,CW5 5ST,Guest,2026 Q1,H,,venue,53.06641845454545,-2.5225327545454546,openstreetmap-gb-extract,reference_agrees_within_50m,Wickstead Arms,5 Mill Street,Nantwich,CW5 5ST,53.066441,-2.522611,5.8,https://camra.org.uk/pubs/136337,O,2026-09-11
41,stretton fox|stretton|wa4 4nu,England,Cheshire,Stretton Fox,Stretton,WA4 4NU,Guest,2025 Q4,H,,venue,53.336551660000005,-2.5694014199999997,openstreetmap-gb-extract,reference_agrees_within_50m,Stretton Fox,Spark Hall Close,Stretton,WA4 4NU,53.336562,-2.569203,13.2,https://camra.org.uk/pubs/138222,O,2026-09-11
42,coach and horses|timbersbrook|cw12 3pl,England,Cheshire,Coach and Horses,Timbersbrook,CW12 3PL,Perm,2026 Q3,H,,venue,53.15288798,-2.165567935,camra-pubs-location-audit,reference_agrees_within_50m,Coach & Horses,Under Rainow Road,Timbersbrook,CW12 3PL,53.15288798,-2.165567935,0.0,https://camra.org.uk/pubs/173407,O,2026-09-11
43,barley mow|warrington|wa1 1qb,England,Cheshire,Barley Mow,Warrington,WA1 1QB,Guest,2026 Q2,H,,venue,53.38999856363637,-2.5946291454545456,openstreetmap-gb-extract,reference_agrees_within_50m,Barley Mow,29 Old Market Place,Warrington,WA1 1QB,53.3901,-2.5946,11.4,https://camra.org.uk/pubs/138003,O,2026-09-11
44,wilmslow conservative club|wilmslow|sk9 5eg,England,Cheshire,Wilmslow Conservative Club,Wilmslow,SK9 5EG,Guest,2026 Q3,H,,venue,53.3276,-2.2343,camra-pubs-location-audit,reference_agrees_within_50m,Wilmslow Conservative Club,"15 Grove Avenue,",Wilmslow,SK9 5EG,53.3276,-2.2343,0.0,https://camra.org.uk/pubs/173322,O,2026-09-11
45,hole in the wall|bodmin|pl31 2ds,England,Cornwall,Hole in the Wall,Bodmin,PL31 2DS,Perm,2026 Q3,H,,venue,50.4718368,-4.7188919,openstreetmap-gb-extract,reference_agrees_within_50m,Hole in the Wall,16 Crockwell Street,Bodmin,PL31 2DS,50.47182,-4.718777,8.3,https://camra.org.uk/pubs/138849,O,2026-09-11
46,seven stars|falmouth|tr11 3qa,England,Cornwall,Seven Stars,Falmouth,TR11 3QA,Perm,2026 Q2,G,,venue,50.1552025,-5.0729186,openstreetmap-gb-extract,reference_agrees_within_50m,Seven Stars,1 The Moor,Falmouth,TR11 3QA,50.155222,-5.072894,2.8,https://camra.org.uk/pubs/138805,O,2026-09-11
47,cornubia inn|hayle|tr27 4dx,England,Cornwall,Cornubia Inn,Hayle,TR27 4DX,Guest,2026 Q1,H,,venue,50.1906177,-5.410173411111111,openstreetmap-gb-extract,reference_agrees_within_50m,Cornubia Inn,35 Fore Street,Hayle,TR27 4DX,50.190727,-5.410256,13.5,https://camra.org.uk/pubs/138848,O,2026-09-11
48,globe inn|looe|pl13 1hn,England,Cornwall,Globe Inn,Looe,PL13 1HN,Perm,2025 Q4,H,,venue,50.359526754545456,-4.455648436363636,openstreetmap-gb-extract,reference_agrees_within_50m,Globe Inn,Station Road,Looe,PL13 1HN,50.359494,-4.45568,4.3,https://camra.org.uk/pubs/138921,O,2026-09-11
49,yacht inn|penzance|tr18 4au,England,Cornwall,Yacht Inn,Penzance,TR18 4AU,Perm,2026 Q1,H,,venue,50.1157603,-5.532796,openstreetmap-gb-extract,reference_agrees_within_50m,Yacht Inn,Green Street,Penzance,TR18 4AU,50.115651,-5.532818,12.3,https://camra.org.uk/pubs/139070,O,2026-09-11
50,old inn|st breward|pl30 4pp,England,Cornwall,Old Inn,St Breward,PL30 4PP,Guest,2025 Q4,H,,venue,50.56420075555556,-4.688365872222223,openstreetmap-gb-extract,reference_agrees_within_50m,Old Inn,Churchtown,St Breward,PL30 4PP,50.56414,-4.68832,7.5,https://camra.org.uk/pubs/139197,O,2026-09-11
51,harbour pool club (pmc)|st ives|tr26 1lf,England,Cornwall,Harbour Pool Club (PMC),St Ives,TR26 1LF,Guest,2025 Q4,H,,venue,50.21372,-5.48006,manual-openstreetmap-review,no_unambiguous_reference,,,,,,,,,,2026-09-11
52,coryton arms|st mellion|pl12 6rj,England,Cornwall,Coryton Arms,St Mellion,PL12 6RJ,Guest,2026 Q3,H,,venue,50.46765848333333,-4.2706501333333335,openstreetmap-gb-extract,reference_agrees_within_50m,Coryton Arms,St Mellion,St Mellion,PL12 6RJ,50.467643,-4.270688,3.2,https://camra.org.uk/pubs/139259,O,2026-09-11
53,st john inn|st john|pl11 3aw,England,Cornwall,St John Inn,St John,PL11 3AW,Perm,2026 Q2,H,,venue,50.36064,-4.23872,manual-venue-review,reference_agrees_within_50m,St John Inn,,St John,PL11 3AW,50.360781,-4.238731,15.7,https://camra.org.uk/pubs/139234,O,2026-09-11
54,mason brewing taproom|threemilestone|tr4 9ld,England,Cornwall,Mason Brewing Taproom,Threemilestone,TR4 9LD,Guest,2025 Q4,H,,venue,50.2622391,-5.1247196,google-maps-named-place,no_unambiguous_reference,,,,,,,,,,2026-09-11
55,old ale house|truro|tr1 2hd,England,Cornwall,Old Ale House,Truro,TR1 2HD,Perm,2026 Q3,H,Confirmed perm Sep 25,venue,50.2630409,-5.0487146,openstreetmap-gb-extract,reference_agrees_within_50m,Old Ale House,7 Quay Street,Truro,TR1 2HD,50.262968,-5.048773,9.1,https://camra.org.uk/pubs/139325,O,2026-09-11
56,new inn|tywardreath|pl24 2qp,England,Cornwall,New Inn,Tywardreath,PL24 2QP,Perm,2026 Q3,G,,venue,50.3577871,-4.691812121428571,openstreetmap-gb-extract,reference_agrees_within_50m,New Inn,Fore Street,Tywardreath,PL24 2QP,50.3578,-4.69187,4.3,https://camra.org.uk/pubs/139336,O,2026-09-11
57,silloth on solway golf club (pmc)|silloth|ca7 4bl,England,Cumbria,Silloth On Solway Golf Club (PMC),Silloth,CA7 4BL,Guest,2026 Q1,H,,venue,54.86603688,-3.389233205,camra-pubs-location-audit,reference_agrees_within_50m,Golf Club,,Silloth,CA7 4BL,54.86603688,-3.389233205,0.0,https://camra.org.uk/pubs/144375,O,2026-09-11
58,bear inn|alderwasley|de56 2rd,England,Derbyshire,Bear Inn,Alderwasley,DE56 2RD,Perm,2026 Q1,G/H,,venue,53.07103980714286,-1.5326794428571429,openstreetmap-gb-extract,reference_agrees_within_50m,Bear Inn,,Alderwasley,DE56 2RD,53.071037,-1.532663,1.1,https://camra.org.uk/pubs/113243,O,2026-09-11
59,victoria inn|alfreton|de55 7gl,England,Derbyshire,Victoria Inn,Alfreton,DE55 7GL,Perm,2025 Q4,H,,venue,53.0957,-1.3796,manual-address-review,reference_agrees_within_50m,Victoria Inn,80 Nottingham Road,Alfreton,DE55 7GL,53.095788,-1.379511,11.4,https://camra.org.uk/pubs/113278,O,2026-09-11
60,brass button|ashbourne|de6 1eu,England,Derbyshire,Brass Button,Ashbourne,DE6 1EU,Guest,2026 Q2,H,,venue,53.0179353,-1.7325808,openstreetmap-gb-extract,reference_agrees_within_50m,Brass Button,13 Market Place,Ashbourne,DE6 1EU,53.01795,-1.7326,2.1,https://camra.org.uk/pubs/112738,O,2026-09-11
61,coach and horses|ashbourne|de6 1gf,England,Derbyshire,Coach and Horses,Ashbourne,DE6 1GF,Perm,2026 Q1,H,Previously the Haig Club. It is not a PMC.,venue,53.0164546,-1.7326072,openstreetmap-gb-extract,reference_agrees_within_50m,Coach & Horses,27 Dig Street,Ashbourne,DE6 1GF,53.016464,-1.732561,3.3,https://camra.org.uk/pubs/112750,O,2026-09-11
62,hug and heave|ashbourne|de6 1gp,England,Derbyshire,Hug and Heave,Ashbourne,DE6 1GP,Perm,2026 Q3,H,,venue,53.0179362,-1.7313421,openstreetmap-gb-extract,reference_agrees_within_50m,Hug & Heave,33 St John Street,Ashbourne,DE6 1GP,53.017989,-1.731271,7.6,https://camra.org.uk/pubs/112740,O,2026-09-11
63,pavilion|ashbourne|de6 1ej,England,Derbyshire,Pavilion,Ashbourne,DE6 1EJ,Perm,2026 Q1,H,,venue,53.019817,-1.728245,manual-address-review,reference_agrees_within_50m,Pavilion,19 Cokayne Avenue,Ashbourne,DE6 1EJ,53.0198,-1.72824,1.9,https://camra.org.uk/pubs/195909,O,2026-09-11
64,smiths tavern|ashbourne|de6 1gh,England,Derbyshire,Smiths Tavern,Ashbourne,DE6 1GH,Perm,2025 Q4,H,,venue,53.0175369,-1.73197,openstreetmap-gb-extract,reference_agrees_within_50m,Smith's Tavern,36 St John Street,Ashbourne,DE6 1GH,53.017573,-1.731827,10.4,https://camra.org.uk/pubs/112775,O,2026-09-11
65,wheel inn|ashbourne|de6 1bx,England,Derbyshire,Wheel Inn,Ashbourne,DE6 1BX,Perm,2026 Q3,H,,venue,53.0157072,-1.7322067,openstreetmap-gb-extract,reference_agrees_within_50m,Wheel Inn,3-5 Compton Street,Ashbourne,DE6 1BX,53.015712,-1.732203,0.6,https://camra.org.uk/pubs/112767,O,2026-09-11
66,queens arms|bakewell|de45 1ds,England,Derbyshire,Queens Arms,Bakewell,DE45 1DS,Perm,2026 Q3,H,Perm as of Spring 26; replaced Pedi.,venue,53.2139063,-1.673778,openstreetmap-gb-extract,reference_agrees_within_50m,Queens Arms,Bridge Street,Bakewell,DE45 1DS,53.21393987072,-1.6738282153996,5.0,https://camra.org.uk/pubs/134400,O,2026-09-11
67,brookfield (barrow social club)|barrow upon trent|de73 7hg,England,Derbyshire,Brookfield (Barrow Social Club),Barrow upon Trent,DE73 7HG,Perm,2026 Q3,H,,venue,52.853542,-1.476693,camra-pubs-location-audit,reference_agrees_within_50m,Brookfield,Brookfield,Barrow-on-Trent,DE73 7HG,52.853542,-1.476693,0.0,https://camra.org.uk/pubs/143304,O,2026-09-11
68,white hart|belper: bargate|de56 0ja,England,Derbyshire,White Hart,Belper: Bargate,DE56 0JA,Perm,2026 Q3,H,,venue,53.01270881000001,-1.46258386,openstreetmap-gb-extract,reference_agrees_within_50m,White Hart,Sandbed Lane,Bargate,DE56 0JA,53.01255,-1.462635,18.0,https://camra.org.uk/pubs/113241,O,2026-09-11
69,arkwrights|belper: central|de56 1up,England,Derbyshire,Arkwrights,Belper: Central,DE56 1UP,Perm,2026 Q3,H,,venue,53.0227293,-1.4832821,google-maps-named-place,no_unambiguous_reference,,,,,,,,,,2026-09-11
70,belper house|belper: central|de56 1ey,England,Derbyshire,Belper House,Belper: Central,DE56 1EY,Perm,2026 Q2,H,,venue,53.02412483333333,-1.4785500833333334,openstreetmap-gb-extract,reference_agrees_within_50m,Belper House,2 Church Street,Belper,DE56 1EY,53.023958,-1.478641,19.5,https://camra.org.uk/pubs/113211,O,2026-09-11
71,cross keys|belper: central|de56 1fz,England,Derbyshire,Cross Keys,Belper: Central,DE56 1FZ,Guest,2026 Q3,H,,venue,53.0230428,-1.4789811,openstreetmap-gb-extract,reference_agrees_within_50m,Cross Keys,35 Market Place,Belper,DE56 1FZ,53.023070907606,-1.479030203705,4.5,https://camra.org.uk/pubs/113304,O,2026-09-11
72,george and dragon|belper: central|de56 1ba,England,Derbyshire,George and Dragon,Belper: Central,DE56 1BA,Perm,2025 Q4,H,,venue,53.026261,-1.48573,food-standards-agency-fhrs,reference_agrees_within_50m,George & Dragon,117 Bridge Street,Belper,DE56 1BA,53.026642,-1.485582,43.5,https://camra.org.uk/pubs/113342,O,2026-09-11
73,old kings head|belper: central|de56 1np,England,Derbyshire,Old Kings Head,Belper: Central,DE56 1NP,Perm,2026 Q2,H,"v1 'once a year'. Newand re-entries on the list are coloured gold.This directory couldn't have happened without Ian Thurman, Pub Curmudgeon (RIP), Retired Martin, Britain Beer Mat and Ian Webster.The directory is now kept updated by Quinten Taylor AKA Watney Mann (Fb). All content copyright Quinten Taylor.",venue,53.02193918571429,-1.4804291142857142,openstreetmap-gb-extract,reference_agrees_within_50m,Old King's Head,Days Lane,Belper,DE56 1NP,53.021897,-1.48062,13.6,https://camra.org.uk/pubs/113266,O,2026-09-11
74,tavern|belper: central|de56 1uu,England,Derbyshire,Tavern,Belper: Central,DE56 1UU,Perm,2026 Q2,H,,venue,53.0180211,-1.4845985,openstreetmap-gb-extract,reference_agrees_within_50m,Tavern,11 Derby Road,Belper,DE56 1UU,53.018004,-1.484552,3.6,https://camra.org.uk/pubs/113232,O,2026-09-11
75,thorn tree inn|belper: central|de56 1ff,England,Derbyshire,Thorn Tree Inn,Belper: Central,DE56 1FF,Perm,2026 Q3,H,,venue,53.0276025,-1.4762328,openstreetmap-gb-extract,reference_agrees_within_50m,Thorn Tree Inn,21 Chesterfield Road,Belper,DE56 1FF,53.027594,-1.476261,2.1,https://camra.org.uk/pubs/113233,O,2026-09-11
76,waterloo|biggin|sk17 0dh,England,Derbyshire,Waterloo,Biggin,SK17 0DH,Guest,2026 Q1,H,,venue,53.13248902309,-1.7736220086195,camra-pubs-location-audit,reference_agrees_within_50m,Waterloo Inn,"Main Street, Biggin by Hartington",Biggin,SK17 0DH,53.13248902309,-1.7736220086195,0.0,https://camra.org.uk/pubs/134434,O,2026-09-11
77,black lion|blackfordby|de11 8ab,England,Derbyshire,Black Lion,Blackfordby,DE11 8AB,Guest,2026 Q3,H,,venue,52.75937691666667,-1.51140655,openstreetmap-gb-extract,reference_agrees_within_50m,Black Lion,3 Main Street,Blackfordby,DE11 8AB,52.7594,-1.5114,2.6,https://camra.org.uk/pubs/171329,O,2026-09-11
78,windmill|breadsall|de21 4fy,England,Derbyshire,Windmill,Breadsall,DE21 4FY,Guest,2026 Q2,H,,venue,52.94963111304348,-1.4422192260869566,openstreetmap-gb-extract,reference_agrees_within_50m,Windmill Inn,Hilltop,Derby,DE21 4FY,52.94958,-1.442173,6.5,https://camra.org.uk/pubs/143230,O,2026-09-11
79,navigation|breaston|de72 3bp,England,Derbyshire,Navigation,Breaston,DE72 3BP,Perm,2025 Q4,H,,venue,52.9024,-1.3172,camra-and-fsa-location-audit,reference_agrees_within_50m,Navigation Inn,Risley Lane,Breaston,DE72 3BP,52.9024,-1.3172,0.0,https://camra.org.uk/pubs/161229,O,2026-09-11
80,burton golf club (pmc)|bretby|de15 0ps,England,Derbyshire,Burton Golf Club (PMC),Bretby,DE15 0PS,Perm,2026 Q1,H,,venue,52.7988,-1.5851,camra-pubs-location-audit,reference_agrees_within_50m,Burton-on-Trent Golf Club,43 Ashby Road East,Bretby,DE15 0PS,52.7988,-1.5851,0.0,https://camra.org.uk/pubs/124090,O,2026-09-11
81,barrel inn|breton|s32 5qd,England,Derbyshire,Barrel Inn,Breton,S32 5QD,Guest,2026 Q2,H,,venue,53.29796634761905,-1.7004787095238096,openstreetmap-gb-extract,reference_agrees_within_50m,Barrel Inn,Bretton,Eyam,S32 5QD,53.297924752706,-1.70043548214,5.4,https://camra.org.uk/pubs/147653,O,2026-09-11
82,new inn|buxton|sk17 6eb,England,Derbyshire,New Inn,Buxton,SK17 6EB,Perm,2026 Q3,H,,venue,53.2563813,-1.9136159,openstreetmap-gb-extract,reference_agrees_within_50m,New Inn,2-3 Market Place,Buxton,SK17 6EB,53.2564500294,-1.913673498759,8.5,https://camra.org.uk/pubs/120682,O,2026-09-11
83,swan|buxton|sk17 6hb,England,Derbyshire,Swan,Buxton,SK17 6HB,Perm,2026 Q2,H,,venue,53.253980639999995,-1.9154563,openstreetmap-gb-extract,reference_agrees_within_50m,Swan Hotel,40 High Street,Buxton,SK17 6HB,53.25406,-1.91535,11.3,https://camra.org.uk/pubs/120799,O,2026-09-11
84,vault|buxton|sk17 6eu,England,Derbyshire,Vault,Buxton,SK17 6EU,Guest,2026 Q2,H,,venue,53.25517519,-1.9154949000000001,openstreetmap-gb-extract,reference_agrees_within_50m,Vault,2-4 High Street,Buxton,SK17 6EU,53.255199044899,-1.915395685844,7.1,https://camra.org.uk/pubs/195301,O,2026-09-11
85,mount pleasant inn|castle gresley|de11 9je,England,Derbyshire,Mount Pleasant Inn,Castle Gresley,DE11 9JE,Perm,2026 Q3,H,,venue,52.7498761,-1.5737433,google-maps-named-place,reference_agrees_within_50m_postcode_conflict,Mount Pleasant Inn,109 Mount Pleasant Road,Castle Gresley,DE11 9JJ,52.75,-1.5741,27.7,https://camra.org.uk/pubs/124016,O,2026-09-11
86,castle|castleton|s33 8wg,England,Derbyshire,Castle,Castleton,S33 8WG,Guest,2025 Q4,H,,venue,53.3429574,-1.7765431,openstreetmap-gb-extract,reference_agrees_within_50m,Castle Inn,Castle Street,Castleton,S33 8WG,53.34291314886,-1.776361050262,13.0,https://camra.org.uk/pubs/147366,O,2026-09-11
87,crossbar|chellaston|de73 6tq,England,Derbyshire,Crossbar,Chellaston,DE73 6TQ,Guest,2026 Q1,H,,venue,52.8750547,-1.4265946,google-maps-named-place,no_unambiguous_reference,,,,,,,,,,2026-09-11
88,new pin|chellaston|de73 5ua,England,Derbyshire,New Pin,Chellaston,DE73 5UA,Guest,2026 Q1,H,,venue,52.8684146,-1.4385424,openstreetmap-gb-extract,reference_agrees_within_50m,New Pin,Swarkestone Road,Derby,DE73 5UA,52.868392,-1.438466,5.7,https://camra.org.uk/pubs/143605,O,2026-09-11
89,r and rs sports bar|chellaston|de73 5sa,England,Derbyshire,R and Rs Sports Bar,Chellaston,DE73 5SA,Perm,2025 Q4,H,,venue,52.8690371,-1.4379227,google-maps-named-place,reference_agrees_within_50m_postcode_conflict,R&Rs Sports Bar & Lounge,12 Derby Road,Derby,DE73 6RA,52.8692,-1.43821,26.5,https://camra.org.uk/pubs/143368,C,2026-09-11
90,pig and pump|chesterfield: central|s41 7tj,England,Derbyshire,Pig and Pump,Chesterfield: Central,S41 7TJ,Guest,2026 Q2,H,,venue,53.23594368571428,-1.4237670857142857,openstreetmap-gb-extract,reference_agrees_within_50m,Pig & Pump,16 St Mary's Gate,Chesterfield,S41 7TJ,53.235932652422,-1.423827115039,4.2,https://camra.org.uk/pubs/134942,O,2026-09-11
91,royal oak|chesterfield: central|s40 1px,England,Derbyshire,Royal Oak,Chesterfield: Central,S40 1PX,Guest,2026 Q3,H,,venue,53.235398383333326,-1.4277388666666668,openstreetmap-gb-extract,reference_agrees_within_50m,Royal Oak,1 The Shambles,Chesterfield,S40 1PX,53.235409114871,-1.4277158650329,1.9,https://camra.org.uk/pubs/134613,O,2026-09-11
92,chesterfield arms|chesterfield: newbold|s41 7ph,England,Derbyshire,Chesterfield Arms,Chesterfield: Newbold,S41 7PH,Perm,2026 Q3,H,,venue,53.2410988125,-1.4320078875,openstreetmap-gb-extract,reference_agrees_within_50m,Chesterfield Arms,40 Newbold Road,Chesterfield,S41 7PH,53.241190666466,-1.4319125073603,12.0,https://camra.org.uk/pubs/134536,O,2026-09-11
93,drum and monkey|castle gresley|de11 9lh,England,Derbyshire,Drum and Monkey,Castle Gresley,DE11 9LH,Perm,2026 Q2,H,,venue,52.75802555,-1.5766028875,openstreetmap-gb-extract,reference_agrees_within_50m,Drum & Monkey,Castle Road,Castle Gresley,DE11 9LH,52.758,-1.5767,7.1,https://camra.org.uk/pubs/124015,O,2026-09-11
94,holly bush|church broughton|de65 5as,England,Derbyshire,Holly Bush,Church Broughton,DE65 5AS,Guest,2026 Q3,H,,venue,52.900159685714286,-1.6943986142857141,openstreetmap-gb-extract,reference_agrees_within_50m,Hollybush Inn,Main Street,Church Broughton,DE65 5AS,52.900161,-1.694448,3.3,https://camra.org.uk/pubs/143579,O,2026-09-11
95,miners arms|church gresley|de11 9nt,England,Derbyshire,Miners Arms,Church Gresley,DE11 9NT,Perm,2026 Q3,H,,venue,52.760389610000004,-1.5679968800000001,openstreetmap-gb-extract,reference_agrees_within_50m,Miners Arms,George Street,Church Gresley,DE11 9NT,52.7604,-1.5679,6.6,https://camra.org.uk/pubs/123876,O,2026-09-11
96,rising sun|church gresley|de11 9ly,England,Derbyshire,Rising Sun,Church Gresley,DE11 9LY,Guest,2025 Q4,H,,venue,52.7607231,-1.564267,openstreetmap-gb-extract,reference_agrees_within_50m_postcode_conflict,Rising Sun,77 Church Street,Church Gresley,DE11 9NR,52.7607,-1.5642,5.2,https://camra.org.uk/pubs/123877,O,2026-09-11
97,marquis|codnor|de5 9sp,England,Derbyshire,Marquis,Codnor,DE5 9SP,Guest,2025 Q4,H,,venue,53.0327458,-1.3798038,openstreetmap-gb-extract,reference_agrees_within_50m,Marquis of Ormonde,35 Codnor Denby Lane,Crosshill,DE5 9SP,53.032725,-1.379822,2.6,https://camra.org.uk/pubs/113347,O,2026-09-11
98,black horse|coton in the elms|de12 8hj,England,Derbyshire,Black Horse,Coton in the Elms,DE12 8HJ,Perm,2026 Q2,H,,venue,52.734155561538465,-1.6363788692307693,openstreetmap-gb-extract,reference_agrees_within_50m,Black Horse,17 Burton Road,Coton-in-the-Elms,DE12 8HJ,52.7341,-1.6364,6.3,https://camra.org.uk/pubs/124063,O,2026-09-11
99,cliff inn|crich|de4 5dp,England,Derbyshire,Cliff Inn,Crich,DE4 5DP,Guest,2026 Q1,H,,venue,53.0897864,-1.4874117,openstreetmap-gb-extract,reference_agrees_within_50m,Cliff Inn,Town End,Crich,DE4 5DP,53.089733,-1.487446,6.4,https://camra.org.uk/pubs/165830,O,2026-09-11
100,old black swan|crich|de4 5dd,England,Derbyshire,Old Black Swan,Crich,DE4 5DD,Guest,2026 Q2,H,,venue,53.084615581818184,-1.478402390909091,openstreetmap-gb-extract,reference_agrees_within_50m_postcode_conflict,Old Black Swan,6 Bowns Hill,Crich,DE4 5DG,53.084596222142,-1.478505364418,7.2,https://camra.org.uk/pubs/165834,O,2026-09-11
101,boat|cromford|de4 3qf,England,Derbyshire,Boat,Cromford,DE4 3QF,Perm,2026 Q3,H,,venue,53.108998,-1.560742,camra-pubs-location-audit,reference_agrees_within_50m,Boat Inn,Scarthin,Cromford,DE4 3QF,53.108998,-1.560742,0.0,https://camra.org.uk/pubs/165756,O,2026-09-11
102,carpenters arms|dale abbey|de7 4pp,England,Derbyshire,Carpenters Arms,Dale Abbey,DE7 4PP,Perm,2026 Q3,H,,venue,52.94573468181818,-1.3518108,openstreetmap-gb-extract,reference_agrees_within_50m,Carpenters Arms,Dale Lane,Dale Abbey,DE7 4PP,52.9457,-1.3517,8.4,https://camra.org.uk/pubs/161231,O,2026-09-11
103,grouse inn|darley dale|de4 2ft,England,Derbyshire,Grouse Inn,Darley Dale,DE4 2FT,Guest,2026 Q3,H,,venue,53.16705846,-1.5993338,openstreetmap-gb-extract,reference_agrees_within_50m,Grouse Inn,Dale Rd North,Darley Dale,DE4 2FT,53.167041,-1.599315,2.3,https://camra.org.uk/pubs/165766,O,2026-09-11
104,allestree club|derby: allestree|de22 2fs,England,Derbyshire,Allestree Club,Derby: Allestree,DE22 2FS,Perm,2026 Q1,H,Not a PMC - just cheaper if you are a member,venue,52.9541,-1.48871,camra-pubs-location-audit,reference_agrees_within_50m,Allestree Club,39 Cornhill,Derby,DE22 2FS,52.9541,-1.48871,0.0,https://camra.org.uk/pubs/143356,O,2026-09-11
105,markeaton|derby: allestree|de22 2tf,England,Derbyshire,Markeaton,Derby: Allestree,DE22 2TF,Guest,2026 Q1,H,,venue,52.9448689125,-1.50272779375,openstreetmap-gb-extract,reference_agrees_within_50m,Markeaton,434 Kedleston Road,Derby,DE22 2TF,52.944883,-1.502801,5.1,https://camra.org.uk/pubs/143250,O,2026-09-11
106,red cow|derby: allestree|de22 2dz,England,Derbyshire,Red Cow,Derby: Allestree,DE22 2DZ,Perm,2026 Q2,H,,venue,52.95324888571429,-1.4837916142857142,openstreetmap-gb-extract,reference_agrees_within_50m,Red Cow,2 St Edmund's Close,Derby,DE22 2DZ,52.95331,-1.483994,15.2,https://camra.org.uk/pubs/143405,O,2026-09-11
107,woodlands hotel|derby: allestree|de22 2gp,England,Derbyshire,Woodlands Hotel,Derby: Allestree,DE22 2GP,Perm,2026 Q2,H,,venue,52.95372307333333,-1.49642656,openstreetmap-gb-extract,reference_agrees_within_50m,Woodlands Hotel,Blenheim Parade,Derby,DE22 2GP,52.953688,-1.496477,5.2,https://camra.org.uk/pubs/143569,O,2026-09-11
108,needles|derby: alvaston|de24 0uq,England,Derbyshire,Needles,Derby: Alvaston,DE24 0UQ,Guest,2026 Q2,H,,venue,52.8865684,-1.4139658,openstreetmap-gb-extract,reference_agrees_within_50m,Needles,Bembridge Drive,Derby,DE24 0UQ,52.886525,-1.413937,5.2,https://camra.org.uk/pubs/143266,O,2026-09-11
109,bless|derby: central|de1 3gu,England,Derbyshire,Bless,Derby: Central,DE1 3GU,Guest,2026 Q2,H,,venue,52.9256997,-1.4804496,openstreetmap-gb-extract,reference_agrees_within_50m,Bless,11-17 Chapel Street,Derby,DE1 3GU,52.92584,-1.480177,24.0,https://camra.org.uk/pubs/143474,O,2026-09-11
110,brunswick|derby: central|de1 2ru,England,Derbyshire,Brunswick,Derby: Central,DE1 2RU,Guest,2026 Q1,H,,venue,52.91826700526316,-1.4641624578947368,openstreetmap-gb-extract,reference_agrees_within_50m,Brunswick Inn,1 Railway Terrace,Derby,DE1 2RU,52.918307,-1.4641,6.1,https://camra.org.uk/pubs/143518,O,2026-09-11
111,five lamps|derby: central|de1 3bh,England,Derbyshire,Five Lamps,Derby: Central,DE1 3BH,Perm,2026 Q2,H,,venue,52.92919105714286,-1.4828623,openstreetmap-gb-extract,reference_agrees_within_50m,Five Lamps,25 Duffield Road,Derby,DE1 3BH,52.929213,-1.48278,6.0,https://camra.org.uk/pubs/143456,O,2026-09-11
112,flowerpot|derby: central|de1 3dz,England,Derbyshire,Flowerpot,Derby: Central,DE1 3DZ,Perm,2026 Q3,H,,venue,52.926168288235296,-1.4795981058823529,openstreetmap-gb-extract,reference_agrees_within_50m,Flowerpot,"23-25 King Street, Cathedral Quarter",Derby,DE1 3DZ,52.926249,-1.479612,9.0,https://camra.org.uk/pubs/143639,O,2026-09-11
113,greyhound|derby: central|de1 1fn,England,Derbyshire,Greyhound,Derby: Central,DE1 1FN,Perm,2026 Q3,H,,venue,52.92458285294118,-1.4888686235294117,openstreetmap-gb-extract,reference_agrees_within_50m,Greyhound,76 Friar Gate,Derby,DE1 1FN,52.924689,-1.488819,12.3,https://camra.org.uk/pubs/143656,O,2026-09-11
114,horse and groom|derby: central|de1 3hn,England,Derbyshire,Horse and Groom,Derby: Central,DE1 3HN,Perm,2025 Q4,H,,venue,52.9296691,-1.4868244,openstreetmap-gb-extract,reference_agrees_within_50m,Horse & Groom,48 Elms Street,Derby,DE1 3HN,52.929643,-1.486942,8.4,https://camra.org.uk/pubs/143228,O,2026-09-11
115,neptune|derby: central|de1 2hr,England,Derbyshire,Neptune,Derby: Central,DE1 2HR,Perm,2026 Q3,H,,venue,52.91897086666667,-1.475284411111111,openstreetmap-gb-extract,reference_agrees_within_50m,Neptune,10 Osmaston Road,Derby,DE1 2HR,52.91903,-1.475169,10.2,https://camra.org.uk/pubs/143506,O,2026-09-11
116,old bell hotel|derby: central|de1 3nq,England,Derbyshire,Old Bell Hotel,Derby: Central,DE1 3NQ,Perm,2026 Q3,H,,venue,52.92320106666667,-1.4779033291666668,openstreetmap-gb-extract,reference_agrees_within_50m,Old Bell Hotel,"51 Sadler Gate, Cathedral Quarter",Derby,DE1 3NQ,52.923295,-1.47785,11.0,https://camra.org.uk/pubs/143560,O,2026-09-11
117,old silk mill|derby: central|de1 3af,England,Derbyshire,Old Silk Mill,Derby: Central,DE1 3AF,Perm,2026 Q3,H,,venue,52.92552971111111,-1.4772297111111112,openstreetmap-gb-extract,reference_agrees_within_50m,Old Silk Mill,"19 Full Street, Cathedral Quarter",Derby,DE1 3AF,52.925476,-1.477165,7.4,https://camra.org.uk/pubs/143279,O,2026-09-11
118,peacock inn|derby: central|de1 3qs,England,Derbyshire,Peacock Inn,Derby: Central,DE1 3QS,Guest,2026 Q2,G/H,"""barrel on bar Derby home games"" (June 25). Quality warning May 26",venue,52.925937,-1.470816,camra-pubs-location-audit,reference_agrees_within_50m,Peacock Inn,87 Nottingham Road,Derby,DE1 3QS,52.925937,-1.470816,0.0,https://camra.org.uk/pubs/143321,O,2026-09-11
119,royal standard|derby: central|de1 2ed,England,Derbyshire,Royal Standard,Derby: Central,DE1 2ED,Guest,2026 Q3,H,,venue,52.92428478888889,-1.4731951555555556,openstreetmap-gb-extract,reference_agrees_within_50m,Royal Standard,1 Derwent Street,Derby,DE1 2ED,52.924242,-1.473244,5.8,https://camra.org.uk/pubs/143437,O,2026-09-11
120,smithfield|derby: central|de1 2bh,England,Derbyshire,Smithfield,Derby: Central,DE1 2BH,Perm,2026 Q3,H,,venue,52.92324088125,-1.46790779375,openstreetmap-gb-extract,reference_agrees_within_50m,Smithfield,Meadow Road,Derby,DE1 2BH,52.923274,-1.467788,8.8,https://camra.org.uk/pubs/143449,O,2026-09-11
121,seven stars|derby: central|de1 3ee,England,Derbyshire,Seven Stars,Derby: Central,DE1 3EE,Perm,2026 Q2,H,,venue,52.927518,-1.4810516,openstreetmap-gb-extract,reference_agrees_within_50m,Seven Stars Inn,97 King Street,Derby,DE1 3EE,52.927539,-1.481006,3.8,https://camra.org.uk/pubs/143440,O,2026-09-11
122,white horse|derby: central|de1 2aw,England,Derbyshire,White Horse,Derby: Central,DE1 2AW,Perm,2026 Q3,H,,venue,52.92188677692308,-1.4740962769230768,openstreetmap-gb-extract,reference_agrees_within_50m,White Horse,25 Morledge,Derby,DE1 2AW,52.921833,-1.473887,15.3,https://camra.org.uk/pubs/143640,O,2026-09-11
123,ye olde dolphin inne|derby: central|de1 3dl,England,Derbyshire,Ye Olde Dolphin Inne,Derby: Central,DE1 3DL,Perm,2025 Q4,H,,venue,52.92527998181818,-1.4777686090909092,openstreetmap-gb-extract,reference_agrees_within_50m,Olde Dolphin Inne,5a Queen Street,Derby,DE1 3DL,52.925255,-1.477935,11.5,https://camra.org.uk/pubs/143488,O,2026-09-11
124,chaddesen park social club (pmc)|derby: chaddesden|de21 6pd,England,Derbyshire,Chaddesen Park Social Club (PMC),Derby: Chaddesden,DE21 6PD,Perm,2026 Q3,H,,venue,52.927228,-1.4458378,google-maps-named-place,no_unambiguous_reference,,,,,,,,,,2026-09-11
125,hoppy place|derby: chaddesden|de21 6pf,England,Derbyshire,Hoppy Place,Derby: Chaddesden,DE21 6PF,Perm,2026 Q2,H,,venue,52.92384706,-1.43849166,openstreetmap-gb-extract,reference_agrees_within_50m,Hoppy Place,"488 Nottingham Road, Chaddesden",Derby,DE21 6PF,52.923852538386,-1.438511610031,1.5,https://camra.org.uk/pubs/197503,O,2026-09-11
126,toby carvery|derby: chaddesden|de21 6lz,England,Derbyshire,Toby Carvery,Derby: Chaddesden,DE21 6LZ,Perm,2026 Q3,H,,venue,52.924253,-1.437760925,openstreetmap-gb-extract,reference_agrees_within_50m,Toby Carvery,Nottingham Road,Derby,DE21 6LZ,52.924165,-1.437841,11.2,https://camra.org.uk/pubs/143315,O,2026-09-11
127,coach and horses|derby: chester green|de1 3rf,England,Derbyshire,Coach and Horses,Derby: Chester Green,DE1 3RF,Perm,2026 Q3,H,,venue,52.93391284545455,-1.4717673363636363,openstreetmap-gb-extract,reference_agrees_within_50m,Coach & Horses,Mansfield Road,Derby,DE1 3RF,52.933853,-1.471696,8.2,https://camra.org.uk/pubs/143600,O,2026-09-11
128,new zealand arms|derby: new zealand|de22 3gl,England,Derbyshire,New Zealand Arms,Derby: New Zealand,DE22 3GL,Perm,2026 Q1,H,Bass is used for the fish & chip batter!,venue,52.92570281111111,-1.498861611111111,openstreetmap-gb-extract,reference_agrees_within_50m,New Zealand Arms,2 Langley Street,Derby,DE22 3GL,52.925713,-1.498675,12.6,https://camra.org.uk/pubs/143270,O,2026-09-11
129,norman arms|derby: normanton|de23 8df,England,Derbyshire,Norman Arms,Derby: Normanton,DE23 8DF,Perm,2026 Q3,H,,venue,52.89862215,-1.4824838666666666,openstreetmap-gb-extract,reference_agrees_within_50m,Norman Arms,Village Street,Derby,DE23 8DF,52.898593,-1.482489,3.3,https://camra.org.uk/pubs/143275,O,2026-09-11
130,oak and acorn|derby: oakwood|de21 2ht,England,Derbyshire,Oak and Acorn,Derby: Oakwood,DE21 2HT,Guest,2026 Q2,H,,venue,52.9414246,-1.4312374,openstreetmap-gb-extract,reference_agrees_within_50m,Oak & Acorn,Danebridge Crescent,Derby,DE21 2HT,52.941323,-1.431259,11.4,https://camra.org.uk/pubs/143509,O,2026-09-11
131,liberal club (pmc)|derby: spondon|de21 7ea,England,Derbyshire,Liberal Club (PMC),Derby: Spondon,DE21 7EA,Perm,2026 Q3,H,,venue,52.921066,-1.402822,camra-pubs-location-audit,reference_agrees_within_50m,Spondon Liberal Club,4 Moor Street,Derby,DE21 7EA,52.921066,-1.402822,0.0,https://camra.org.uk/pubs/143323,O,2026-09-11
132,village/conservative club (pmc)|derby: spondon|de21 7jp,England,Derbyshire,Village/Conservative Club (PMC),Derby: Spondon,DE21 7JP,Perm,2026 Q3,H,,venue,52.921261,-1.404047,camra-pubs-location-audit,reference_agrees_within_50m,Village Club,13 Chapel Street,Derby,DE21 7JP,52.921261,-1.404047,0.0,https://camra.org.uk/pubs/143292,O,2026-09-11
133,white swan|derby: spondon|de21 7ea,England,Derbyshire,White Swan,Derby: Spondon,DE21 7EA,Perm,2026 Q1,H,,venue,52.92100271,-1.40315492,openstreetmap-gb-extract,reference_agrees_within_50m,White Swan,2 Moor Street,Derby,DE21 7EA,52.920914,-1.403249,11.7,https://camra.org.uk/pubs/143574,O,2026-09-11
134,woodlark|derby: west end|de1 3la,England,Derbyshire,Woodlark,Derby: West End,DE1 3LA,Perm,2026 Q3,H,,venue,52.9264828,-1.4859205,food-standards-agency-fhrs,reference_agrees_within_50m,Woodlark,"76-80 Bridge Street, West End",Derby,DE1 3LA,52.926506,-1.485917,2.6,https://camra.org.uk/pubs/143485,O,2026-09-11
135,coach and horses|draycott|de72 3ps,England,Derbyshire,Coach and Horses,Draycott,DE72 3PS,Guest,2026 Q2,H,"""due to a high price from supplier we only occasionally have it""",venue,52.89425898181818,-1.3405586636363636,openstreetmap-gb-extract,reference_agrees_within_50m,Coach & Horses,Victoria Road,Draycott,DE72 3PS,52.8946,-1.341,48.1,https://camra.org.uk/pubs/161233,O,2026-09-11
136,chevin golf club (pmc)|duffield|de56 4ee,England,Derbyshire,Chevin Golf Club (PMC),Duffield,DE56 4EE,Perm,2026 Q2,H,,venue,52.994896,-1.489768,food-standards-agency-fhrs,reference_agrees_within_50m,Chevin Golf Club,"Golf Lane, Duffield",Duffield,DE56 4EE,52.9949,-1.48974,1.9,https://camra.org.uk/pubs/113196,X,2026-09-11
137,kings head|duffield|de56 4eh,England,Derbyshire,Kings Head,Duffield,DE56 4EH,Guest,2026 Q2,H,,venue,52.98781045,-1.4880700875,openstreetmap-gb-extract,reference_agrees_within_50m,Kings Head,1 Town Street,Duffield,DE56 4EH,52.9878,-1.488111,3.0,https://camra.org.uk/pubs/143500,O,2026-09-11
138,hawk and buckle|etwall|de65 6lp,England,Derbyshire,Hawk and Buckle,Etwall,DE65 6LP,Guest,2026 Q2,H,,venue,52.8847324,-1.6007167,openstreetmap-gb-extract,reference_agrees_within_50m,Hawk & Buckle,46 Main Street,Etwall,DE65 6LP,52.884733,-1.600831,7.7,https://camra.org.uk/pubs/143582,O,2026-09-11
139,spread eagle|etwall|de65 6lp,England,Derbyshire,Spread Eagle,Etwall,DE65 6LP,Perm,2026 Q3,H,,venue,52.883912093333336,-1.60150518,openstreetmap-gb-extract,reference_agrees_within_50m,Spread Eagle,28 Main Street,Etwall,DE65 6LP,52.88389,-1.601501,2.5,https://camra.org.uk/pubs/143597,O,2026-09-11
140,bluebell|farnah green|de56 2up,England,Derbyshire,Bluebell,Farnah Green,DE56 2UP,Perm,2026 Q3,H,,venue,53.01757921818182,-1.5015545454545454,openstreetmap-gb-extract,reference_agrees_within_50m,Bluebell Inn,,Farnah Green,DE56 2UP,53.017568,-1.501501,3.8,https://camra.org.uk/pubs/113169,O,2026-09-11
141,commercial|glossop|sk13 7sh,England,Derbyshire,Commercial,Glossop,SK13 7SH,Guest,2026 Q1,H,,venue,53.4448754,-1.9392243,food-standards-agency-fhrs,reference_agrees_within_50m,Commercial Inn,137 Manor Park Road,Glossop,SK13 7SH,53.444831,-1.9395489,22.1,https://camra.org.uk/pubs/121081,O,2026-09-11
142,star inn|glossop|sk13 7dd,England,Derbyshire,Star Inn,Glossop,SK13 7DD,Guest,2026 Q2,H,Alternates with TTL (Sep 25),venue,53.44456338,-1.9485081066666665,openstreetmap-gb-extract,reference_agrees_within_50m,Star Inn,2 Howard Street,Glossop,SK13 7DD,53.444485,-1.948499,8.7,https://camra.org.uk/pubs/120413,O,2026-09-11
143,devonshire arms|hartington|sk17 0al,England,Derbyshire,Devonshire Arms,Hartington,SK17 0AL,Guest,2026 Q2,H,,venue,53.1405233,-1.8096755,openstreetmap-gb-extract,reference_agrees_within_50m,Devonshire Arms,Market Place,Hartington,SK17 0AL,53.140559031651,-1.8097535113958,6.5,https://camra.org.uk/pubs/134714,O,2026-09-11
144,admiral rodney|hartshorne|de11 7es,England,Derbyshire,Admiral Rodney,Hartshorne,DE11 7ES,Perm,2026 Q2,H,,venue,52.78633,-1.5199173,food-standards-agency-fhrs,reference_agrees_within_50m,Admiral Rodney Inn,65 Main Street,Hartshorne,DE11 7ES,52.7864,-1.5198,11.1,https://camra.org.uk/pubs/124061,O,2026-09-11
145,mill wheel|hartshorne|de11 7as,England,Derbyshire,Mill Wheel,Hartshorne,DE11 7AS,Perm,2026 Q2,H,,venue,52.788562211111106,-1.5187965555555556,openstreetmap-gb-extract,reference_agrees_within_50m,Mill Wheel,31 Ticknall Road,Hartshorne,DE11 7AS,52.7887,-1.5187,16.6,https://camra.org.uk/pubs/124062,O,2026-09-11
146,doveside social club (pmc)|hatton|de65 5ez,England,Derbyshire,Doveside Social Club (PMC),Hatton,DE65 5EZ,Perm,2025 Q4,H,,venue,52.8652076,-1.6823627,manual-multiple-source-map-review,no_unambiguous_reference,,,,,,,,,,2026-09-11
147,tavern|hatton|de65 5eh,England,Derbyshire,Tavern,Hatton,DE65 5EH,Perm,2026 Q3,H,,venue,52.8725101,-1.6789110307692308,openstreetmap-gb-extract,reference_agrees_within_50m,Tavern,Station Road,Hatton,DE65 5EH,52.872543,-1.678965,5.1,https://camra.org.uk/pubs/143586,O,2026-09-11
148,eagle tavern|heage|de56 2hu,England,Derbyshire,Eagle Tavern,Heage,DE56 2HU,Perm,2026 Q3,H,,venue,53.05091065714286,-1.4467558142857142,openstreetmap-gb-extract,reference_agrees_within_50m,Eagle Tavern,94 Ripley Road,Heage,DE56 2HU,53.050777,-1.446754,14.9,https://camra.org.uk/pubs/113329,O,2026-09-11
149,drunken dog|heanor|de75 7ef,England,Derbyshire,Drunken Dog,Heanor,DE75 7EF,Guest,2026 Q3,H,,venue,53.013306,-1.3528839,openstreetmap-gb-extract,reference_agrees_within_50m_postcode_conflict,Drunken Dog,"Unit 2, 38 Market Place",Heanor,DE75 7EG,53.013217,-1.35293,10.4,https://camra.org.uk/pubs/200257,O,2026-09-11
150,jolly colliers|heanor|de75 7ql,England,Derbyshire,Jolly Colliers,Heanor,DE75 7QL,Guest,2025 Q4,H,,venue,53.01273368571429,-1.3622932928571427,openstreetmap-gb-extract,reference_agrees_within_50m,Jolly Colliers,122 Derby Road,Heanor,DE75 7QL,53.012679,-1.362273,6.2,https://camra.org.uk/pubs/161247,O,2026-09-11
151,redemption ale house|heanor|de75 7ge,England,Derbyshire,Redemption Ale House,Heanor,DE75 7GE,Guest,2026 Q3,H,,venue,53.0138514625,-1.355046425,openstreetmap-gb-extract,reference_agrees_within_50m,Redemption Ale House,3 Ray Street,Heanor,DE75 7GE,53.013838,-1.355091,3.3,https://camra.org.uk/pubs/161438,O,2026-09-11
152,hourglass|hilton|de65 5gp,England,Derbyshire,Hourglass,Hilton,DE65 5GP,Perm,2026 Q3,H,,venue,52.8724517,-1.6392812,openstreetmap-gb-extract,reference_agrees_within_50m,"Hourglass, Hilton",1 Mill Lane,Hilton,DE65 5GP,52.87241,-1.639373,7.7,https://camra.org.uk/pubs/143615,O,2026-09-11
153,dead poets inn|holbrook|de56 0tq,England,Derbyshire,Dead Poets Inn,Holbrook,DE56 0TQ,Perm,2026 Q2,H/J,,venue,53.0052937,-1.4589698,openstreetmap-gb-extract,reference_agrees_within_50m,Dead Poets Inn,38 Chapel Street,Holbrook,DE56 0TQ,53.005275,-1.45887,7.0,https://camra.org.uk/pubs/113242,O,2026-09-11
154,spotted cow|holbrook|de56 0ta,England,Derbyshire,Spotted Cow,Holbrook,DE56 0TA,Guest,2026 Q3,H,,venue,53.00026675,-1.4588345833333334,openstreetmap-gb-extract,reference_agrees_within_50m,Spotted Cow,12 Town Street,Holbrook,DE56 0TA,53.00024,-1.458803,3.6,https://camra.org.uk/pubs/113229,O,2026-09-11
155,red lion|hollington|de6 3ha,England,Derbyshire,Red Lion,Hollington,DE6 3HA,Perm,2026 Q2,H,,venue,52.952454585714285,-1.661919557142857,openstreetmap-gb-extract,reference_agrees_within_50m_postcode_conflict,Red Lion,Longford Road,Hollington,DE6 3AG,52.952431,-1.661865,4.5,https://camra.org.uk/pubs/112759,O,2026-09-11
156,coach and horses|horsley|de21 5bq,England,Derbyshire,Coach and Horses,Horsley,DE21 5BQ,Perm,2026 Q2,H,,venue,52.99653110833333,-1.4333234500000003,openstreetmap-gb-extract,reference_agrees_within_50m,Coach & Horses,47 Church Street,Horsley,DE21 5BQ,52.996324,-1.433332,23.0,https://camra.org.uk/pubs/143601,O,2026-09-11
157,sitwell arms|horsley woodhouse|de7 6bn,England,Derbyshire,Sitwell Arms,Horsley Woodhouse,DE7 6BN,Perm,2026 Q2,H,,venue,52.992802815384614,-1.4089596153846153,openstreetmap-gb-extract,reference_agrees_within_50m,Sitwell Arms,30 Wood Lane,Horsley Woodhouse,DE7 6BN,52.992758,-1.409018,6.3,https://camra.org.uk/pubs/113213,O,2026-09-11
158,royal oak|hurdlow|sk17 9qj,England,Derbyshire,Royal Oak,Hurdlow,SK17 9QJ,Guest,2026 Q3,H,,venue,53.19074316363637,-1.8120995181818182,openstreetmap-gb-extract,reference_agrees_within_50m,Royal Oak,,Hurdlow,SK17 9QJ,53.190714069763,-1.8121010069955,3.2,https://camra.org.uk/pubs/134744,O,2026-09-11
159,general havelock|ilkeston|de7 5fw,England,Derbyshire,General Havelock,Ilkeston,DE7 5FW,Guest,2026 Q3,H,,venue,52.9665671,-1.30711571875,openstreetmap-gb-extract,reference_agrees_within_50m,General Havelock,Stanton Road,Ilkeston,DE7 5FW,52.966556000774,-1.307133923527,1.7,https://camra.org.uk/pubs/161277,O,2026-09-11
160,rutland cottage|ilkeston|de7 8te,England,Derbyshire,Rutland Cottage,Ilkeston,DE7 8TE,Guest,2026 Q1,H,,venue,52.9856,-1.3168,camra-and-fsa-location-audit,reference_agrees_within_50m,Rutland Cottage Inn,Heanor Road,Ilkeston,DE7 8TE,52.9856,-1.3168,0.0,https://camra.org.uk/pubs/161309,O,2026-09-11
161,john thompson inn|ingleby|de73 7hw,England,Derbyshire,John Thompson Inn,Ingleby,DE73 7HW,Perm,2026 Q2,H,,venue,52.83841648571428,-1.4774704357142858,openstreetmap-gb-extract,reference_agrees_within_50m,John Thompson Inn,Main Road,Ingleby,DE73 7HW,52.838465,-1.477487,5.5,https://camra.org.uk/pubs/143231,O,2026-09-11
162,hunters arms|kilburn|de56 0lu,England,Derbyshire,Hunters Arms,Kilburn,DE56 0LU,Perm,2025 Q4,H,,venue,53.006418,-1.4384025,openstreetmap-gb-extract,reference_agrees_within_50m,Hunters Arms,Church Street,Kilburn,DE56 0LU,53.006471,-1.438528,10.3,https://camra.org.uk/pubs/113258,O,2026-09-11
163,hardinge arms|kings newton|de73 8bx,England,Derbyshire,Hardinge Arms,Kings Newton,DE73 8BX,Perm,2026 Q2,H,,venue,52.83167423,-1.4260955100000001,openstreetmap-gb-extract,reference_agrees_within_50m,Hardinge Arms,Main Street,Kings Newton,DE73 8BX,52.83168,-1.426131,2.5,https://camra.org.uk/pubs/143658,O,2026-09-11
164,red lion|kniveton|de6 1jh,England,Derbyshire,Red Lion,Kniveton,DE6 1JH,Guest,2026 Q2,H,"""regular guest"" (Dec 25)",venue,53.048602,-1.692458,camra-pubs-location-audit,reference_agrees_within_50m,Red Lion at Kniveton,Main Street,Kniveton,DE6 1JH,53.048602,-1.692458,0.0,https://camra.org.uk/pubs/112757,O,2026-09-11
165,jug and glass|lea|de4 5gj,England,Derbyshire,Jug and Glass,Lea,DE4 5GJ,Perm,2026 Q2,H,,venue,53.114352,-1.512902,food-standards-agency-fhrs,reference_agrees_within_50m,Jug & Glass,Main Road,Lea,DE4 5GJ,53.1142,-1.5133,31.5,https://camra.org.uk/pubs/165832,O,2026-09-11
166,colliery smokehouse|linton|de12 6pb,England,Derbyshire,Colliery Smokehouse,Linton,DE12 6PB,Guest,2026 Q3,H,,venue,52.742254,-1.5855772,google-maps-named-place,no_unambiguous_reference,,,,,,,,,,2026-09-11
167,red lion|linton|de12 6pz,England,Derbyshire,Red Lion,Linton,DE12 6PZ,Perm,2026 Q3,H,,venue,52.7472002,-1.5945233,openstreetmap-gb-extract,reference_agrees_within_50m,Red Lion,28 Main Street,Linton,DE12 6PZ,52.7474,-1.5946,22.8,https://camra.org.uk/pubs/124021,O,2026-09-11
168,half moon|littleover|de23 6fn,England,Derbyshire,Half Moon,Littleover,DE23 6FN,Perm,2026 Q1,H,,venue,52.90711,-1.503304,food-standards-agency-fhrs,reference_agrees_within_50m,Half Moon Inn,534 Burton Road,Derby,DE23 6FN,52.906992,-1.503255,13.5,https://camra.org.uk/pubs/143657,O,2026-09-11
169,bell and harp|little eaton|de21 5ae,England,Derbyshire,Bell and Harp,Little Eaton,DE21 5AE,Perm,2026 Q3,H,,venue,52.9807598,-1.453481,openstreetmap-gb-extract,reference_agrees_within_50m,Bell & Harp,227 Alfreton Road,Little Eaton,DE21 5AE,52.980724,-1.453563,6.8,https://camra.org.uk/pubs/143620,O,2026-09-11
170,sawley junction|long eaton|ng10 3ju,England,Derbyshire,Sawley Junction,Long Eaton,NG10 3JU,Guest,2026 Q3,G,,venue,52.88545944285715,-1.2858576285714285,openstreetmap-gb-extract,reference_agrees_within_50m,Sawley Junction,176-178 Tamworth Road,Sawley,NG10 3JU,52.885489,-1.285848,3.3,https://camra.org.uk/pubs/161482,O,2026-09-11
171,colvile arms|lullington|de12 8eg,England,Derbyshire,Colvile Arms,Lullington,DE12 8EG,Perm,2026 Q2,H,,venue,52.71465411764706,-1.6318644823529411,openstreetmap-gb-extract,reference_agrees_within_50m,Colvile Arms,Main Street,Lullington,DE12 8EG,52.7147,-1.6318,6.7,https://camra.org.uk/pubs/124060,O,2026-09-11
172,queens head|marlpool|de75 7nj,England,Derbyshire,Queens Head,Marlpool,DE75 7NJ,Guest,2026 Q3,H,,venue,53.0075303,-1.3449538428571428,openstreetmap-gb-extract,reference_agrees_within_50m,Queens Head,1 Breach Road,Marlpool,DE75 7NJ,53.007566,-1.344967,4.1,https://camra.org.uk/pubs/161253,O,2026-09-11
173,crown inn|marston montgomery|de6 2ff,England,Derbyshire,Crown Inn,Marston Montgomery,DE6 2FF,Guest,2026 Q1,H,,venue,52.937754,-1.801597,camra-pubs-location-audit,reference_agrees_within_50m,Crown Inn,Rigg's Lane,Marston Montgomery,DE6 2FF,52.937754,-1.801597,0.0,https://camra.org.uk/pubs/112779,O,2026-09-11
174,laburnum|matlock|de4 2pw,England,Derbyshire,Laburnum,Matlock,DE4 2PW,Guest,2026 Q2,H,,venue,53.149135,-1.565335,food-standards-agency-fhrs,reference_agrees_within_50m,Laburnum Inn,2 Hackney Rd,Matlock,DE4 2PW,53.1489,-1.5651,30.5,https://camra.org.uk/pubs/165780,O,2026-09-11
175,red lion|matlock|de4 3bt,England,Derbyshire,Red Lion,Matlock,DE4 3BT,Perm,2026 Q3,H,,venue,53.1351548,-1.5489495,openstreetmap-gb-extract,reference_agrees_within_50m,Red Lion,65 Matlock Green,Matlock,DE4 3BT,53.1351,-1.5495,37.2,https://camra.org.uk/pubs/165804,O,2026-09-11
176,remarkable hare|matlock|de4 3lt,England,Derbyshire,Remarkable Hare,Matlock,DE4 3LT,Guest,2025 Q4,H,,venue,53.1364061,-1.5554185,openstreetmap-gb-extract,reference_agrees_within_50m,Remarkable Hare,77 Dale Road,Matlock,DE4 3LT,53.136375,-1.55549,5.9,https://camra.org.uk/pubs/165703,O,2026-09-11
177,sycamore inn|matlock|de4 3hz,England,Derbyshire,Sycamore Inn,Matlock,DE4 3HZ,Perm,2026 Q2,H,,venue,53.1441276,-1.5586567,openstreetmap-gb-extract,reference_agrees_within_50m,Sycamore Inn,9 Sycamore Rd,Matlock,DE4 3HZ,53.144,-1.5588,17.1,https://camra.org.uk/pubs/165786,O,2026-09-11
178,thorn tree|matlock|de4 3jq,England,Derbyshire,Thorn Tree,Matlock,DE4 3JQ,Perm,2026 Q2,H,,venue,53.144337,-1.553647,food-standards-agency-fhrs,reference_agrees_within_50m,Thorn Tree Inn,48 Jackson Rd,Matlock,DE4 3JQ,53.1443,-1.5536,5.2,https://camra.org.uk/pubs/165788,O,2026-09-11
179,alma|melbourne|de73 8fe,England,Derbyshire,Alma,Melbourne,DE73 8FE,Guest,2025 Q4,H,,venue,52.8251817,-1.4296282,food-standards-agency-fhrs,reference_agrees_within_50m,Alma Inn,59 Derby Road,Melbourne,DE73 8FE,52.825166,-1.429601,2.5,https://camra.org.uk/pubs/143249,O,2026-09-11
180,boot|melbourne|de73 8fe,England,Derbyshire,Boot,Melbourne,DE73 8FE,Perm,2026 Q2,H,Nee Harpurs (June 2026),venue,52.823496,-1.428295,camra-pubs-location-audit,reference_agrees_within_50m,Boot,2 Derby Road,Melbourne,DE73 8FE,52.823496,-1.428295,0.0,https://camra.org.uk/pubs/143503,O,2026-09-11
181,melbourne inn|melbourne|de73 8gj,England,Derbyshire,Melbourne Inn,Melbourne,DE73 8GJ,Perm,2026 Q3,H,,venue,52.8227794625,-1.429328525,openstreetmap-gb-extract,reference_agrees_within_50m,Melbourne Inn,20 High Street,Melbourne,DE73 8GJ,52.822717,-1.429325,6.9,https://camra.org.uk/pubs/143240,O,2026-09-11
182,white swan|melbourne|de73 8dy,England,Derbyshire,White Swan,Melbourne,DE73 8DY,Perm,2026 Q2,H,,venue,52.822619540000005,-1.42519036,openstreetmap-gb-extract,reference_agrees_within_50m,White Swan,41 Castle Street,Melbourne,DE73 8DY,52.8226,-1.425143,3.9,https://camra.org.uk/pubs/143480,O,2026-09-11
183,binary|mickleover|de3 0gr,England,Derbyshire,Binary,Mickleover,DE3 0GR,Guest,2026 Q2,H,,venue,52.9040166,-1.544656,google-maps-named-place,reference_agrees_within_50m_postcode_conflict,Binary,Limes Avenue,Derby,DE3 0BZ,52.903963,-1.544542,9.7,https://camra.org.uk/pubs/196347,O,2026-09-11
184,mickleover golf club|mickleover|de3 9ad,England,Derbyshire,Mickleover Golf Club,Mickleover,DE3 9AD,Perm,2026 Q2,H,,venue,52.9060887,-1.5300002,manual-openstreetmap-review,reference_agrees_within_50m,Mickleover Golf Club,Uttoxeter Road,Derby,DE3 9AD,52.9061,-1.52993,4.9,https://camra.org.uk/pubs/143417,O,2026-09-11
185,vine|mickleover|de3 0da,England,Derbyshire,Vine,Mickleover,DE3 0DA,Perm,2026 Q2,H,,venue,52.904843,-1.543177,camra-pubs-location-audit,reference_agrees_within_50m,Vine Inn,20 Uttoxeter Road,Derby,DE3 0DA,52.904843,-1.543177,0.0,https://camra.org.uk/pubs/143468,O,2026-09-11
186,rising sun|middleton by wirksworth|de4 4ls,England,Derbyshire,Rising Sun,Middleton by Wirksworth,DE4 4LS,Perm,2026 Q2,H,,venue,53.094412675,-1.5844436833333333,openstreetmap-gb-extract,reference_agrees_within_50m,Rising Sun Inn,Rise End,Middleton,DE4 4LS,53.094407,-1.584392,3.5,https://camra.org.uk/pubs/165669,O,2026-09-11
187,king william|milford|de56 0rr,England,Derbyshire,King William,Milford,DE56 0RR,Perm,2026 Q3,G/J,,venue,53.00223065,-1.4777392166666665,openstreetmap-gb-extract,reference_agrees_within_50m,King William,The Bridge,Milford,DE56 0RR,53.002174,-1.477835,9.0,https://camra.org.uk/pubs/113222,O,2026-09-11
188,milford sunshine social club (pmc)|milford|de56 0qh,England,Derbyshire,Milford Sunshine Social Club (PMC),Milford,DE56 0QH,Perm,2026 Q3,G/H,,venue,53.002795,-1.480413,camra-pubs-location-audit,reference_agrees_within_50m,Milford Social Club,5 Chevin View,Milford,DE56 0QH,53.002795,-1.480413,0.0,https://camra.org.uk/pubs/113188,O,2026-09-11
189,swan inn|milton|de65 6ef,England,Derbyshire,Swan Inn,Milton,DE65 6EF,Perm,2026 Q2,H,,venue,52.8333511,-1.5250984,food-standards-agency-fhrs,reference_agrees_within_50m,Swan Inn,49 Main Street,Milton,DE65 6EF,52.833326,-1.525124,3.3,https://camra.org.uk/pubs/143598,O,2026-09-11
190,spanker|nether heage|de56 2at,England,Derbyshire,Spanker,Nether Heage,DE56 2AT,Guest,2026 Q1,H,,venue,53.051387535714284,-1.4635841428571428,openstreetmap-gb-extract,reference_agrees_within_50m,Spanker,Spanker Lane,Nether Heage,DE56 2AT,53.051325,-1.463563,7.1,https://camra.org.uk/pubs/113328,O,2026-09-11
191,netherseal sports club (pmc)|netherseal|de12 8db,England,Derbyshire,Netherseal Sports Club (PMC),Netherseal,DE12 8DB,Perm,2025 Q4,H,Confirmed by Fb,venue,52.7131016,-1.5763189,food-standards-agency-fhrs,no_unambiguous_reference,,,,,,,,,,2026-09-11
192,anchor|newhall|de11 0ea,England,Derbyshire,Anchor,Newhall,DE11 0EA,Perm,2026 Q1,H,,venue,52.7811474,-1.5642784153846152,openstreetmap-gb-extract,reference_agrees_within_50m,Anchor,211 High Street,Newhall,DE11 0EA,52.7812,-1.5643,6.0,https://camra.org.uk/pubs/123882,O,2026-09-11
193,crown|newhall|de11 0sn,England,Derbyshire,Crown,Newhall,DE11 0SN,Perm,2026 Q2,H,,venue,52.7804,-1.5798,camra-pubs-location-audit,reference_agrees_within_50m,Crown Inn,145 Oversetts Road,Newhall,DE11 0SN,52.7804,-1.5798,0.0,https://camra.org.uk/pubs/123883,O,2026-09-11
194,thorn tree|newhall|de11 0ll,England,Derbyshire,Thorn Tree,Newhall,DE11 0LL,Perm,2026 Q3,H,,venue,52.78755867142858,-1.5749664428571428,openstreetmap-gb-extract,reference_agrees_within_50m,Thorn Tree,59 Bretby Road,Newhall,DE11 0LL,52.7875,-1.5749,7.9,https://camra.org.uk/pubs/123888,O,2026-09-11
195,brickmakers arms|newton solney|de15 0sj,England,Derbyshire,Brickmakers Arms,Newton Solney,DE15 0SJ,Perm,2026 Q3,H,,venue,52.8273361,-1.584018,openstreetmap-gb-extract,reference_agrees_within_50m,Brickmakers Arms,9-11 Main Street,Newton Solney,DE15 0SJ,52.827317347316,-1.58404635582,2.8,https://camra.org.uk/pubs/124024,O,2026-09-11
196,unicorn|newton solney|de15 0sg,England,Derbyshire,Unicorn,Newton Solney,DE15 0SG,Perm,2026 Q3,H,,venue,52.828163,-1.582357,camra-pubs-location-audit,reference_agrees_within_50m,Unicorn Inn,Repton Road,Newton Solney,DE15 0SG,52.828163,-1.582357,0.0,https://camra.org.uk/pubs/124059,O,2026-09-11
197,royal oak|ockbrook|de72 3se,England,Derbyshire,Royal Oak,Ockbrook,DE72 3SE,Perm,2026 Q3,H,,venue,52.92348012142857,-1.373032742857143,openstreetmap-gb-extract,reference_agrees_within_50m,Royal Oak,55 Green Lane,Ockbrook,DE72 3SE,52.923473,-1.372957,5.1,https://camra.org.uk/pubs/143436,O,2026-09-11
198,shoulder of mutton|osmaston|de6 1lw,England,Derbyshire,Shoulder of Mutton,Osmaston,DE6 1LW,Perm,2026 Q3,H,,venue,52.9907499,-1.7032901,openstreetmap-gb-extract,reference_agrees_within_50m,Shoulder of Mutton,,Osmaston,DE6 1LW,52.990741,-1.703232,4.0,https://camra.org.uk/pubs/112763,O,2026-09-11
199,dog|pentrich|de5 3re,England,Derbyshire,Dog,Pentrich,DE5 3RE,Perm,2026 Q2,H,Bass is used for the fish & chip batter!,venue,53.068208,-1.419208,camra-pubs-location-audit,reference_agrees_within_50m,Dog at Pentrich,Main Road,Pentrich,DE5 3RE,53.068208,-1.419208,0.0,https://camra.org.uk/pubs/113268,O,2026-09-11
200,ye olde butchers arms|reapsmoor|sk17 0ll,England,Derbyshire,Ye Olde Butchers Arms,Reapsmoor,SK17 0LL,Perm,2026 Q3,H,,venue,53.1507019,-1.8804221,google-maps-named-place,no_unambiguous_reference,,,,,,,,,,2026-09-11
201,boot inn|repton|de65 6ft,England,Derbyshire,Boot Inn,Repton,DE65 6FT,Guest,2026 Q3,H,,venue,52.8400166,-1.5494045,food-standards-agency-fhrs,reference_agrees_within_50m,Boot,12 Boot Hill,Repton,DE65 6FT,52.839999,-1.54941,2.0,https://camra.org.uk/pubs/143545,O,2026-09-11
202,red lion|repton|de65 6fl,England,Derbyshire,Red Lion,Repton,DE65 6FL,Perm,2026 Q2,H,,venue,52.839258,-1.5507499,openstreetmap-gb-extract,reference_agrees_within_50m,Red Lion,3 Burton Road,Repton,DE65 6FL,52.839244,-1.550762,1.8,https://camra.org.uk/pubs/143553,O,2026-09-11
203,talbot taphouse|ripley: central|de5 3lt,England,Derbyshire,Talbot Taphouse,Ripley: Central,DE5 3LT,Guest,2026 Q3,H,,venue,53.053271,-1.405467,camra-pubs-location-audit,reference_agrees_within_50m,Talbot,1 Butterley Hill,Ripley,DE5 3LT,53.053271,-1.405467,0.0,https://camra.org.uk/pubs/113335,O,2026-09-11
204,amber hotel|ripley: oakerthorpe|de55 7ll,England,Derbyshire,Amber Hotel,Ripley: Oakerthorpe,DE55 7LL,Perm,2026 Q3,H,,venue,53.1085816,-1.4195616,openstreetmap-gb-extract,reference_agrees_within_50m,Amber Hotel,Furnace,Oakerthorpe,DE55 7LL,53.108579,-1.419575,0.9,https://camra.org.uk/pubs/113354,O,2026-09-11
205,groovers arms|ripley: peasehill|de5 3jn,England,Derbyshire,Groovers Arms,Ripley: Peasehill,DE5 3JN,Guest,2026 Q3,G,,venue,53.043492719999996,-1.3947291400000001,openstreetmap-gb-extract,reference_agrees_within_50m,Groovers Arms,151 Peasehill,Ripley,DE5 3JN,53.043147,-1.394582,39.7,https://camra.org.uk/pubs/113338,O,2026-09-11
206,bulls head|rosliston|de12 8ju,England,Derbyshire,Bulls Head,Rosliston,DE12 8JU,Perm,2026 Q3,H,,venue,52.74868086666667,-1.6424852333333333,openstreetmap-gb-extract,reference_agrees_within_50m,Bull's Head,19 Burton Road,Rosliston,DE12 8JU,52.74872760074,-1.642356326389,10.1,https://camra.org.uk/pubs/124058,O,2026-09-11
207,roston inn|roston|de6 2ee,England,Derbyshire,Roston Inn,Roston,DE6 2EE,Guest,2026 Q2,H,,venue,52.9666845,-1.8104137,openstreetmap-gb-extract,reference_agrees_within_50m,Roston Inn,,Roston,DE6 2EE,52.966723,-1.810416,4.3,https://camra.org.uk/pubs/112790,O,2026-09-11
208,white lion|sawley|ng10 3at,England,Derbyshire,White Lion,Sawley,NG10 3AT,Perm,2026 Q3,H,,venue,52.87873155,-1.299197975,openstreetmap-gb-extract,reference_agrees_within_50m,White Lion,352 Tamworth Road,Sawley,NG10 3AT,52.8786,-1.2997,36.7,https://camra.org.uk/pubs/161406,O,2026-09-11
209,horse and groom|scarcliffe|s44 6su,England,Derbyshire,Horse and Groom,Scarcliffe,S44 6SU,Perm,2026 Q3,H,,venue,53.2128161,-1.2677353,openstreetmap-gb-extract,reference_agrees_within_50m,Horse & Groom,Rotherham Road,Scarcliffe,S44 6SU,53.212625039809,-1.267738044262,21.2,https://camra.org.uk/pubs/165169,O,2026-09-11
210,boathouse|shardlow|de72 2gl,England,Derbyshire,Boathouse,Shardlow,DE72 2GL,Perm,2025 Q4,H,,venue,52.868266642857144,-1.3382396714285714,openstreetmap-gb-extract,reference_agrees_within_50m,Boathouse Shardlow,"Shardlow Marina, London Road",Shardlow,DE72 2GL,52.868212,-1.338237,6.1,https://camra.org.uk/pubs/143288,O,2026-09-11
211,navigation|shardlow|de72 2wa,England,Derbyshire,Navigation,Shardlow,DE72 2WA,Perm,2026 Q3,H,No longer selling from gravity June 2026,venue,52.868029,-1.342615,camra-and-official-address,reference_agrees_within_50m_postcode_conflict,Navigation Inn,143 London Road,Shardlow,DE72 2HA,52.868029,-1.342615,0.0,https://camra.org.uk/pubs/143265,O,2026-09-11
212,old crown|shardlow|de72 2hl,England,Derbyshire,Old Crown,Shardlow,DE72 2HL,Perm,2026 Q2,H,,venue,52.8638,-1.3354,camra-pubs-location-audit,reference_agrees_within_50m,Old Crown,,Cavendish Bridge,DE72 2HL,52.8638,-1.3354,0.0,https://camra.org.uk/pubs/171362,O,2026-09-11
213,shakespeare inn|shardlow|de72 2gp,England,Derbyshire,Shakespeare Inn,Shardlow,DE72 2GP,Perm,2025 Q4,H,,venue,52.86905767272728,-1.3522347454545454,openstreetmap-gb-extract,reference_agrees_within_50m,Shakespeare Inn,117 London Road,Shardlow,DE72 2GP,52.868942,-1.352198,13.1,https://camra.org.uk/pubs/143444,O,2026-09-11
214,globe inn|snarestone|de12 7db,England,Derbyshire,Globe Inn,Snarestone,DE12 7DB,Guest,2026 Q2,H,,venue,52.68066101000001,-1.49421146,openstreetmap-gb-extract,reference_agrees_within_50m,Globe,Main Street,Snarestone,DE12 7DB,52.68063,-1.49418,4.0,https://camra.org.uk/pubs/181836,O,2026-09-11
215,devonshire arms|somercotes|de55 4hx,England,Derbyshire,Devonshire Arms,Somercotes,DE55 4HX,Guest,2026 Q2,H,,venue,53.079738250000005,-1.36773051,openstreetmap-gb-extract,reference_agrees_within_50m,Devonshire Arms,241 Somercotes Hill,Somercotes,DE55 4HX,53.079687,-1.367763,6.1,https://camra.org.uk/pubs/113298,O,2026-09-11
216,old yew tree|south wingfield|de55 7nh,England,Derbyshire,Old Yew Tree,South Wingfield,DE55 7NH,Perm,2026 Q3,H,,venue,53.092867,-1.441065,food-standards-agency-fhrs,reference_agrees_within_50m,Old Yew Tree Inn,51 Manor Road,South Wingfield,DE55 7NH,53.092863,-1.441062,0.5,https://camra.org.uk/pubs/113327,O,2026-09-11
217,white hart|stanley|de7 6ex,England,Derbyshire,White Hart,Stanley,DE7 6EX,Perm,2026 Q1,H,,venue,52.9556,-1.3811,camra-pubs-location-audit,reference_agrees_within_50m,White Hart,Derby Road,Stanley,DE7 6EX,52.9556,-1.3811,0.0,https://camra.org.uk/pubs/161434,O,2026-09-11
218,flying childers|stanton in peak|de4 2lw,England,Derbyshire,Flying Childers,Stanton in Peak,DE4 2LW,Perm,2026 Q2,H,,venue,53.17555,-1.64561,camra-pubs-location-audit,reference_agrees_within_50m,Flying Childers Inn,Main Street,Stanton in Peak,DE4 2LW,53.17555,-1.64561,0.0,https://camra.org.uk/pubs/165810,O,2026-09-11
219,bubble inn|stenson|de73 7hl,England,Derbyshire,Bubble Inn,Stenson,DE73 7HL,Perm,2026 Q2,H,,venue,52.867160417391304,-1.517700356521739,openstreetmap-gb-extract,reference_agrees_within_50m,Bubble at Stenson,"The Marina, Derby Road",Stenson,DE73 7HL,52.866942,-1.517707,24.3,https://camra.org.uk/pubs/143525,O,2026-09-11
220,vernon arms|sudbury|de6 5hs,England,Derbyshire,Vernon Arms,Sudbury,DE6 5HS,Guest,2026 Q3,H,,venue,52.88575,-1.76256,camra-pubs-location-audit,reference_agrees_within_50m,Vernon Arms,Main Road,Sudbury,DE6 5HS,52.88575,-1.76256,0.0,https://camra.org.uk/pubs/128004,O,2026-09-11
221,belmont services club (pmc)|swadlincote: central|de11 8ju,England,Derbyshire,Belmont Services Club (PMC),Swadlincote: Central,DE11 8JU,Perm,2026 Q1,H,,venue,52.7741,-1.5563,camra-pubs-location-audit,reference_agrees_within_50m,Belmont Services Club,Belmont Street,Swadlincote,DE11 8JU,52.7741,-1.5563,0.0,https://camra.org.uk/pubs/124103,O,2026-09-11
222,constitutional club (pmc)|swadlincote: central|de11 0an,England,Derbyshire,Constitutional Club (PMC),Swadlincote: Central,DE11 0AN,Perm,2026 Q2,H,,venue,52.77442071513,-1.557683820186,camra-pubs-location-audit,reference_agrees_within_50m,Swadlincote Constitutional Club,7 Midland Road,Swadlincote,DE11 0AN,52.77442071513,-1.557683820186,0.0,https://camra.org.uk/pubs/124097,O,2026-09-11
223,wheel|swadlincote: midway|de11 0dh,England,Derbyshire,Wheel,Swadlincote: Midway,DE11 0DH,Perm,2026 Q2,H,,venue,52.7855362,-1.555586,food-standards-agency-fhrs,reference_agrees_within_50m,Wheel Inn,597 Burton Road,Midway,DE11 0DH,52.7856,-1.5554,14.4,https://camra.org.uk/pubs/123881,O,2026-09-11
224,steampacket inn|swanwick|de55 1ab,England,Derbyshire,Steampacket Inn,Swanwick,DE55 1AB,Perm,2026 Q3,H,,venue,53.075338,-1.398185,camra-pubs-location-audit,reference_agrees_within_50m,Steampacket Inn,Derby Road,Swanwick,DE55 1AB,53.075338,-1.398185,0.0,https://camra.org.uk/pubs/113332,O,2026-09-11
225,harrington arms|thulston|de72 3ey,England,Derbyshire,Harrington Arms,Thulston,DE72 3EY,Perm,2025 Q4,H,,venue,52.883536368421055,-1.3938103263157895,openstreetmap-gb-extract,reference_agrees_within_50m,Harrington Arms,4 Grove Close,Thulston,DE72 3EY,52.883492,-1.393815,4.9,https://camra.org.uk/pubs/143631,O,2026-09-11
226,gate|tansley|de4 5fn,England,Derbyshire,Gate,Tansley,DE4 5FN,Guest,2026 Q3,H,,venue,53.138426,-1.522227,food-standards-agency-fhrs,reference_agrees_within_50m,Gate Inn,The Knoll,Tansley,DE4 5FN,53.1384,-1.5222,3.4,https://camra.org.uk/pubs/165814,O,2026-09-11
227,chequers|ticknall|de73 7jh,England,Derbyshire,Chequers,Ticknall,DE73 7JH,Perm,2026 Q3,H,,venue,52.8099582,-1.4817226,food-standards-agency-fhrs,reference_agrees_within_50m,Chequers Inn,27 High Street,Ticknall,DE73 7JH,52.809922,-1.481773,5.3,https://camra.org.uk/pubs/143595,O,2026-09-11
228,thorn tree|waingroves|de5 9te,England,Derbyshire,Thorn Tree,Waingroves,DE5 9TE,Guest,2026 Q3,H,,venue,53.038861294248,-1.385600117722,camra-pubs-location-audit,reference_agrees_within_50m,Thorn Tree Inn,161 Church Street,Waingroves,DE5 9TE,53.038861294248,-1.385600117722,0.0,https://camra.org.uk/pubs/113324,O,2026-09-11
229,coopers arms|weston on trent|de72 2bj,England,Derbyshire,Coopers Arms,Weston on Trent,DE72 2BJ,Perm,2026 Q2,H,,venue,52.85114066875,-1.4026585125,openstreetmap-gb-extract,reference_agrees_within_50m,Coopers Arms,The Green,Weston-on-Trent,DE72 2BJ,52.851153,-1.402645,1.6,https://camra.org.uk/pubs/143604,O,2026-09-11
230,compamigos (was boardwalk)|willington|de65 6dw,England,Derbyshire,Compamigos (was Boardwalk),Willington,DE65 6DW,Guest,2025 Q4,H,,venue,52.8612955,-1.5543534,food-standards-agency-fhrs,no_unambiguous_reference,,,,,,,,,,2026-09-11
231,dragon|willington|de65 6bp,England,Derbyshire,Dragon,Willington,DE65 6BP,Perm,2026 Q1,H,,venue,52.85419741333333,-1.5640064066666668,openstreetmap-gb-extract,reference_agrees_within_50m,Dragon,13 The Green,Willington,DE65 6BP,52.854173,-1.563948,4.8,https://camra.org.uk/pubs/143549,O,2026-09-11
232,green man|willington|de65 6bq,England,Derbyshire,Green Man,Willington,DE65 6BQ,Perm,2026 Q1,H,,venue,52.85367857272727,-1.5650284,openstreetmap-gb-extract,reference_agrees_within_50m,Green Man,1 Canal Bridge,Willington,DE65 6BQ,52.85364,-1.565026,4.3,https://camra.org.uk/pubs/143550,O,2026-09-11
233,miners standard|winster|de4 2dr,England,Derbyshire,Miners Standard,Winster,DE4 2DR,Guest,2026 Q2,H,"""We sell draught Bass intermittently alongside Pedigree""",venue,53.1387591,-1.6460544,openstreetmap-gb-extract,reference_agrees_within_50m,Miners Standard,"Bank Top, (B5056)",Winster,DE4 2DR,53.139,-1.6458,31.7,https://camra.org.uk/pubs/165826,O,2026-09-11
234,lime kiln|wirksworth|de4 4fr,England,Derbyshire,Lime Kiln,Wirksworth,DE4 4FR,Perm,2026 Q2,H,,venue,53.0853682125,-1.57258601875,openstreetmap-gb-extract,reference_agrees_within_50m,Lime Kiln,Cromford Road,Wirksworth,DE4 4FR,53.0854,-1.572571,3.7,https://camra.org.uk/pubs/165663,O,2026-09-11
235,quarryman|wirksworth|de4 4et,England,Derbyshire,Quarryman,Wirksworth,DE4 4ET,Perm,2026 Q1,H,,venue,53.08222743333334,-1.5744584999999998,openstreetmap-gb-extract,reference_agrees_within_50m,Quarryman,1 Market Place,Wirksworth,DE4 4ET,53.082234,-1.574435,1.7,https://camra.org.uk/pubs/165659,O,2026-09-11
236,royal oak|wirksworth|de4 4fg,England,Derbyshire,Royal Oak,Wirksworth,DE4 4FG,Perm,2026 Q2,H,,venue,53.083079775,-1.57131105,openstreetmap-gb-extract,reference_agrees_within_50m,Royal Oak,North End,Wirksworth,DE4 4FG,53.083101,-1.571463,10.4,https://camra.org.uk/pubs/165671,O,2026-09-11
237,wheatsheaf|wirksworth|de4 4ds,England,Derbyshire,Wheatsheaf,Wirksworth,DE4 4DS,Perm,2026 Q1,H,,venue,53.07985904117647,-1.5732622529411764,openstreetmap-gb-extract,reference_agrees_within_50m,Wheatsheaf,67 St John's Street,Wirksworth,DE4 4DS,53.079827,-1.573381,8.7,https://camra.org.uk/pubs/165675,O,2026-09-11
238,bulls head|wilson|de73 8ae,England,Derbyshire,Bulls Head,Wilson,DE73 8AE,Perm,2026 Q1,H,,venue,52.817041440000004,-1.40350227,openstreetmap-gb-extract,reference_agrees_within_50m,Bulls Head,Bulls Head Row,Wilson,DE73 8AE,52.817115,-1.40367,13.9,https://camra.org.uk/pubs/171273,O,2026-09-11
239,greyhound|woodville|de11 7bu,England,Derbyshire,Greyhound,Woodville,DE11 7BU,Perm,2025 Q4,H,,venue,52.7671,-1.5111,camra-pubs-location-audit,reference_agrees_within_50m,Greyhound Inn,149 Ashby Road,Woodville,DE11 7BU,52.7671,-1.5111,0.0,https://camra.org.uk/pubs/123900,O,2026-09-11
240,bulls head|youlgrave|de45 1ur,England,Derbyshire,Bulls Head,Youlgrave,DE45 1UR,Guest,2026 Q3,H,"""only as an ocassional special"" Jun 26",venue,53.1751867,-1.6862137,openstreetmap-gb-extract,reference_agrees_within_50m,Bulls Head Hotel,Church Street,Youlgreave,DE45 1UR,53.175368253409,-1.686035329448,23.4,https://camra.org.uk/pubs/134938,O,2026-09-11
241,george|youlgrave|de45 1uw,England,Derbyshire,George,Youlgrave,DE45 1UW,Guest,2026 Q2,H,,venue,53.1762642,-1.684656,google-maps-named-place,reference_agrees_within_50m_postcode_conflict,George Hotel,Alport Lane,Youlgreave,DE45 1WN,53.176408813319,-1.6843456970621,26.2,https://camra.org.uk/pubs/134940,O,2026-09-11
242,new inn|alphington|ex2 8ta,England,Devon,New Inn,Alphington,EX2 8TA,Guest,2026 Q2,H,,venue,50.700404,-3.533785,camra-pubs-location-audit,reference_agrees_within_50m,New Inn,76 Church Road,Exeter,EX2 8TA,50.700404,-3.533785,0.0,https://camra.org.uk/pubs/166222,O,2026-09-11
243,cork and bottle|barnstaple|ex31 1jb,England,Devon,Cork and Bottle,Barnstaple,EX31 1JB,Guest,2025 Q4,H,,venue,51.0821374,-4.0615955,openstreetmap-gb-extract,reference_agrees_within_50m,Cork & Bottle,56 High Street,Barnstaple,EX31 1JB,51.0819432,-4.0616869,22.5,https://camra.org.uk/pubs/188593,O,2026-09-11
244,corner house|barnstaple|ex31 1sy,England,Devon,Corner House,Barnstaple,EX31 1SY,Perm,2025 Q4,H,,venue,51.081200540000005,-4.05867198,openstreetmap-gb-extract,reference_agrees_within_50m,Corner House,"108 Boutport Street, Barnstaple, Devon",Barnstaple,EX31 1SY,51.081046,-4.0585059,20.7,https://camra.org.uk/pubs/188597,O,2026-09-11
245,bridford inn|bridford|ex6 7ht,England,Devon,Bridford Inn,Bridford,EX6 7HT,Guest,2026 Q3,H,"""regular guest; pair of Bass hunters who we ring when it’s going on""",venue,50.6646426,-3.6772021,openstreetmap-gb-extract,reference_agrees_within_50m,Bridford Inn,,Bridford,EX6 7HT,50.664457,-3.677141,21.1,https://camra.org.uk/pubs/148574,O,2026-09-11
246,bear and blacksmith|chillington|tq7 2ld,England,Devon,Bear and Blacksmith,Chillington,TQ7 2LD,Guest,2025 Q4,H,,venue,50.272830855555554,-3.695771911111111,openstreetmap-gb-extract,reference_agrees_within_50m,Bear & Blacksmith,,Chillington,TQ7 2LD,50.272855,-3.69584,5.5,https://camra.org.uk/pubs/148635,O,2026-09-11
247,drum inn|cockington|tq2 6xa,England,Devon,Drum Inn,Cockington,TQ2 6XA,Guest,2026 Q3,H,,venue,50.463983213333336,-3.5610598533333335,openstreetmap-gb-extract,reference_agrees_within_50m,Drum Inn,Cockington Village,Cockington,TQ2 6XA,50.464058,-3.561079,8.4,https://camra.org.uk/pubs/148971,O,2026-09-11
248,gerrard arms|colyton|ex24 6jn,England,Devon,Gerrard Arms,Colyton,EX24 6JN,Guest,2025 Q4,H,every Friday until gone (Oct 25),venue,50.7420657,-3.0703105,openstreetmap-gb-extract,reference_agrees_within_50m,Gerrard Arms,St Andrew's Square,Colyton,EX24 6JN,50.742087750651,-3.070190291996,8.8,https://camra.org.uk/pubs/166854,O,2026-09-11
249,wild goose|combeinteignhead|tq12 4ra,England,Devon,Wild Goose,Combeinteignhead,TQ12 4RA,Guest,2026 Q1,H,,venue,50.5333671569824,-3.5501720905304,food-standards-agency-fhrs,reference_agrees_within_50m,Wild Goose,,Combeinteignhead,TQ12 4RA,50.53339,-3.550072,7.5,https://camra.org.uk/pubs/148740,O,2026-09-11
250,pony and trap|cullompton|ex15 1dj,England,Devon,Pony and Trap,Cullompton,EX15 1DJ,Perm,2026 Q1,H,,venue,50.85447738,-3.39363336,openstreetmap-gb-extract,reference_agrees_within_50m,Pony & Trap,10 Exeter Hill,Cullompton,EX15 1DJ,50.854464398878,-3.39360908102,2.2,https://camra.org.uk/pubs/165963,O,2026-09-11
251,jack rabbit|derriford|pl6 8bd,England,Devon,Jack Rabbit,Derriford,PL6 8BD,Guest,2026 Q2,H,,venue,50.41828495714286,-4.121157557142857,openstreetmap-gb-extract,reference_agrees_within_50m,Jack Rabbit,"8, Bracken Lane",Plymouth,PL6 8BD,50.418455,-4.121236,19.7,https://camra.org.uk/pubs/154340,O,2026-09-11
252,beach|exmouth|ex8 1dr,England,Devon,Beach,Exmouth,EX8 1DR,Perm,2026 Q3,H,,venue,50.6169609,-3.4228589,openstreetmap-gb-extract,reference_agrees_within_50m,Beach,Victoria Road,Exmouth,EX8 1DR,50.61694,-3.42291,4.3,https://camra.org.uk/pubs/166359,O,2026-09-11
253,heanton court|heanton|ex31 4ax,England,Devon,Heanton Court,Heanton,EX31 4AX,Guest,2025 Q4,H,,venue,51.09462093333333,-4.124398055555556,openstreetmap-gb-extract,reference_agrees_within_50m,Heanton Court,"Heanton, Braunton",Barnstaple,EX31 4AX,51.094627428173,-4.1243975454468,0.7,https://camra.org.uk/pubs/188647,O,2026-09-11
254,ship and pilot|ilfracombe|ex34 9ee,England,Devon,Ship and Pilot,Ilfracombe,EX34 9EE,Perm,2026 Q3,H,,venue,51.2098950125,-4.1162300875,openstreetmap-gb-extract,reference_agrees_within_50m,Ship & Pilot,"10 Broad Street,",Ilfracombe,EX34 9EE,51.2101519,-4.1160179,32.2,https://camra.org.uk/pubs/188269,O,2026-09-11
255,wellington|ilfracombe|ex34 9qe,England,Devon,Wellington,Ilfracombe,EX34 9QE,Guest,2026 Q3,H,,venue,51.206656055555555,-4.12575065925926,openstreetmap-gb-extract,reference_agrees_within_50m,Wellington Arms,66-67 High Street,Ilfracombe,EX34 9QE,51.2067224,-4.1256102,12.3,https://camra.org.uk/pubs/188280,O,2026-09-11
256,carpenters arms|ilsington|tq13 9rg,England,Devon,Carpenters Arms,Ilsington,TQ13 9RG,Perm,2026 Q1,H,,venue,50.5720786,-3.7159712,openstreetmap-gb-extract,reference_agrees_within_50m,Carpenters Arms,,Ilsington,TQ13 9RG,50.572096,-3.715972,1.9,https://camra.org.uk/pubs/148804,O,2026-09-11
257,king of prussia|kingsbridge|tq7 1jb,England,Devon,King of Prussia,Kingsbridge,TQ7 1JB,Guest,2026 Q2,H,"""rotate it on every other firkin""",venue,50.2841659,-3.7762316,openstreetmap-gb-extract,reference_agrees_within_50m,King Of Prussia,Church Street,Kingsbridge,TQ7 1JB,50.284267,-3.776158,12.4,https://camra.org.uk/pubs/148628,O,2026-09-11
258,"hotel mount batten|mount batten, turnchapel|pl9 9sj",England,Devon,Hotel Mount Batten,"Mount Batten, Turnchapel",PL9 9SJ,Guest,2026 Q2,H,,venue,50.3603617,-4.1296912,openstreetmap-gb-extract,reference_agrees_within_50m,Hotel Mount Batten,Lawrence Road,Plymouth,PL9 9SJ,50.360414,-4.129775,8.3,https://camra.org.uk/pubs/154200,O,2026-09-11
259,railway brewhouse|newton abbot|tq12 2bs,England,Devon,Railway Brewhouse,Newton Abbot,TQ12 2BS,Perm,2026 Q3,H,,venue,50.530374,-3.5996462,food-standards-agency-fhrs,reference_agrees_within_50m,Railway,197 Queen Street,Newton Abbot,TQ12 2BS,50.530374,-3.59971,4.5,https://camra.org.uk/pubs/148715,O,2026-09-11
260,henrys bar|paignton|tq4 6aj,England,Devon,Henrys Bar,Paignton,TQ4 6AJ,Guest,2026 Q2,H,,venue,50.4353866,-3.5623254,openstreetmap-gb-extract,reference_agrees_within_50m,Henry's Bar,53 Torbay Road,Paignton,TQ4 6AJ,50.435357,-3.562266,5.3,https://camra.org.uk/pubs/148995,O,2026-09-11
261,dolphin hotel|plymouth: barbican|pl1 2ls,England,Devon,Dolphin Hotel,Plymouth: Barbican,PL1 2LS,Perm,2026 Q3,G,,venue,50.3669090270996,-4.13472509384155,food-standards-agency-fhrs,reference_agrees_within_50m,Dolphin Hotel,14 The Barbican,Plymouth,PL1 2LS,50.367163,-4.134841,29.4,https://camra.org.uk/pubs/154304,O,2026-09-11
262,bank|plymouth: central|pl1 2tg,England,Devon,Bank,Plymouth: Central,PL1 2TG,Guest,2025 Q4,H,,venue,50.369574475,-4.14429490625,openstreetmap-gb-extract,reference_agrees_within_50m,Bank,Old George Street,Plymouth,PL1 2TG,50.369513,-4.144373,8.8,https://camra.org.uk/pubs/154193,O,2026-09-11
263,lounge|plymouth: devonport|pl1 4qt,England,Devon,Lounge,Plymouth: Devonport,PL1 4QT,Perm,2026 Q2,H,,venue,50.3765422,-4.1696942,openstreetmap-gb-extract,reference_agrees_within_50m,Lounge,7 Stopford Place,Plymouth,PL1 4QT,50.3765,-4.1697,4.7,https://camra.org.uk/pubs/154355,O,2026-09-11
264,st levan inn|plymouth: dockyard|pl2 1jj,England,Devon,St Levan Inn,Plymouth: Dockyard,PL2 1JJ,Perm,2026 Q2,H,,venue,50.383598,-4.172864,food-standards-agency-fhrs,reference_agrees_within_50m,St Levan Inn,251 St Levan Road,Plymouth,PL2 1JJ,50.383627,-4.173065,14.6,https://camra.org.uk/pubs/154246,O,2026-09-11
265,artillery arms|plymouth: stonehouse|pl1 3rh,England,Devon,Artillery Arms,Plymouth: Stonehouse,PL1 3RH,Perm,2026 Q2,H,,venue,50.3648846875,-4.1607297249999995,openstreetmap-gb-extract,reference_agrees_within_50m,Artillery Arms,6 Pound Street,Plymouth,PL1 3RH,50.3648,-4.1609,15.3,https://camra.org.uk/pubs/154191,O,2026-09-11
266,london inn|plympton|pl7 1nh,England,Devon,London Inn,Plympton,PL7 1NH,Perm,2026 Q3,H,,venue,50.3833251,-4.0472998,openstreetmap,reference_agrees_within_50m,London Inn,8 Church Road,Plympton,PL7 1NH,50.3832,-4.0473,13.9,https://camra.org.uk/pubs/154352,O,2026-09-11
267,ferryboat|shaldon|tq14 0dl,England,Devon,Ferryboat,Shaldon,TQ14 0DL,Guest,2025 Q4,H,,venue,50.54039,-3.50399,camra-pubs-location-audit,reference_agrees_within_50m,Ferry Boat Inn,The Strand,Shaldon,TQ14 0DL,50.54039,-3.50399,0.0,https://camra.org.uk/pubs/148812,O,2026-09-11
268,stoke canon|stoke canon|ex5 4ar,England,Devon,Stoke Canon,Stoke Canon,EX5 4AR,Guest,2026 Q3,H,,venue,50.771538,-3.506991,food-standards-agency-fhrs,reference_agrees_within_50m,Stoke Canon Inn,High Street,Stoke Canon,EX5 4AR,50.771251977945,-3.506731748581,36.7,https://camra.org.uk/pubs/166652,O,2026-09-11
269,market inn|tavistock|pl19 9bb,England,Devon,Market Inn,Tavistock,PL19 9BB,Guest,2026 Q2,H,,venue,50.5451628,-4.1447606,food-standards-agency-fhrs,reference_agrees_within_50m,Market Inn,2 Whitchurch Road,Tavistock,PL19 9BB,50.545196,-4.144775,3.8,https://camra.org.uk/pubs/154557,O,2026-09-11
270,village inn|thurlestone|tq7 3nn,England,Devon,Village Inn,Thurlestone,TQ7 3NN,Guest,2026 Q2,H,,venue,50.27101685555556,-3.8617313222222225,openstreetmap-gb-extract,reference_agrees_within_50m,Village Inn,,Thurlestone,TQ7 3NN,50.271081,-3.861694,7.6,https://camra.org.uk/pubs/148648,O,2026-09-11
271,tides out|woolacombe|ex34 7bp,England,Devon,Tides Out,Woolacombe,EX34 7BP,Guest,2026 Q2,H,,venue,51.172685037242,-4.2054578186163,camra-pubs-location-audit,reference_agrees_within_50m,Tides Inn,Beach Road,Woolacombe,EX34 7BP,51.172685037242,-4.2054578186163,0.0,https://camra.org.uk/pubs/188466,O,2026-09-11
272,tiger|bridport|dt6 3ly,England,Dorset,Tiger,Bridport,DT6 3LY,Perm,2026 Q1,H,,venue,50.7337837219238,-2.75429391860962,food-standards-agency-fhrs,reference_agrees_within_50m,Tiger Inn,14-16 Barrack Street,Bridport,DT6 3LY,50.733795,-2.754532,16.8,https://camra.org.uk/pubs/141093,O,2026-09-11
273,iford bridge|bournemouth: iford|bh6 5rg,England,Dorset,Iford Bridge,Bournemouth: Iford,BH6 5RG,Guest,2026 Q2,H,,venue,50.740913,-1.808013,camra-pubs-location-audit,reference_agrees_within_50m,Iford Bridge,Old Bridge Road,Iford,BH6 5RG,50.740913,-1.808013,0.0,https://camra.org.uk/pubs/149587,O,2026-09-11
274,bakers arms|dorchester|dt1 2dh,England,Dorset,Bakers Arms,Dorchester,DT1 2DH,Perm,2026 Q3,H,,venue,50.70893937142857,-2.431613271428571,openstreetmap-gb-extract,reference_agrees_within_50m,Bakers Arms,140 Monmouth Road,Dorchester,DT1 2DH,50.708973,-2.431692,6.7,https://camra.org.uk/pubs/141118,O,2026-09-11
275,king charles|poole|bh15 1jn,England,Dorset,King Charles,Poole,BH15 1JN,Guest,2025 Q4,H,"""order it whenever it’s on supplier’s list - sells really well"" (Oct 25)",venue,50.71242581875,-1.98957845,openstreetmap-gb-extract,reference_agrees_within_50m,King Charles Inn,Thames Street,Poole,BH15 1JN,50.712444,-1.98947,7.9,https://camra.org.uk/pubs/149540,O,2026-09-11
276,butchers dog|wimborne|bh21 1ds,England,Dorset,Butchers Dog,Wimborne,BH21 1DS,Guest,2025 Q4,H,,venue,50.7985747,-1.9865513,openstreetmap-gb-extract,reference_agrees_within_50m,Butcher's Dog,6 East Street,Wimborne,BH21 1DS,50.798579,-1.986534,1.3,https://camra.org.uk/pubs/149720,O,2026-09-11
277,butchers arms|chester-le-street|dh3 3qd,England,Durham,Butchers Arms,Chester-le-Street,DH3 3QD,Guest,2026 Q3,H,,venue,54.8556907,-1.5731902,openstreetmap-gb-extract,reference_agrees_within_50m,Butchers Arms,Middle Chare,Chester le Street,DH3 3QD,54.855743076127,-1.5731409087456,6.6,https://camra.org.uk/pubs/186901,O,2026-09-11
278,grey horse|consett|dh8 6nf,England,Durham,Grey Horse,Consett,DH8 6NF,Guest,2026 Q2,H,,venue,54.8544235,-1.824519,openstreetmap-gb-extract,reference_agrees_within_50m_postcode_conflict,Grey Horse,115 Sherburn Terrace,Consett,DH8 6NE,54.854306653598,-1.8242745251312,20.3,https://camra.org.uk/pubs/186917,O,2026-09-11
279,britannia|darlington|dl3 6lr,England,Durham,Britannia,Darlington,DL3 6LR,Guest,2026 Q3,H,,venue,54.527018,-1.557821,food-standards-agency-fhrs,reference_agrees_within_50m,Britannia,1 Archer Street,Darlington,DL3 6LR,54.527,-1.5578,2.4,https://camra.org.uk/pubs/186555,O,2026-09-11
280,half moon|durham|dh1 3aq,England,Durham,Half Moon,Durham,DH1 3AQ,Perm,2026 Q3,H,,venue,54.7754675,-1.5722234,camra-pubs-location-audit,reference_agrees_within_50m,Half Moon Inn,86 New Elvet,Durham,DH1 3AQ,54.7754675,-1.5722234,0.0,https://camra.org.uk/pubs/186933,O,2026-09-11
281,station house|durham|dh1 4se,England,Durham,Station House,Durham,DH1 4SE,Guest,2026 Q1,H,"""2-3 times a year""",venue,54.77834588333334,-1.5833994666666669,openstreetmap-gb-extract,reference_agrees_within_50m,Station House,North Road,Durham,DH1 4SE,54.778337977667,-1.5834697441803,4.6,https://camra.org.uk/pubs/187361,O,2026-09-11
282,ye old elm tree|durham|dh1 4ps,England,Durham,Ye Old Elm Tree,Durham,DH1 4PS,Guest,2026 Q2,H,"""every now and again, try to get some for National Bass Day""",venue,54.775832,-1.5815745,camra-pubs-location-audit,reference_agrees_within_50m,Old Elm Tree,12 Crossgate,Durham,DH1 4PS,54.775832,-1.5815745,0.0,https://camra.org.uk/pubs/186936,O,2026-09-11
283,cleveland bay|eaglescliffe|ts16 0je,England,Durham,Cleveland Bay,Eaglescliffe,TS16 0JE,Perm,2026 Q2,H,,venue,54.5140811,-1.3556179214285713,openstreetmap-gb-extract,reference_agrees_within_50m,Cleveland Bay,718 Yarm Road,Eaglescliffe,TS16 0JE,54.513982,-1.355504,13.2,https://camra.org.uk/pubs/185039,O,2026-09-11
284,masham|hartburn|ts18 5dr,England,Durham,Masham,Hartburn,TS18 5DR,Perm,2026 Q2,H,,venue,54.5541815,-1.3400298,openstreetmap-gb-extract,reference_agrees_within_50m,Masham,87-89 Hartburn Village,Hartburn,TS18 5DR,54.554316,-1.340103,15.7,https://camra.org.uk/pubs/185105,O,2026-09-11
285,hardwick arms hotel|sedgefield|ts21 2az,England,Durham,Hardwick Arms Hotel,Sedgefield,TS21 2AZ,Perm,2026 Q3,H,incorporates Herd Grill,venue,54.6540744,-1.4518183,food-standards-agency-fhrs,reference_agrees_within_50m,Hardwick Arms Hotel,1 North End,Sedgefield,TS21 2AZ,54.6536597,-1.4515356,49.6,https://camra.org.uk/pubs/187037,O,2026-09-11
286,crown and crossed swords|shotley bridge|dh8 0hu,England,Durham,Crown and Crossed Swords,Shotley Bridge,DH8 0HU,Guest,2026 Q2,H,,venue,54.8697426,-1.8587961,openstreetmap-gb-extract,reference_agrees_within_50m,Crown & Crossed Swords Hotel,Front Street,Shotley Bridge,DH8 0HU,54.869873334134,-1.8584777936401,25.0,https://camra.org.uk/pubs/187219,O,2026-09-11
287,frog and ferret|spennymoor|dl16 7rs,England,Durham,Frog and Ferret,Spennymoor,DL16 7RS,Guest,2026 Q2,H,,venue,54.698569,-1.5861914,openstreetmap-gb-extract,reference_agrees_within_50m,Frog & Ferret,Coulson Street,Spennymoor,DL16 7RS,54.6985372004,-1.586187751,3.5,https://camra.org.uk/pubs/187468,O,2026-09-11
288,sun|stockton-on-tees|ts18 1su,England,Durham,Sun,Stockton-on-Tees,TS18 1SU,Perm,2026 Q3,H/B,Available Banked,venue,54.565619,-1.311714,food-standards-agency-fhrs,reference_agrees_within_50m,Sun Inn,2 Knowles Street,Stockton-on-Tees,TS18 1SU,54.565571,-1.312023,20.6,https://camra.org.uk/pubs/185080,O,2026-09-11
289,victoria inn|witton le wear|dl14 0as,England,Durham,Victoria Inn,Witton le Wear,DL14 0AS,Guest,2026 Q2,H,,venue,54.6757947,-1.7721324,camra-pubs-location-audit,reference_agrees_within_50m,Victoria,School Street,Witton-le-Wear,DL14 0AS,54.6757947,-1.7721324,0.0,https://camra.org.uk/pubs/186973,O,2026-09-11
290,wellington inn|wolviston|ts22 5jy,England,Durham,Wellington Inn,Wolviston,TS22 5JY,Perm,2026 Q2,H/B,Available Banked,venue,54.62490604166667,-1.2992375,openstreetmap-gb-extract,reference_agrees_within_50m,Wellington Inn,31 High Street,Wolviston,TS22 5JY,54.624794,-1.299199,12.7,https://camra.org.uk/pubs/185145,O,2026-09-11
291,crooked billet|leigh on sea: old leigh|ss9 2ep,England,Essex,Crooked Billet,Leigh on Sea: Old Leigh,SS9 2EP,Guest,2026 Q1,H,,venue,51.54082244285714,0.6481404428571428,openstreetmap-gb-extract,reference_agrees_within_50m,Crooked Billet,51 High Street,Leigh-on-Sea,SS9 2EP,51.5407941,0.6477991,23.8,https://camra.org.uk/pubs/162198,O,2026-09-11
292,kings head|north weald|cm16 6bu,England,Essex,Kings Head,North Weald,CM16 6BU,Guest,2026 Q3,H,,venue,51.71344537777778,0.16424752222222222,openstreetmap-gb-extract,reference_agrees_within_50m,King's Head,8 High Road,North Weald,CM16 6BU,51.71353047,0.164475339,18.3,https://camra.org.uk/pubs/182244,O,2026-09-11
293,three brooks|bradley stoke|bs32 8ef,England,Gloucs & Bristol,Three Brooks,Bradley Stoke,BS32 8EF,Guest,2026 Q2,H,,venue,51.534198760986,-2.5487990379334,camra-pubs-location-audit,reference_agrees_within_50m,Three Brooks,Bradley Stoke District Centre,Bradley Stoke,BS32 8EF,51.534198760986,-2.5487990379334,0.0,https://camra.org.uk/pubs/114107,O,2026-09-11
294,brunel|bristol: bedminster|bs3 5az,England,Gloucs & Bristol,Brunel,Bristol: Bedminster,BS3 5AZ,Guest,2025 Q4,H,,venue,51.4356744625,-2.5948471250000003,openstreetmap-gb-extract,reference_agrees_within_50m,Brunel,315 St John's Lane,Bristol,BS3 5AZ,51.435779,-2.594888,12.0,https://camra.org.uk/pubs/114581,O,2026-09-11
295,bristol flyer|bristol: bishopston|bs7 8bn,England,Gloucs & Bristol,Bristol Flyer,Bristol: Bishopston,BS7 8BN,Perm,2026 Q1,H,"""Barman did not know whether perm but have had it for some time""",venue,51.47466159523809,-2.5918573428571428,openstreetmap-gb-extract,reference_agrees_within_50m,Bristol Flyer,96 Gloucester Road,Bristol,BS7 8BN,51.474700927734,-2.5916299819946,16.3,https://camra.org.uk/pubs/113985,O,2026-09-11
296,sandringham|bristol: brislington|bs4 3pe,England,Gloucs & Bristol,Sandringham,Bristol: Brislington,BS4 3PE,Perm,2026 Q1,E,,venue,51.44096972857143,-2.5553321857142857,openstreetmap-gb-extract,reference_agrees_within_50m,Sandringham,8 Sandy Park Road,Bristol,BS4 3PE,51.440921,-2.555652,22.8,https://camra.org.uk/pubs/114137,O,2026-09-11
297,bank tavern|bristol: central|bs1 2hr,England,Gloucs & Bristol,Bank Tavern,Bristol: Central,BS1 2HR,Perm,2026 Q3,H,,venue,51.45593,-2.593993,food-standards-agency-fhrs,reference_agrees_within_50m,Bank Tavern,8 John Street,Bristol,BS1 2HR,51.456153,-2.593935,25.1,https://camra.org.uk/pubs/114335,O,2026-09-11
298,mall|bristol: clifton|bs8 4dr,England,Gloucs & Bristol,Mall,Bristol: Clifton,BS8 4DR,Guest,2026 Q1,H,,venue,51.45637530833333,-2.621618991666667,openstreetmap-gb-extract,reference_agrees_within_50m_postcode_conflict,Mall,66 The Mall,Bristol,BS8 4JG,51.456401824951,-2.621720075607,7.6,https://camra.org.uk/pubs/114046,O,2026-09-11
299,nova scotia|bristol: cumberland basin|bs1 6xj,England,Gloucs & Bristol,Nova Scotia,Bristol: Cumberland Basin,BS1 6XJ,Perm,2026 Q1,H,,venue,51.44724225833334,-2.618642625,openstreetmap-gb-extract,reference_agrees_within_50m,Nova Scotia,1 Nova Scotia Place,Bristol,BS1 6XJ,51.447299,-2.618617,6.6,https://camra.org.uk/pubs/114064,O,2026-09-11
300,myrtle tree|bristol: hotwells|bs1 5uw,England,Gloucs & Bristol,Myrtle Tree,Bristol: Hotwells,BS1 5UW,Perm,2026 Q1,G,,venue,51.45092856,-2.6072037000000003,openstreetmap-gb-extract,reference_agrees_within_50m,Myrtle Tree,127 St George's Road,Bristol,BS1 5UW,51.450901031494,-2.6072099208832,3.1,https://camra.org.uk/pubs/114062,O,2026-09-11
301,rose of denmark|bristol: hotwells|bs8 4ql,England,Gloucs & Bristol,Rose of Denmark,Bristol: Hotwells,BS8 4QL,Perm,2026 Q2,H,,venue,51.44967561428571,-2.6212458857142855,openstreetmap-gb-extract,reference_agrees_within_50m,Rose Of Denmark,6 Dowry Place,Bristol,BS8 4QL,51.449695587158,-2.6213018894196,4.5,https://camra.org.uk/pubs/114132,O,2026-09-11
302,crown and horseshoe|bristol: oldland common|bs30 8tu,England,Gloucs & Bristol,Crown and Horseshoe,Bristol: Oldland Common,BS30 8TU,Guest,2025 Q4,H,,venue,51.44481036,-2.4743838400000002,openstreetmap-gb-extract,reference_agrees_within_50m,Crown & Horseshoe,7 North Street,Oldland Common,BS30 8TU,51.444688,-2.474301,14.8,https://camra.org.uk/pubs/113781,O,2026-09-11
303,red monkey|bristol: redlands|bs6 6pf,England,Gloucs & Bristol,Red Monkey,Bristol: Redlands,BS6 6PF,Guest,2026 Q2,H,,venue,51.4678495,-2.6052992125000003,openstreetmap-gb-extract,reference_agrees_within_50m,Red Monkey,22 Chandos Road,Bristol,BS6 6PF,51.467938898688,-2.605354072422,10.6,https://camra.org.uk/pubs/113785,O,2026-09-11
304,horse and jockey|bristol: st george|bs5 8lw,England,Gloucs & Bristol,Horse and Jockey,Bristol: St George,BS5 8LW,Perm,2026 Q2,E,,venue,51.4558436,-2.528750475,openstreetmap-gb-extract,reference_agrees_within_50m,Horse & Jockey,56 Nags Head Hill,Bristol,BS5 8LW,51.455918,-2.528702,8.9,https://camra.org.uk/pubs/114005,O,2026-09-11
305,pied horse|bristol: st george|bs5 8js,England,Gloucs & Bristol,Pied Horse,Bristol: St George,BS5 8JS,Perm,2025 Q4,H,,venue,51.459478,-2.536867,food-standards-agency-fhrs,reference_agrees_within_50m,Pied Horse,94 Summerhill Road,Bristol,BS5 8JS,51.459783,-2.537195,40.8,https://camra.org.uk/pubs/114083,O,2026-09-11
306,crown tavern|bristol: st judes|bs2 0dy,England,Gloucs & Bristol,Crown Tavern,Bristol: St Judes,BS2 0DY,Perm,2026 Q3,H,"""Bass club, buy 5 Bass, 6th free""",venue,51.45858697999999,-2.57875928,openstreetmap-gb-extract,reference_agrees_within_50m,Crown Tavern,17 Lawfords Gate,Bristol,BS2 0DY,51.458542,-2.578694,6.7,https://camra.org.uk/pubs/113803,O,2026-09-11
307,avon packet|bristol: southville|bs3 1rf,England,Gloucs & Bristol,Avon Packet,Bristol: Southville,BS3 1RF,Perm,2025 Q4,E,,venue,51.44578204,-2.611241,openstreetmap-gb-extract,reference_agrees_within_50m,Avon Packet,185-187 Coronation Road,Bristol,BS3 1RF,51.445762634277,-2.611219882965,2.6,https://camra.org.uk/pubs/114316,O,2026-09-11
308,royal british legion (pmc)|bristol: whitchurch|bs14 0qf,England,Gloucs & Bristol,Royal British Legion (PMC),Bristol: Whitchurch,BS14 0QF,Guest,2026 Q2,H,,venue,51.406302,-2.555913,camra-pubs-location-audit,reference_agrees_within_50m,Royal British Legion Whitchurch & Pensford,Staunton Lane,Bristol,BS14 0QF,51.406302,-2.555913,0.0,https://camra.org.uk/pubs/114783,O,2026-09-11
309,harry cook free house|cheltenham|gl50 1sd,England,Gloucs & Bristol,Harry Cook Free House,Cheltenham,GL50 1SD,Guest,2025 Q4,H,,venue,51.895216,-2.08251,camra-pubs-location-audit,reference_agrees_within_50m,Harry Cook Freehouse,23 Montpellier Walk,Cheltenham,GL50 1SD,51.895216,-2.08251,0.0,https://camra.org.uk/pubs/151911,O,2026-09-11
310,grapes|chipping sodbury|bs37 6as,England,Gloucs & Bristol,Grapes,Chipping Sodbury,BS37 6AS,Guest,2026 Q2,H,,venue,51.53829757999999,-2.39776094,openstreetmap-gb-extract,reference_agrees_within_50m,Grapes,49 Rounceval Street,Chipping Sodbury,BS37 6AS,51.5383,-2.3978,2.7,https://camra.org.uk/pubs/114240,O,2026-09-11
311,horseshoe|chipping sodbury|bs37 6ah,England,Gloucs & Bristol,Horseshoe,Chipping Sodbury,BS37 6AH,Guest,2026 Q1,H,,venue,51.5381424,-2.3968606,openstreetmap-gb-extract,reference_agrees_within_50m,Horseshoe,2 High Street,Chipping Sodbury,BS37 6AH,51.538128,-2.396699,11.3,https://camra.org.uk/pubs/114631,O,2026-09-11
312,cross house|doynton|bs30 5tf,England,Gloucs & Bristol,Cross House,Doynton,BS30 5TF,Perm,2026 Q1,H,,venue,51.464514785714286,-2.405283092857143,openstreetmap-gb-extract,reference_agrees_within_50m,Cross House Inn,High Street,Doynton,BS30 5TF,51.464362,-2.405292,17.0,https://camra.org.uk/pubs/114280,O,2026-09-11
313,imperial inn|gloucester|gl1 2ag,England,Gloucs & Bristol,Imperial Inn,Gloucester,GL1 2AG,Perm,2026 Q2,H,,venue,51.86675016,-2.24383662,openstreetmap-gb-extract,reference_agrees_within_50m,Imperial Inn,"59, Northgate Street",Gloucester,GL1 2AG,51.866733,-2.243852,2.2,https://camra.org.uk/pubs/171559,O,2026-09-11
314,king william iv|hallen|bs10 7rz,England,Gloucs & Bristol,King William IV,Hallen,BS10 7RZ,Perm,2026 Q2,H,,venue,51.51748187692307,-2.649106538461538,openstreetmap-gb-extract,reference_agrees_within_50m,King William IV,Severn Road,Hallen,BS10 7RZ,51.517356,-2.649154,14.4,https://camra.org.uk/pubs/114303,O,2026-09-11
315,kings arms|newent|gl18 1bd,England,Gloucs & Bristol,Kings Arms,Newent,GL18 1BD,Guest,2026 Q1,H,,venue,51.93388482,-2.4089762,openstreetmap-gb-extract,reference_agrees_within_50m,King's Arms,Ross Road,Newent,GL18 1BD,51.933799753358,-2.408984202464,9.5,https://camra.org.uk/pubs/130871,O,2026-09-11
316,anchor inn|oldbury-on-severn|bs35 1qa,England,Gloucs & Bristol,Anchor Inn,Oldbury-on-Severn,BS35 1QA,Perm,2026 Q1,H,,venue,51.628891806666665,-2.5662095333333337,openstreetmap-gb-extract,reference_agrees_within_50m,Anchor Inn,Church Road,Oldbury-On-Severn,BS35 1QA,51.628974,-2.566431,17.8,https://camra.org.uk/pubs/114370,O,2026-09-11
317,berkeley arms|purton|gl13 9hu,England,Gloucs & Bristol,Berkeley Arms,Purton,GL13 9HU,Guest,2026 Q2,H,,venue,51.7388498,-2.4491708,google-maps-named-place,ambiguous_reference,,,,,,,,,,2026-09-11
318,cross house tavern|tewkesbury|gl20 5ab,England,Gloucs & Bristol,Cross House Tavern,Tewkesbury,GL20 5AB,Guest,2026 Q3,H,,venue,51.992637,-2.1576628,openstreetmap-gb-extract,reference_agrees_within_50m,Cross House Tavern,108 Church Street,Tewkesbury,GL20 5AB,51.99265,-2.15766,1.5,https://camra.org.uk/pubs/130896,O,2026-09-11
319,bmi club|upton st leonards|gl4 8ag,England,Gloucs & Bristol,BMI Club,Upton St Leonards,GL4 8AG,Guest,2026 Q2,H,,venue,51.832273219705,-2.199973328242,camra-pubs-location-audit,reference_agrees_within_50m,BMI Club,8 Bondend Road,Upton St Leonards,GL4 8AG,51.832273219705,-2.199973328242,0.0,https://camra.org.uk/pubs/197663,O,2026-09-11
320,post office tavern|westbury on trym|bs9 3ag,England,Gloucs & Bristol,Post Office Tavern,Westbury on Trym,BS9 3AG,Perm,2025 Q4,G,,venue,51.491030726666665,-2.6167654866666665,openstreetmap-gb-extract,reference_agrees_within_50m,Post Office Tavern,17 Westbury Hill,Bristol,BS9 3AG,51.490962,-2.616651,11.0,https://camra.org.uk/pubs/114095,O,2026-09-11
321,white lion|westbury on trym|bs9 3hn,England,Gloucs & Bristol,White Lion,Westbury on Trym,BS9 3HN,Guest,2026 Q3,H,,venue,51.495039174999995,-2.617223825,openstreetmap-gb-extract,reference_agrees_within_50m,White Lion,Passage Road,Bristol,BS9 3HN,51.495067,-2.617276,4.8,https://camra.org.uk/pubs/114203,O,2026-09-11
322,chilworth arms|chilworth|so16 7jz,England,Hampshire,Chilworth Arms,Chilworth,SO16 7JZ,Guest,2026 Q1,H,,venue,50.964356425,-1.4172402875,openstreetmap-gb-extract,reference_agrees_within_50m,Chilworth Arms,Chilworth Road,Chilworth,SO16 7JZ,50.96449,-1.41714,16.4,https://camra.org.uk/pubs/188013,O,2026-09-11
323,ebenezers|hythe|so45 6ar,England,Hampshire,Ebenezers,Hythe,SO45 6AR,Guest,2026 Q2,H,,venue,50.87020207142858,-1.4004798857142855,openstreetmap-gb-extract,reference_agrees_within_50m,Ebenezers,18A Pylewell Road,Hythe,SO45 6AR,50.87016,-1.40048,4.7,https://camra.org.uk/pubs/188184,O,2026-09-11
324,pembroke|portsmouth|po1 2nr,England,Hampshire,Pembroke,Portsmouth,PO1 2NR,Perm,2025 Q4,H,,venue,50.7897986,-1.1030938,openstreetmap-gb-extract,reference_agrees_within_50m,Pembroke,20 Pembroke Road,Portsmouth,PO1 2NR,50.789815217584,-1.1030320846558,4.7,https://camra.org.uk/pubs/190729,O,2026-09-11
325,kings arms|whitchurch|rg28 7ab,England,Hampshire,Kings Arms,Whitchurch,RG28 7AB,Guest,2026 Q1,H,,venue,51.2295737,-1.3397768,openstreetmap-gb-extract,reference_agrees_within_50m,Kings Arms,10 Church Street,Whitchurch,RG28 7AB,51.2294,-1.33988,20.6,https://camra.org.uk/pubs/179385,O,2026-09-11
326,lichfield vaults|hereford|hr1 2lr,England,Herefordshire,Lichfield Vaults,Hereford,HR1 2LR,Perm,2026 Q2,H,,venue,52.0556935,-2.7160183,openstreetmap-gb-extract,reference_agrees_within_50m,Lichfield Vaults,11 Church Street,Hereford,HR1 2LR,52.055783107094,-2.716045618057,10.1,https://camra.org.uk/pubs/181944,O,2026-09-11
327,weston cross|weston-under-penyard|hr9 7nu,England,Herefordshire,Weston Cross,Weston-under-Penyard,HR9 7NU,Perm,2026 Q2,H,,venue,51.908018,-2.536722,food-standards-agency-fhrs,reference_agrees_within_50m,Weston Cross,,Weston-under-Penyard,HR9 7NU,51.908000946045,-2.5368099212647,6.3,https://camra.org.uk/pubs/182118,O,2026-09-11
328,old shepherd|chorleywood|wd3 5jh,England,Hertfordshire,Old Shepherd,Chorleywood,WD3 5JH,Guest,2026 Q2,H,,venue,51.6508874,-0.5147466,openstreetmap-gb-extract,reference_agrees_within_50m,Old Shepherd,Chorleywood Bottom,Chorleywood,WD3 5JH,51.6507568,-0.514661,15.7,https://camra.org.uk/pubs/193998,O,2026-09-11
329,king william iv|st albans: bernards heath|al1 4ah,England,Hertfordshire,King William IV,St Albans: Bernards Heath,AL1 4AH,Guest,2026 Q1,H,,venue,51.76630930588235,-0.3227978411764706,openstreetmap-gb-extract,reference_agrees_within_50m,King William IV,185 Sandridge Road,St. Albans,AL1 4AH,51.766355927137,-0.32270729541779,8.1,https://camra.org.uk/pubs/192521,O,2026-09-11
330,boot|st albans: central|al3 5dg,England,Hertfordshire,Boot,St Albans: Central,AL3 5DG,Guest,2026 Q2,H,,venue,51.751241428571426,-0.34020977142857145,openstreetmap-gb-extract,reference_agrees_within_50m,Boot,4 Market Place,St. Albans,AL3 5DG,51.751264568807,-0.34030258655548,6.9,https://camra.org.uk/pubs/192499,O,2026-09-11
331,verulam arms|st albans: central|al3 4qe,England,Hertfordshire,Verulam Arms,St Albans: Central,AL3 4QE,Guest,2026 Q2,H,,venue,51.75283803333333,-0.34422567333333337,openstreetmap-gb-extract,reference_agrees_within_50m,Verulam,41 Lower Dagnall Street,St. Albans,AL3 4QE,51.752815442531,-0.34408450126648,10.0,https://camra.org.uk/pubs/192538,O,2026-09-11
332,essex arms|watford: cassiobury|wd17 3eg,England,Hertfordshire,Essex Arms,Watford: Cassiobury,WD17 3EG,Guest,2025 Q4,H,,venue,51.66759745333333,-0.4180366066666667,openstreetmap-gb-extract,reference_agrees_within_50m,Essex Arms,Langley Way,Watford,WD17 3EG,51.6672467,-0.4178796,40.5,https://camra.org.uk/pubs/194092,O,2026-09-11
333,o'neills|watford: centre|wd17 1et,England,Hertfordshire,O'Neills,Watford: Centre,WD17 1ET,Guest,2026 Q2,H,Quality warning May 2026,venue,51.6640205383301,-0.397655010223389,food-standards-agency-fhrs,reference_agrees_within_50m,O'Neill's,Station Road,Watford,WD17 1ET,51.663943,-0.397445,16.9,https://camra.org.uk/pubs/194095,O,2026-09-11
334,wheatsheaf|brading|po36 0dq,England,Isle of Wight,Wheatsheaf,Brading,PO36 0DQ,Guest,2026 Q2,H,,venue,50.67989079090909,-1.143633090909091,openstreetmap-gb-extract,reference_agrees_within_50m,Wheatsheaf Inn,56 High Street,Brading,PO36 0DQ,50.679915,-1.143655,3.1,https://camra.org.uk/pubs/176614,O,2026-09-11
335,newport ale house|newport|po30 5az,England,Isle of Wight,Newport Ale House,Newport,PO30 5AZ,Guest,2026 Q3,H,,venue,50.7006156,-1.2939824,openstreetmap-gb-extract,reference_agrees_within_50m,Newport Ale House,24A Holyrood Street,Newport,PO30 5AZ,50.700636,-1.293898,6.4,https://camra.org.uk/pubs/176627,O,2026-09-11
336,king lud|ryde|po33 2dy,England,Isle of Wight,King Lud,Ryde,PO33 2DY,Guest,2026 Q2,H,,venue,50.7326346,-1.1607843,openstreetmap-gb-extract,reference_agrees_within_50m,King Lud,2 Esplanade,Ryde,PO33 2DY,50.732655,-1.160761,2.8,https://camra.org.uk/pubs/176559,O,2026-09-11
337,beer box|bamber bridge|pr5 6la,England,Lancashire,Beer Box,Bamber Bridge,PR5 6LA,Guest,2026 Q2,H,,venue,53.73165052,-2.66180348,openstreetmap-gb-extract,reference_agrees_within_50m,Beer Box,Unit 3 143 Station Road,Bamber Bridge,PR5 6LA,53.731806,-2.661724,18.1,https://camra.org.uk/pubs/180250,O,2026-09-11
338,highfield|blackpool:merton|fy4 3la,England,Lancashire,Highfield,Blackpool:Merton,FY4 3LA,Guest,2026 Q1,H,,venue,53.7889299,-3.0255109,openstreetmap-gb-extract,reference_agrees_within_50m,Highfield,Highfield Road,Blackpool,FY4 3LA,53.789143,-3.025423,24.4,https://camra.org.uk/pubs/120385,O,2026-09-11
339,devonshire arms|blackpool: north shore|fy2 0tl,England,Lancashire,Devonshire Arms,Blackpool: North Shore,FY2 0TL,Guest,2026 Q1,H,,venue,53.8319281,-3.0412592,openstreetmap-gb-extract,reference_agrees_within_50m,Devonshire Arms,32 Devonshire Road,Blackpool,FY2 0TL,53.831947,-3.041039,14.6,https://camra.org.uk/pubs/120117,O,2026-09-11
340,sun inn|blackpool: south shore|fy1 6aa,England,Lancashire,Sun Inn,Blackpool: South Shore,FY1 6AA,Perm,2026 Q2,H,,venue,53.799326,-3.054237,food-standards-agency-fhrs,reference_agrees_within_50m,Sun Inn,88 Bolton Street,Blackpool,FY1 6AA,53.799657,-3.054293,37.0,https://camra.org.uk/pubs/120087,O,2026-09-11
341,cricket club|blackpool: stanley park|fy3 9eq,England,Lancashire,Cricket Club,Blackpool: Stanley Park,FY3 9EQ,Guest,2026 Q1,H,,venue,53.815142,-3.030204,camra-pubs-location-audit,reference_agrees_within_50m,Blackpool Cricket Club,"Barlow Crescent, West Park Drive",Blackpool,FY3 9EQ,53.815142,-3.030204,0.0,https://camra.org.uk/pubs/120146,O,2026-09-11
342,saddle inn|blackpool: stanley park|fy3 9ph,England,Lancashire,Saddle Inn,Blackpool: Stanley Park,FY3 9PH,Perm,2026 Q3,H,,venue,53.805841,-3.028371,camra-pubs-location-audit,reference_agrees_within_50m,Saddle Inn,286 Whitegate Drive,Blackpool,FY3 9PH,53.805841,-3.028371,0.0,https://camra.org.uk/pubs/120066,O,2026-09-11
343,flat iron|chorley|pr7 1bh,England,Lancashire,Flat Iron,Chorley,PR7 1BH,Guest,2026 Q1,H,,venue,53.6535692,-2.6315399,openstreetmap-gb-extract,reference_agrees_within_50m,Flat Iron,21 Cleveland Street,Chorley,PR7 1BH,53.653529,-2.631544,4.5,https://camra.org.uk/pubs/180391,O,2026-09-11
344,shepherds hall ale house|chorley|pr7 1bs,England,Lancashire,Shepherds Hall Ale House,Chorley,PR7 1BS,Guest,2026 Q1,H,,venue,53.6525648,-2.6286238,openstreetmap-gb-extract,reference_agrees_within_50m,Shepherds' Hall Ale House & Victoria Rooms,63-67 Chapel Street,Chorley,PR7 1BS,53.652569,-2.628662,2.6,https://camra.org.uk/pubs/180027,T,2026-09-11
345,hive|hesketh bank|pr4 6sn,England,Lancashire,Hive,Hesketh Bank,PR4 6SN,Guest,2026 Q2,H,,venue,53.698593899784,-2.838822652779,camra-pubs-location-audit,reference_agrees_within_50m,Hive,21 Station Road,Hesketh Bank,PR4 6SN,53.698593899784,-2.838822652779,0.0,https://camra.org.uk/pubs/197375,O,2026-09-11
346,pleasant retreat|lostock hall|pr5 5ru,England,Lancashire,Pleasant Retreat,Lostock Hall,PR5 5RU,Guest,2025 Q4,H,,venue,53.7260786,-2.6924564,google-maps-named-place,no_unambiguous_reference,,,,,,,,,,2026-09-11
347,county hotel|lytham st annes|fy8 5lh,England,Lancashire,County Hotel,Lytham St Annes,FY8 5LH,Guest,2026 Q3,H,,venue,53.737317,-2.965483,camra-pubs-location-audit,reference_agrees_within_50m,County Hotel,1 Church Road,Lytham,FY8 5LH,53.737317,-2.965483,0.0,https://camra.org.uk/pubs/120127,O,2026-09-11
348,fairhaven|lytham st annes|fy8 1yd,England,Lancashire,Fairhaven,Lytham St Annes,FY8 1YD,Guest,2026 Q1,H,,venue,53.7391155,-2.9931954,openstreetmap-gb-extract,reference_agrees_within_50m_postcode_conflict,Fairhaven,1 Marine Drive,Ansdell,FY8 1AU,53.739223,-2.993478,22.1,https://camra.org.uk/pubs/120359,O,2026-09-11
349,lytham cricket sports club (pmc)|lytham st annes|fy8 5qd,England,Lancashire,Lytham Cricket Sports Club (PMC),Lytham St Annes,FY8 5QD,Guest,2026 Q3,H,"""open to all during sporting events, public sign-in by member otherwise""",venue,53.7378,-2.97444,camra-pubs-location-audit,reference_agrees_within_50m,Lytham Cricket & Sports Club,Church Road,Lytham,FY8 5QD,53.7378,-2.97444,0.0,https://camra.org.uk/pubs/120316,O,2026-09-11
350,stocks tavern|parbold|wn8 7nn,England,Lancashire,Stocks Tavern,Parbold,WN8 7NN,Perm,2026 Q3,H,,venue,53.587350254545456,-2.7687007181818184,openstreetmap-gb-extract,reference_agrees_within_50m,Stocks Tavern,16 Alder Lane,Parbold,WN8 7NN,53.5873,-2.76872,5.7,https://camra.org.uk/pubs/172116,O,2026-09-11
351,bull|poulton-le-fylde|fy6 7dh,England,Lancashire,Bull,Poulton-le-Fylde,FY6 7DH,Perm,2026 Q3,H,,venue,53.8462417,-2.9926059,openstreetmap-gb-extract,reference_agrees_within_50m,Bull,2 Blackpool Old Road,Poulton le Fylde,FY6 7DH,53.846274,-2.992634,4.0,https://camra.org.uk/pubs/120163,O,2026-09-11
352,hesketh arms|rufford|l40 1sb,England,Lancashire,Hesketh Arms,Rufford,L40 1SB,Guest,2026 Q2,H,,venue,53.6337,-2.81593,camra-and-fsa-location-audit,reference_agrees_within_50m,Hesketh Arms,81 Liverpool Road,Rufford,L40 1SB,53.6337,-2.81593,0.0,https://camra.org.uk/pubs/146970,O,2026-09-11
353,black bull|tockholes|bb3 0ll,England,Lancashire,Black Bull,Tockholes,BB3 0LL,Guest,2025 Q4,H,Home of Three Bs Brewery,venue,53.7179057,-2.5064245,openstreetmap-gb-extract,reference_agrees_within_50m,Black Bull,Brokenstone Road,Blackburn,BB3 0LL,53.717897,-2.506468,3.0,https://camra.org.uk/pubs/175335,O,2026-09-11
354,mushroom hall|albert village|de11 8en,England,Leicestershire,Mushroom Hall,Albert Village,DE11 8EN,Guest,2026 Q2,H,Rotates with Pedi,venue,52.7600976,-1.5504387,google-maps-named-place,no_unambiguous_reference,,,,,,,,,,2026-09-11
355,black horse|appleby magna|de12 7ah,England,Leicestershire,Black Horse,Appleby Magna,DE12 7AH,Guest,2025 Q4,H,,venue,52.68363,-1.53233,camra-pubs-location-audit,reference_agrees_within_50m,Black Horse,2 Top Street,Appleby Magna,DE12 7AH,52.68363,-1.53233,0.0,https://camra.org.uk/pubs/181767,O,2026-09-11
356,blue bell|ashby-de-la-zouch|le65 2jg,England,Leicestershire,Blue Bell,Ashby-de-la-Zouch,LE65 2JG,Perm,2025 Q4,H,,venue,52.7505340576172,-1.4747439622879,food-standards-agency-fhrs,reference_agrees_within_50m,Blue Bell,23 The Callis,Ashby De La Zouch,LE65 2JG,52.7505,-1.4747,4.8,https://camra.org.uk/pubs/171356,O,2026-09-11
357,ivanhoe social club (pmc)|ashby-de-la-zouch|le65 2gw,England,Leicestershire,Ivanhoe Social Club (PMC),Ashby-de-la-Zouch,LE65 2GW,Guest,2026 Q2,H,,venue,52.744405395367,-1.475100964308,camra-pubs-location-audit,reference_agrees_within_50m,Ivanhoe Social Club1,1 Wilfred Place,Ashby de la Zouch,LE65 2GW,52.744405395367,-1.475100964308,0.0,https://camra.org.uk/pubs/196238,O,2026-09-11
358,plough|ashby-de-la-zouch|le65 1ju,England,Leicestershire,Plough,Ashby-de-la-Zouch,LE65 1JU,Guest,2026 Q2,H,,venue,52.7483656,-1.473238,openstreetmap-gb-extract,reference_agrees_within_50m,Plough,The Green,Ashby De La Zouch,LE65 1JU,52.7482,-1.4732,18.6,https://camra.org.uk/pubs/171410,O,2026-09-11
359,queens head|ashby-de-la-zouch|le65 1ah,England,Leicestershire,Queens Head,Ashby-de-la-Zouch,LE65 1AH,Guest,2025 Q4,H,,venue,52.7478011,-1.4695475,openstreetmap-gb-extract,reference_agrees_within_50m,Queens Head,79 Market Street,Ashby De La Zouch,LE65 1AH,52.7479,-1.46956,11.0,https://camra.org.uk/pubs/171421,O,2026-09-11
360,railway tavern|ashby-de-la-zouch|le65 2pw,England,Leicestershire,Railway Tavern,Ashby-de-la-Zouch,LE65 2PW,Perm,2026 Q3,H,,venue,52.741947090953,-1.475177320098,camra-pubs-location-audit,reference_agrees_within_50m,Railway Tavern,5 Tamworth Road,Ashby De La Zouch,LE65 2PW,52.741947090953,-1.475177320098,0.0,https://camra.org.uk/pubs/171184,O,2026-09-11
361,cross keys|barwell|le9 8dd,England,Leicestershire,Cross Keys,Barwell,LE9 8DD,Perm,2026 Q2,H,,venue,52.566845375,-1.34453575,openstreetmap-gb-extract,reference_agrees_within_50m,Cross Keys,32 Chapel Street,Barwell,LE9 8DD,52.56686,-1.34451,2.4,https://camra.org.uk/pubs/181776,O,2026-09-11
362,queens head|belton|le12 9tp,England,Leicestershire,Queens Head,Belton,LE12 9TP,Guest,2026 Q3,H,,venue,52.7816,-1.3398,camra-and-fsa-location-audit,reference_agrees_within_50m,Queens Head,2 Long Street,Belton,LE12 9TP,52.7816,-1.3398,0.0,https://camra.org.uk/pubs/171321,O,2026-09-11
363,royal|broughton astley|le9 6qb,England,Leicestershire,Royal,Broughton Astley,LE9 6QB,Guest,2026 Q2,H,,venue,52.5356041,-1.2323141,openstreetmap-gb-extract,reference_agrees_within_50m_postcode_conflict,Royal,2 Coventry Road,Broughton Astley,LE9 6QA,52.53557,-1.232313,3.8,https://camra.org.uk/pubs/174059,O,2026-09-11
364,plough|bruntingthorpe|le17 5qe,England,Leicestershire,Plough,Bruntingthorpe,LE17 5QE,Perm,2026 Q1,H,,venue,52.5026508,-1.1130191,openstreetmap-gb-extract,reference_agrees_within_50m,Plough,Main Street,Bruntingthorpe,LE17 5QE,52.502532,-1.112836,18.1,https://camra.org.uk/pubs/174076,O,2026-09-11
365,constitutional club (pmc)|burbage|le10 2de,England,Leicestershire,Constitutional Club (PMC),Burbage,LE10 2DE,Perm,2026 Q3,H,,venue,52.52999,-1.34841,camra-pubs-location-audit,reference_agrees_within_50m,Burbage & District Constitutional Club,Church Street,Burbage,LE10 2DE,52.52999,-1.34841,0.0,https://camra.org.uk/pubs/181789,O,2026-09-11
366,red lion|burbage|le10 2ef,England,Leicestershire,Red Lion,Burbage,LE10 2EF,Perm,2025 Q4,H,,venue,52.527060687500004,-1.3489449,openstreetmap-gb-extract,reference_agrees_within_50m,Red Lion,14 Windsor Street,Burbage,LE10 2EF,52.52699,-1.34886,9.7,https://camra.org.uk/pubs/181779,O,2026-09-11
367,sycamores|burbage|le10 2ef,England,Leicestershire,Sycamores,Burbage,LE10 2EF,Perm,2026 Q3,H,,venue,52.5265539,-1.3519679,openstreetmap-gb-extract,reference_agrees_within_50m,Sycamores,60 Windsor Street,Burbage,LE10 2EF,52.5264,-1.35206,18.2,https://camra.org.uk/pubs/181780,O,2026-09-11
368,gate hangs well|carlton|cv13 0db,England,Leicestershire,Gate Hangs Well,Carlton,CV13 0DB,Perm,2026 Q1,H,,venue,52.64344942142857,-1.4086994285714287,openstreetmap-gb-extract,reference_agrees_within_50m,Gate Hangs Well,39 Barton Road,Carlton,CV13 0DB,52.64354,-1.40873,10.3,https://camra.org.uk/pubs/181790,O,2026-09-11
369,apiary|castle donington|de74 2la,England,Leicestershire,Apiary,Castle Donington,DE74 2LA,Guest,2026 Q1,H,,venue,52.8421,-1.33845,camra-and-fsa-location-audit,reference_agrees_within_50m,Apiary,38 Borough Street,Castle Donington,DE74 2LA,52.8421,-1.33845,0.0,https://camra.org.uk/pubs/171290,O,2026-09-11
370,jolly potters|castle donington|de74 2nh,England,Leicestershire,Jolly Potters,Castle Donington,DE74 2NH,Perm,2026 Q2,H,,venue,52.8437,-1.3373,camra-and-fsa-location-audit,reference_agrees_within_50m,Jolly Potters,36 Hillside,Castle Donington,DE74 2NH,52.8437,-1.3373,0.0,https://camra.org.uk/pubs/171357,O,2026-09-11
371,george inn|coleorton|le67 8hf,England,Leicestershire,George Inn,Coleorton,LE67 8HF,Perm,2026 Q1,H,Unable to find on CAMRA site - use Facebook,venue,52.7527,-1.3917,camra-pubs-location-audit,reference_agrees_within_50m,George,Loughborough Road,Coleorton,LE67 8HF,52.7527,-1.3917,0.0,https://camra.org.uk/pubs/171371,O,2026-09-11
372,horse and jockey|congerstone|cv13 6ly,England,Leicestershire,Horse and Jockey,Congerstone,CV13 6LY,Perm,2026 Q3,H,,venue,52.64242818181819,-1.457516090909091,openstreetmap-gb-extract,reference_agrees_within_50m,Horse & Jockey,Main Street,Congerstone,CV13 6LY,52.6426,-1.45741,20.4,https://camra.org.uk/pubs/181791,O,2026-09-11
373,railway|countesthorpe|le8 5td,England,Leicestershire,Railway,Countesthorpe,LE8 5TD,Guest,2026 Q1,H,,venue,52.5534122,-1.1511981,openstreetmap-gb-extract,reference_agrees_within_50m,Railway,128 Station Road,Countesthorpe,LE8 5TD,52.553442,-1.151197,3.3,https://camra.org.uk/pubs/174269,O,2026-09-11
374,plough|diseworth|de74 2qj,England,Leicestershire,Plough,Diseworth,DE74 2QJ,Perm,2026 Q2,H,,venue,52.8167,-1.32991,camra-pubs-location-audit,reference_agrees_within_50m,Plough,33 Hall Gate,Diseworth,DE74 2QJ,52.8167,-1.32991,0.0,https://camra.org.uk/pubs/171375,O,2026-09-11
375,donington arms|donington le heath|le67 2ge,England,Leicestershire,Donington Arms,Donington Le Heath,LE67 2GE,Perm,2026 Q3,H,,venue,52.7066,-1.37599,camra-pubs-location-audit,reference_agrees_within_50m,Donington Arms,The Green,Donington le Heath,LE67 2GE,52.7066,-1.37599,0.0,https://camra.org.uk/pubs/171284,O,2026-09-11
376,halfway house|donisthorpe|de12 7px,England,Leicestershire,Halfway House,Donisthorpe,DE12 7PX,Perm,2026 Q2,H,,venue,52.721932779999996,-1.53664202,openstreetmap-gb-extract,reference_agrees_within_50m,Halfway House,65 Church Street,Donisthorpe,DE12 7PX,52.721949098984,-1.536700045013,4.3,https://camra.org.uk/pubs/171376,O,2026-09-11
377,red lion|earl shilton|le9 7lq,England,Leicestershire,Red Lion,Earl Shilton,LE9 7LQ,Perm,2026 Q3,H,,venue,52.576,-1.3135,camra-pubs-location-audit,reference_agrees_within_50m,Red Lion,High Street,Earl Shilton,LE9 7LQ,52.576,-1.3135,0.0,https://camra.org.uk/pubs/181796,O,2026-09-11
378,shilton vaults|earl shilton|le9 7na,England,Leicestershire,Shilton Vaults,Earl Shilton,LE9 7NA,Perm,2026 Q1,H,,venue,52.575642,-1.3153768,food-standards-agency-fhrs,reference_agrees_within_50m,Shilton Vaults,3 The Hollow,Earl Shilton,LE9 7NA,52.5756,-1.31539,4.8,https://camra.org.uk/pubs/181754,O,2026-09-11
379,shoulder of mutton|foxton|le16 7rb,England,Leicestershire,Shoulder of Mutton,Foxton,LE16 7RB,Guest,2026 Q2,H,,venue,52.504431,-0.970111,camra-pubs-location-audit,reference_agrees_within_50m,Shoulder of Mutton,60 Main Street,Foxton,LE16 7RB,52.504431,-0.970111,0.0,https://camra.org.uk/pubs/174395,O,2026-09-11
380,glenhills sports and social club (pmc)|glen parva|le2 9jb,England,Leicestershire,Glenhills Sports And Social Club (PMC),Glen Parva,LE2 9JB,Perm,2026 Q2,H,,venue,52.5852716,-1.165106,openstreetmap-gb-extract,reference_agrees_within_50m,Glenhills Sports & Social Club,2 Court Road,Glen Parva,LE2 9JB,52.585308,-1.165069,4.8,https://camra.org.uk/pubs/174401,O,2026-09-11
381,railway|glenfield|le3 8br,England,Leicestershire,Railway,Glenfield,LE3 8BR,Perm,2026 Q2,H,,venue,52.653379,-1.199921,camra-pubs-location-audit,reference_agrees_within_50m,Railway,152 Station Road,Glenfield,LE3 8BR,52.653379,-1.199921,0.0,https://camra.org.uk/pubs/174411,O,2026-09-11
382,black horse|grimston|le14 3bz,England,Leicestershire,Black Horse,Grimston,LE14 3BZ,Perm,2026 Q2,H,,venue,52.790358,-0.9868279,openstreetmap-gb-extract,reference_agrees_within_50m,Black Horse,"3, Main Street,",Grimston,LE14 3BZ,52.790324724999,-0.9868583534867,4.2,https://camra.org.uk/pubs/192233,O,2026-09-11
383,dew drop inn|hathern|le12 5hy,England,Leicestershire,Dew Drop Inn,Hathern,LE12 5HY,Perm,2026 Q3,H,,venue,52.793215212011,-1.258926527786,camra-pubs-location-audit,reference_agrees_within_50m,Dew Drop,49 Loughborough Road,Hathern,LE12 5HY,52.793215212011,-1.258926527786,0.0,https://camra.org.uk/pubs/171382,O,2026-09-11
384,crown|heather|le67 2qp,England,Leicestershire,Crown,Heather,LE67 2QP,Perm,2026 Q3,H,,venue,52.6934116,-1.4238427,openstreetmap-gb-extract,reference_agrees_within_50m,Crown,23 Main Street,Heather,LE67 2QP,52.693452904735,-1.423775101852,6.5,https://camra.org.uk/pubs/171385,O,2026-09-11
385,jolly sailor|hemington|de74 2rb,England,Leicestershire,Jolly Sailor,Hemington,DE74 2RB,Perm,2026 Q3,H,,venue,52.847,-1.3247,camra-pubs-location-audit,reference_agrees_within_50m,Jolly Sailor,21 Main Street,Hemington,DE74 2RB,52.847,-1.3247,0.0,https://camra.org.uk/pubs/171387,O,2026-09-11
386,ashby tavern|hinckley|le10 1sl,England,Leicestershire,Ashby Tavern,Hinckley,LE10 1SL,Guest,2025 Q4,H,,venue,52.550705,-1.3668769333333335,openstreetmap-gb-extract,reference_agrees_within_50m,Ashby Tavern,62 Ashby Road,Hinckley,LE10 1SL,52.55071,-1.3669,1.7,https://camra.org.uk/pubs/181816,O,2026-09-11
387,citizens club (pmc)|hinckley|le10 1ae,England,Leicestershire,Citizens Club (PMC),Hinckley,LE10 1AE,Perm,2026 Q2,H,,venue,52.539313,-1.366936,food-standards-agency-fhrs,reference_agrees_within_50m,Citizens Club,Mount Road,Hinckley,LE10 1AE,52.539569,-1.367057,29.6,https://camra.org.uk/pubs/181737,O,2026-09-11
388,greyhound|hinckley|le10 1hn,England,Leicestershire,Greyhound,Hinckley,LE10 1HN,Perm,2026 Q3,H,,venue,52.54288008888889,-1.3687119222222224,openstreetmap-gb-extract,reference_agrees_within_50m,Greyhound,9 New Buildings,Hinckley,LE10 1HN,52.542892980317,-1.368816093254,7.2,https://camra.org.uk/pubs/181804,O,2026-09-11
389,new baron|hinckley|le10 0az,England,Leicestershire,New Baron,Hinckley,LE10 0AZ,Guest,2026 Q1,H,,venue,52.540943145752,-1.37424194812775,food-standards-agency-fhrs,reference_agrees_within_50m_postcode_conflict,New Baron Hinckley (also known as Crafty Baron),5-7 Regent Street,Hinckley,LE10 0QA,52.54112,-1.37392,29.3,https://camra.org.uk/pubs/181808,O,2026-09-11
390,pestle and mortar|hinckley|le10 1da,England,Leicestershire,Pestle and Mortar,Hinckley,LE10 1DA,Perm,2026 Q3,H,,venue,52.542078,-1.368474,camra-pubs-location-audit,reference_agrees_within_50m,Pestle & Mortar,81 Castle Street,Hinckley,LE10 1DA,52.542078,-1.368474,0.0,https://camra.org.uk/pubs/181743,O,2026-09-11
391,queens head|hinckley|le10 1rj,England,Leicestershire,Queens Head,Hinckley,LE10 1RJ,Perm,2026 Q3,H,,venue,52.54571725714286,-1.3725925714285714,openstreetmap-gb-extract,reference_agrees_within_50m,Queen's Head,Upper Bond Street,Hinckley,LE10 1RJ,52.54556,-1.37257,17.6,https://camra.org.uk/pubs/181817,O,2026-09-11
392,wharf inn|hinckley|le10 0nq,England,Leicestershire,Wharf Inn,Hinckley,LE10 0NQ,Guest,2026 Q2,H,,venue,52.5353167,-1.3955219,openstreetmap-gb-extract,reference_agrees_within_50m,Wharf,318 Coventry Road,Hinckley,LE10 0NQ,52.53541,-1.39566,14.0,https://camra.org.uk/pubs/181813,O,2026-09-11
393,gate inn|hugglescote|le67 2hg,England,Leicestershire,Gate Inn,Hugglescote,LE67 2HG,Perm,2026 Q3,H,,venue,52.713666,-1.372869,food-standards-agency-fhrs,reference_agrees_within_50m,Gate Inn,108 Fairfield Road,Hugglescote,LE67 2HG,52.7137,-1.37285,4.0,https://camra.org.uk/pubs/171391,O,2026-09-11
394,ram|ibstock|le67 6lg,England,Leicestershire,Ram,Ibstock,LE67 6LG,Guest,2026 Q3,H,,venue,52.688144,-1.397008,food-standards-agency-fhrs,reference_agrees_within_50m,Ram Inn,High Street,Ibstock,LE67 6LG,52.687822,-1.397199,38.0,https://camra.org.uk/pubs/181856,O,2026-09-11
395,waggon and horses|ibstock|le67 6la,England,Leicestershire,Waggon and Horses,Ibstock,LE67 6LA,Perm,2026 Q3,H,,venue,52.6897656,-1.3949838,openstreetmap-gb-extract,reference_agrees_within_50m,Waggon & Horses,71 Curzon Street,Ibstock,LE67 6LA,52.689792,-1.395006,3.3,https://camra.org.uk/pubs/181857,O,2026-09-11
396,cap and stocking|kegworth|de74 2ff,England,Leicestershire,Cap and Stocking,Kegworth,DE74 2FF,Perm,2026 Q3,H/G,,venue,52.8375972,-1.278841,openstreetmap,reference_agrees_within_50m,Cap & Stocking,Borough Street,Kegworth,DE74 2FF,52.8374,-1.2789,22.3,https://camra.org.uk/pubs/171393,O,2026-09-11
397,red lion|kegworth|de74 2da,England,Leicestershire,Red Lion,Kegworth,DE74 2DA,Guest,2026 Q3,H,,venue,52.83600995,-1.2807941666666667,openstreetmap-gb-extract,reference_agrees_within_50m,Red Lion,24 High Street,Kegworth,DE74 2DA,52.8357,-1.2812,43.9,https://camra.org.uk/pubs/171396,O,2026-09-11
398,coach and horses|kibworth harcourt|le8 0nn,England,Leicestershire,Coach and Horses,Kibworth Harcourt,LE8 0NN,Perm,2026 Q3,H,,venue,52.5423254,-0.992959,openstreetmap-gb-extract,reference_agrees_within_50m,Coach & Horses,2 Leicester Road,Kibworth,LE8 0NN,52.542400360107,-0.99293702840805,8.5,https://camra.org.uk/pubs/174421,O,2026-09-11
399,blackbird|leicester: abbey park|le4 0fw,England,Leicestershire,Blackbird,Leicester: Abbey Park,LE4 0FW,Guest,2025 Q4,H,,venue,52.64711854666667,-1.1472357866666667,openstreetmap-gb-extract,reference_agrees_within_50m,Blackbird,Blackbird Road,Leicester,LE4 0FW,52.647232,-1.146963,22.3,https://camra.org.uk/pubs/173727,O,2026-09-11
400,cricketers|leicester: aylestone|le2 8ad,England,Leicestershire,Cricketers,Leicester: Aylestone,LE2 8AD,Guest,2026 Q2,H,,venue,52.608810428571424,-1.1430139714285714,openstreetmap-gb-extract,reference_agrees_within_50m,Cricketers,1 Grace Road,Leicester,LE2 8AD,52.608722686768,-1.1429779529571,10.1,https://camra.org.uk/pubs/173745,O,2026-09-11
401,castle|leicester: central|le1 5wh,England,Leicestershire,Castle,Leicester: Central,LE1 5WH,Guest,2026 Q3,H,,venue,52.6319266,-1.1402796,openstreetmap-gb-extract,reference_agrees_within_50m,Castle,8-9 Castle View,Leicester,LE1 5WH,52.6319,-1.14026,3.2,https://camra.org.uk/pubs/174347,O,2026-09-11
402,cherry tree|leicester: central|le1 4sx,England,Leicestershire,Cherry Tree,Leicester: Central,LE1 4SX,Perm,2026 Q3,H,,venue,52.6375451,-1.1358002,openstreetmap-gb-extract,reference_agrees_within_50m,Cherry Tree,43 East Bond Street,Leicester,LE1 4SX,52.637501,-1.135786,5.0,https://camra.org.uk/pubs/173738,O,2026-09-11
403,old horse|leicester: central|le2 1ne,England,Leicestershire,Old Horse,Leicester: Central,LE2 1NE,Guest,2026 Q2,H,,venue,52.62470131111112,-1.1155225555555555,openstreetmap-gb-extract,reference_agrees_within_50m,Old Horse,198 London Road,Leicester,LE2 1NE,52.624561309815,-1.1156220436096,17.0,https://camra.org.uk/pubs/173831,O,2026-09-11
404,1852 brewery co|leicester: south wigston|le18 2dh,England,Leicestershire,1852 Brewery Co,Leicester: South Wigston,LE18 2DH,Perm,2026 Q1,H,Quality warnings 2026 Q1,venue,52.581962,-1.12209,camra-pubs-location-audit,reference_agrees_within_50m,1852 Brewery Co,2 Station Road,Wigston,LE18 2DH,52.581962,-1.12209,0.0,https://camra.org.uk/pubs/174102,O,2026-09-11
405,oat|little bowden|le16 8an,England,Leicestershire,Oat,Little Bowden,LE16 8AN,Guest,2026 Q2,H,Quality warning (May 26),venue,52.476708,-0.911061,camra-pubs-location-audit,reference_agrees_within_50m,Oat Hill,31 Kettering Road,Market Harborough,LE16 8AN,52.476708,-0.911061,0.0,https://camra.org.uk/pubs/173960,O,2026-09-11
406,old inn|littlethorpe|le19 2hx,England,Leicestershire,Old Inn,Littlethorpe,LE19 2HX,Perm,2026 Q3,H,,venue,52.5678324,-1.2023056,openstreetmap-gb-extract,reference_agrees_within_50m,Old Inn,The Square,Littlethorpe,LE19 2HX,52.567756652832,-1.2023630142212,9.3,https://camra.org.uk/pubs/173949,O,2026-09-11
407,generous briton|loughborough|le11 3ab,England,Leicestershire,Generous Briton,Loughborough,LE11 3AB,Perm,2026 Q3,H,,venue,52.7724335,-1.2149555,openstreetmap-gb-extract,reference_agrees_within_50m,Generous Briton,85 Ashby Road,Loughborough,LE11 3AB,52.77241,-1.214863,6.7,https://camra.org.uk/pubs/171412,O,2026-09-11
408,needle and pin|loughborough|le11 5bg,England,Leicestershire,Needle and Pin,Loughborough,LE11 5BG,Guest,2026 Q3,H,"""Once every couple of months"" (July 2026)",venue,52.7734147,-1.2096309,google-maps-named-place,reference_agrees_within_50m_postcode_conflict,Needle & Pin,15 The Rushes,Loughborough,LE11 5BE,52.773433,-1.209595,3.2,https://camra.org.uk/pubs/171296,O,2026-09-11
409,peacock inn|loughborough|le11 1al,England,Leicestershire,Peacock Inn,Loughborough,LE11 1AL,Perm,2026 Q2,H,,venue,52.7687351,-1.2003766,openstreetmap-gb-extract,reference_agrees_within_50m,Peacock Inn,26 Factory Street,Loughborough,LE11 1AL,52.768784,-1.200382,5.4,https://camra.org.uk/pubs/171427,O,2026-09-11
410,white hart|loughborough|le11 1ud,England,Leicestershire,White Hart,Loughborough,LE11 1UD,Guest,2026 Q2,H,,venue,52.773713,-1.2046569,openstreetmap-gb-extract,reference_agrees_within_50m,White Hart,27 Churchgate,Loughborough,LE11 1UD,52.773685,-1.20461,4.4,https://camra.org.uk/pubs/171199,O,2026-09-11
411,fox|lutterworth|le17 4bn,England,Leicestershire,Fox,Lutterworth,LE17 4BN,Guest,2026 Q2,H,,venue,52.45286116,-1.2001671,openstreetmap-gb-extract,reference_agrees_within_50m,Fox,34 Rugby Road,Lutterworth,LE17 4BN,52.45284,-1.200121,3.9,https://camra.org.uk/pubs/148490,O,2026-09-11
412,unicorn|lutterworth|le17 4ae,England,Leicestershire,Unicorn,Lutterworth,LE17 4AE,Perm,2026 Q3,H,,venue,52.4554366,-1.201446,openstreetmap-gb-extract,reference_agrees_within_50m,Unicorn,29 Church Street,Lutterworth,LE17 4AE,52.45549,-1.201439,6.0,https://camra.org.uk/pubs/148476,O,2026-09-11
413,admiral nelson|market harborough|le16 9ax,England,Leicestershire,Admiral Nelson,Market Harborough,LE16 9AX,Perm,2026 Q2,H,,venue,52.477715644444444,-0.9275174333333334,openstreetmap-gb-extract,reference_agrees_within_50m,Admiral Nelson,49 Nelson Street,Market Harborough,LE16 9AX,52.477826,-0.927548,12.4,https://camra.org.uk/pubs/173883,O,2026-09-11
414,white hart|measham|de12 7lg,England,Leicestershire,White Hart,Measham,DE12 7LG,Perm,2026 Q2,H,,venue,52.7059,-1.5051,camra-and-fsa-location-audit,reference_agrees_within_50m,White Hart,13 Bosworth Road,Measham,DE12 7LG,52.7059,-1.5051,0.0,https://camra.org.uk/pubs/171205,O,2026-09-11
415,boat inn|melton mowbray|le13 1af,England,Leicestershire,Boat Inn,Melton Mowbray,LE13 1AF,Perm,2026 Q3,H,,venue,52.7622607,-0.8842746,openstreetmap-gb-extract,reference_agrees_within_50m,Boat,"57, Burton Street,",Melton Mowbray,LE13 1AF,52.762079736108,-0.88408712644002,23.7,https://camra.org.uk/pubs/192224,O,2026-09-11
416,crown|melton mowbray|le13 1ae,England,Leicestershire,Crown,Melton Mowbray,LE13 1AE,Guest,2026 Q2,H/J,,venue,52.76392536611,-0.88581306964545,camra-pubs-location-audit,reference_agrees_within_50m,Crown,"10, Burton Street",Melton Mowbray,LE13 1AE,52.76392536611,-0.88581306964545,0.0,https://camra.org.uk/pubs/192238,O,2026-09-11
417,railway inn|moira|de12 6dj,England,Leicestershire,Railway Inn,Moira,DE12 6DJ,Perm,2026 Q3,H,,venue,52.7376,-1.5332,camra-pubs-location-audit,reference_agrees_within_50m,Railway,31 Ashby Road,Moira,DE12 6DJ,52.7376,-1.5332,0.0,https://camra.org.uk/pubs/171207,O,2026-09-11
418,rawdon arms|moira|de12 6al,England,Leicestershire,Rawdon Arms,Moira,DE12 6AL,Perm,2026 Q1,H,,venue,52.7364909,-1.5349419,openstreetmap-gb-extract,reference_agrees_within_50m,Rawdon Arms,1 Shortheath Road,Moira,DE12 6AL,52.736535449407,-1.534924264526,5.1,https://camra.org.uk/pubs/171208,O,2026-09-11
419,cross keys|newbold coleorton|le67 8pj,England,Leicestershire,Cross Keys,Newbold Coleorton,LE67 8PJ,Perm,2026 Q2,H,,venue,52.7709,-1.4062,camra-pubs-location-audit,reference_agrees_within_50m,Cross Keys,9 Worthington Lane,Newbold Coleorton,LE67 8PJ,52.7709,-1.4062,0.0,https://camra.org.uk/pubs/171213,O,2026-09-11
420,gelsmoor|newbold coleorton|le67 8hp,England,Leicestershire,Gelsmoor,Newbold Coleorton,LE67 8HP,Guest,2025 Q4,H,,venue,52.761627847673,-1.402242960358,camra-pubs-location-audit,reference_agrees_within_50m,Gelsmoor,Rempstone Road,Griffydam,LE67 8HP,52.761627847673,-1.402242960358,0.0,https://camra.org.uk/pubs/171379,O,2026-09-11
421,belper arms|newton burgoland|le67 2se,England,Leicestershire,Belper Arms,Newton Burgoland,LE67 2SE,Perm,2026 Q1,H,,venue,52.6793604,-1.4561267,openstreetmap-gb-extract,reference_agrees_within_50m,Belper Arms,Main Street,Newton Burgoland,LE67 2SE,52.67933,-1.45625,9.0,https://camra.org.uk/pubs/181823,O,2026-09-11
422,royal british legion|oadby|le2 5qa,England,Leicestershire,Royal British Legion,Oadby,LE2 5QA,Perm,2026 Q1,H,,venue,52.5973603,-1.0808484,openstreetmap-gb-extract,reference_agrees_within_50m,Oadby Royal British Legion Club Ltd,4a Wigston Road,Oadby,LE2 5QA,52.597357,-1.080788,4.1,https://camra.org.uk/pubs/174223,O,2026-09-11
423,crown|old dalby|le14 3lf,England,Leicestershire,Crown,Old Dalby,LE14 3LF,Perm,2025 Q4,H,,venue,52.8081573,-1.0052999,food-standards-agency-fhrs,reference_agrees_within_50m,Crown Inn,Debdale Hill,Old Dalby,LE14 3LF,52.808137983255,-1.005145484627,10.6,https://camra.org.uk/pubs/118989,O,2026-09-11
424,new storey|osgathorpe|le12 9ta,England,Leicestershire,New Storey,Osgathorpe,LE12 9TA,Perm,2025 Q4,H,,venue,52.7709,-1.3697,camra-pubs-location-audit,reference_agrees_within_50m,New Storey,41 Main Street,Osgathorpe,LE12 9TA,52.7709,-1.3697,0.0,https://camra.org.uk/pubs/171216,O,2026-09-11
425,new inn|peggs green|le67 8je,England,Leicestershire,New Inn,Peggs Green,LE67 8JE,Perm,2025 Q4,J,,venue,52.7568,-1.39098,camra-pubs-location-audit,reference_agrees_within_50m,Kell's New Inn,Clay Lane,Peggs Green,LE67 8JE,52.7568,-1.39098,0.0,https://camra.org.uk/pubs/171220,O,2026-09-11
426,anchor|plungar|ng13 0jj,England,Leicestershire,Anchor,Plungar,NG13 0JJ,Perm,2025 Q4,H,,venue,52.8989,-0.860321,camra-pubs-location-audit,reference_agrees_within_50m,Anchor,1 Granby Lane,Plungar,NG13 0JJ,52.8989,-0.860321,0.0,https://camra.org.uk/pubs/118991,O,2026-09-11
427,apple tree|quorn|le12 8bu,England,Leicestershire,Apple Tree,Quorn,LE12 8BU,Perm,2026 Q2,H,,venue,52.7452116,-1.1662869,openstreetmap-gb-extract,reference_agrees_within_50m,Apple Tree,2 Stoop Lane,Quorn,LE12 8BU,52.745198,-1.166286,1.5,https://camra.org.uk/pubs/171221,O,2026-09-11
428,manor house|quorn|le12 8al,England,Leicestershire,Manor House,Quorn,LE12 8AL,Perm,2026 Q3,H,,venue,52.741721,-1.187223,camra-pubs-location-audit,reference_agrees_within_50m,Manor House,Woodhouse Road,Quorn,LE12 8AL,52.741721,-1.187223,0.0,https://camra.org.uk/pubs/171223,O,2026-09-11
429,gate inn|ratcliffe culey|cv9 3ny,England,Leicestershire,Gate Inn,Ratcliffe Culey,CV9 3NY,Perm,2026 Q2,H,,venue,52.59282,-1.51947,camra-pubs-location-audit,reference_agrees_within_50m,Gate,22 Main Road,Ratcliffe Culey,CV9 3NY,52.59282,-1.51947,0.0,https://camra.org.uk/pubs/181828,O,2026-09-11
430,windmill inn|redmile|ng13 0ga,England,Leicestershire,Windmill Inn,Redmile,NG13 0GA,Guest,2025 Q4,H,,venue,52.91067,-0.8145794,openstreetmap-gb-extract,reference_agrees_within_50m,Windmill,4 Main Street,Redmile,NG13 0GA,52.910646,-0.81459,2.8,https://camra.org.uk/pubs/118993,O,2026-09-11
431,woodmans stroke|rothley|le7 7pd,England,Leicestershire,Woodmans Stroke,Rothley,LE7 7PD,Perm,2026 Q3,H,,venue,52.7079698,-1.1352219,openstreetmap-gb-extract,reference_agrees_within_50m,Woodmans Stroke,1 Church Street,Rothley,LE7 7PD,52.708045,-1.135224,8.4,https://camra.org.uk/pubs/174052,O,2026-09-11
432,blue dog|sewstern|ng33 5rg,England,Leicestershire,Blue Dog,Sewstern,NG33 5RG,Perm,2025 Q4,H,,venue,52.7862037,-0.6840474,google-maps-named-place,no_unambiguous_reference,,,,,,,,,,2026-09-11
433,rising sun|shackerstone|cv13 6nn,England,Leicestershire,Rising Sun,Shackerstone,CV13 6NN,Perm,2025 Q4,H,,venue,52.656954715384614,-1.4472888846153846,openstreetmap-gb-extract,reference_agrees_within_50m,Rising Sun,Church Road,Shackerstone,CV13 6NN,52.65693,-1.44733,3.9,https://camra.org.uk/pubs/181830,O,2026-09-11
434,chandlers|shearsby|le17 6pl,England,Leicestershire,Chandlers,Shearsby,LE17 6PL,Perm,2026 Q3,H,,venue,52.511786,-1.082842,camra-pubs-location-audit,reference_agrees_within_50m,Chandlers Arms,Fenny Lane,Shearsby,LE17 6PL,52.511786,-1.082842,0.0,https://camra.org.uk/pubs/173888,O,2026-09-11
435,black swan|shepshed|le12 9dl,England,Leicestershire,Black Swan,Shepshed,LE12 9DL,Perm,2025 Q4,H,,venue,52.77327377142857,-1.2869552285714287,openstreetmap-gb-extract,reference_agrees_within_50m,Black Swan,21 Loughborough Road,Shepshed,LE12 9DL,52.773280528116,-1.286835570431,8.1,https://camra.org.uk/pubs/171233,O,2026-09-11
436,horse|shepshed|le12 9ef,England,Leicestershire,Horse,Shepshed,LE12 9EF,Perm,2026 Q3,H,,venue,52.7597,-1.30536,camra-pubs-location-audit,reference_agrees_within_50m,Horse,196 Ashby Road West,Shepshed,LE12 9EF,52.7597,-1.30536,0.0,https://camra.org.uk/pubs/171247,O,2026-09-11
437,horse and trumpet|sileby|le12 7lp,England,Leicestershire,Horse and Trumpet,Sileby,LE12 7LP,Perm,2026 Q3,H,,venue,52.7323,-1.1123,camra-and-fsa-location-audit,reference_agrees_within_50m,Horse & Trumpet,4 Barrow Road,Sileby,LE12 7LP,52.7323,-1.1123,0.0,https://camra.org.uk/pubs/171250,O,2026-09-11
438,tap house|smisby|le65 2ta,England,Leicestershire,Tap House,Smisby,LE65 2TA,Perm,2026 Q1,H,,venue,52.7603414,-1.4963651,openstreetmap-gb-extract,reference_agrees_within_50m,Tap House,Annwell Lane,Smisby,LE65 2TA,52.7603,-1.4963,6.4,https://camra.org.uk/pubs/124029,O,2026-09-11
439,three horseshoes|stoke golding|cv13 6he,England,Leicestershire,Three Horseshoes,Stoke Golding,CV13 6HE,Perm,2026 Q3,H,,venue,52.57097535,-1.4143622333333334,openstreetmap-gb-extract,reference_agrees_within_50m,Three Horseshoes,High Street,Stoke Golding,CV13 6HE,52.5709,-1.4142,13.8,https://camra.org.uk/pubs/181839,O,2026-09-11
440,robin hood|swannington|le67 8qq,England,Leicestershire,Robin Hood,Swannington,LE67 8QQ,Perm,2026 Q2,H,,venue,52.739,-1.3856,camra-pubs-location-audit,reference_agrees_within_50m,Robin Hood,2 Spring Lane,Swannington,LE67 8QQ,52.739,-1.3856,0.0,https://camra.org.uk/pubs/171254,O,2026-09-11
441,station inn|swannington|le67 8re,England,Leicestershire,Station Inn,Swannington,LE67 8RE,Guest,2026 Q1,H,,venue,52.7346,-1.3936,camra-and-fsa-location-audit,reference_agrees_within_50m,Station,6 Hough Hill,Swannington,LE67 8RE,52.7346,-1.3936,0.0,https://camra.org.uk/pubs/171255,O,2026-09-11
442,george and dragon|thringstone|le67 8uh,England,Leicestershire,George and Dragon,Thringstone,LE67 8UH,Guest,2026 Q2,H,,venue,52.759717,-1.374451,openstreetmap-gb-extract,reference_agrees_within_50m,George & Dragon,Ashby Road,Thringstone,LE67 8UH,52.759718911592,-1.374611357841,10.8,https://camra.org.uk/pubs/171257,O,2026-09-11
443,star|thrussington|le7 4uh,England,Leicestershire,Star,Thrussington,LE7 4UH,Guest,2026 Q1,H,,venue,52.7371,-1.04255,camra-pubs-location-audit,reference_agrees_within_50m,Star Inn,37 The Green,Thrussington,LE7 4UH,52.7371,-1.04255,0.0,https://camra.org.uk/pubs/171262,O,2026-09-11
444,swan|ullesthorpe|le17 5bt,England,Leicestershire,Swan,Ullesthorpe,LE17 5BT,Guest,2025 Q4,H,,venue,52.485147,-1.257309,camra-pubs-location-audit,reference_agrees_within_50m,Swan at Ullesthorpe (The),Main Street,Ullesthorpe,LE17 5BT,52.485147,-1.257309,0.0,https://camra.org.uk/pubs/174321,O,2026-09-11
445,black horse|walcote|le17 4ju,England,Leicestershire,Black Horse,Walcote,LE17 4JU,Perm,2026 Q2,H,,venue,52.4479998,-1.1644006,openstreetmap-gb-extract,reference_agrees_within_50m,Black Horse,25 Lutterworth Road,Walcote,LE17 4JU,52.448033,-1.16442,3.9,https://camra.org.uk/pubs/148441,O,2026-09-11
446,anchor inn|walton on the wolds|le12 8ht,England,Leicestershire,Anchor Inn,Walton on the Wolds,LE12 8HT,Perm,2026 Q3,H,,venue,52.7733,-1.1249,camra-and-fsa-location-audit,reference_agrees_within_50m,Anchor,2 Loughborough Road,Walton on the Wolds,LE12 8HT,52.7733,-1.1249,0.0,https://camra.org.uk/pubs/171263,O,2026-09-11
447,black horse|whitwick|le67 5dn,England,Leicestershire,Black Horse,Whitwick,LE67 5DN,Perm,2025 Q4,H,,venue,52.7411137,-1.3576448,openstreetmap-gb-extract,reference_agrees_within_50m,Black Horse,3 Church Lane,Whitwick,LE67 5DN,52.741180818614,-1.357671435165,7.7,https://camra.org.uk/pubs/171264,O,2026-09-11
448,man within compass|whitwick|le67 5as,England,Leicestershire,Man Within Compass,Whitwick,LE67 5AS,Perm,2026 Q2,H,,venue,52.74595308888889,-1.3505247555555555,openstreetmap-gb-extract,reference_agrees_within_50m,Man Within Compass,Loughborough Road,Whitwick,LE67 5AS,52.7459,-1.3505,6.1,https://camra.org.uk/pubs/171268,O,2026-09-11
449,three horseshoes (pollys)|whitwick|le67 5gn,England,Leicestershire,Three Horseshoes (Pollys),Whitwick,LE67 5GN,Perm,2026 Q1,H,,venue,52.740011107146,-1.352965300941,camra-pubs-location-audit,reference_agrees_within_50m,Three Horseshoes,11 Leicester Road,Whitwick,LE67 5GN,52.740011107146,-1.352965300941,0.0,https://camra.org.uk/pubs/171270,O,2026-09-11
450,old bulls head|woodhouse eaves|le12 8rz,England,Leicestershire,Old Bulls Head,Woodhouse Eaves,LE12 8RZ,Perm,2026 Q2,H,Quality warning (May 2026),venue,52.7284916,-1.2175912,openstreetmap-gb-extract,reference_agrees_within_50m,Old Bulls Head,134 Main Street,Woodhouse Eaves,LE12 8RZ,52.728627839991,-1.217566410065,15.2,https://camra.org.uk/pubs/171275,O,2026-09-11
451,three crowns|wymeswold|le12 6tz,England,Leicestershire,Three Crowns,Wymeswold,LE12 6TZ,Perm,2026 Q1,H,,venue,52.8063,-1.1088,camra-and-fsa-location-audit,reference_agrees_within_50m,Three Crowns,45 Far Street,Wymeswold,LE12 6TZ,52.8063,-1.1088,0.0,https://camra.org.uk/pubs/171278,O,2026-09-11
452,royal oak|aubourn|ln5 9dt,England,Lincolnshire,Royal Oak,Aubourn,LN5 9DT,Guest,2026 Q2,H,,venue,53.1536842,-0.6183812,openstreetmap-gb-extract,reference_agrees_within_50m,Royal Oak,Royal Oak Lane,Aubourn,LN5 9DT,53.153675410752,-0.61840574205019,1.9,https://camra.org.uk/pubs/191694,O,2026-09-11
453,five horseshoes|barholm|pe9 4ra,England,Lincolnshire,Five Horseshoes,Barholm,PE9 4RA,Perm,2026 Q2,H,,venue,52.68451105625,-0.390759575,openstreetmap-gb-extract,reference_agrees_within_50m,Five Horseshoes,,Barholm,PE9 4RA,52.684575,-0.390959,15.2,https://camra.org.uk/pubs/157531,O,2026-09-11
454,five bells|bassingham|ln5 9jz,England,Lincolnshire,Five Bells,Bassingham,LN5 9JZ,Perm,2026 Q3,H,,venue,53.1305037,-0.6383974,openstreetmap-gb-extract,reference_agrees_within_50m,Five Bells,17 High Street,Bassingham,LN5 9JZ,53.130544279244,-0.63833092855836,6.3,https://camra.org.uk/pubs/192023,O,2026-09-11
455,red lion|broughton|dn20 0hy,England,Lincolnshire,Red Lion,Broughton,DN20 0HY,Guest,2026 Q2,H,,venue,53.566,-0.550787,camra-pubs-location-audit,reference_agrees_within_50m,Red Lion,45 High Street,Broughton,DN20 0HY,53.566,-0.550787,0.0,https://camra.org.uk/pubs/150588,O,2026-09-11
456,white hart|burgh le marsh|pe24 5jl,England,Lincolnshire,White Hart,Burgh Le Marsh,PE24 5JL,Perm,2026 Q1,H,,venue,53.161786,0.243325,food-standards-agency-fhrs,reference_agrees_within_50m,White Hart Hotel,21 High Street,Burgh le Marsh,PE24 5JL,53.161598205566,0.2430810034275,26.5,https://camra.org.uk/pubs/168258,O,2026-09-11
457,yarborough hunt|brigg|dn20 8ns,England,Lincolnshire,Yarborough Hunt,Brigg,DN20 8NS,Guest,2025 Q4,H,,venue,53.55152245,-0.4954730666666667,openstreetmap-gb-extract,reference_agrees_within_50m,Yarborough Hunt,49 Bridge Street,Brigg,DN20 8NS,53.55154,-0.495443,2.8,https://camra.org.uk/pubs/150582,O,2026-09-11
458,no 1 pub|cleethorpes|dn35 8ax,England,Lincolnshire,No 1 Pub,Cleethorpes,DN35 8AX,Perm,2026 Q3,H,,venue,53.562574,-0.030195,camra-pubs-location-audit,reference_agrees_within_50m,No.1 Pub,Railway Station Approach,Cleethorpes,DN35 8AX,53.562574,-0.030195,0.0,https://camra.org.uk/pubs/173035,O,2026-09-11
459,signal box|cleethorpes|dn35 0ag,England,Lincolnshire,Signal Box,Cleethorpes,DN35 0AG,Guest,2026 Q3,H,,venue,53.54342,-0.009809,camra-pubs-location-audit,reference_agrees_within_50m,Signal Box Inn,"Lakeside Station,King's Road",Cleethorpes,DN35 0AG,53.54342,-0.009809,0.0,https://camra.org.uk/pubs/173053,O,2026-09-11
460,tempest arms|coleby|ln5 0ag,England,Lincolnshire,Tempest Arms,Coleby,LN5 0AG,Perm,2026 Q3,H,,venue,53.131313,-0.543641,camra-pubs-location-audit,reference_agrees_within_50m,Tempest Arms,High Street,Coleby,LN5 0AG,53.131313,-0.543641,0.0,https://camra.org.uk/pubs/191829,O,2026-09-11
461,crown|glentham|ln8 2eq,England,Lincolnshire,Crown,Glentham,LN8 2EQ,Guest,2026 Q2,H,,venue,53.3999,-0.493501,camra-pubs-location-audit,reference_agrees_within_50m,Crown Inn,High Street,Glentham,LN8 2EQ,53.3999,-0.493501,0.0,https://camra.org.uk/pubs/150989,O,2026-09-11
462,beehive|grantham|ng31 6se,England,Lincolnshire,Beehive,Grantham,NG31 6SE,Perm,2025 Q4,H,,venue,52.912267,-0.640678,food-standards-agency-fhrs,reference_agrees_within_50m,Beehive,10-11 Castlegate,Grantham,NG31 6SE,52.9123,-0.6405,12.5,https://camra.org.uk/pubs/176520,O,2026-09-11
463,nobody inn|grantham|ng31 6nu,England,Lincolnshire,Nobody Inn,Grantham,NG31 6NU,Guest,2026 Q1,H,,venue,52.91516721428572,-0.6446891,openstreetmap-gb-extract,reference_agrees_within_50m,Nobody Inn,9 North Street,Grantham,NG31 6NU,52.915,-0.6444,26.9,https://camra.org.uk/pubs/176506,O,2026-09-11
464,barge|grimsby|dn31 1nh,England,Lincolnshire,Barge,Grimsby,DN31 1NH,Perm,2026 Q3,H,Confirmed perm Aug 26,venue,53.56632,-0.083209,camra-pubs-location-audit,reference_agrees_within_50m,Barge,Victoria Street,Grimsby,DN31 1NH,53.56632,-0.083209,0.0,https://camra.org.uk/pubs/173205,O,2026-09-11
465,duke of wellington|grimsby|dn31 1qd,England,Lincolnshire,Duke of Wellington,Grimsby,DN31 1QD,Guest,2026 Q1,H,,venue,53.56608201,-0.08036659,openstreetmap-gb-extract,reference_agrees_within_50m,Duke of Wellington,Pasture Street,Grimsby,DN31 1QD,53.566102,-0.080252,7.9,https://camra.org.uk/pubs/173106,O,2026-09-11
466,hope and anchor|grimsby|dn31 1nx,England,Lincolnshire,Hope and Anchor,Grimsby,DN31 1NX,Guest,2026 Q1,H,,venue,53.5664225,-0.0814007,openstreetmap-gb-extract,reference_agrees_within_50m,Hope & Anchor,148 Victoria Street,Grimsby,DN31 1NX,53.566447,-0.081402,2.7,https://camra.org.uk/pubs/173125,O,2026-09-11
467,rose and crown|grimsby: scartho|dn33 2hr,England,Lincolnshire,Rose and Crown,Grimsby: Scartho,DN33 2HR,Guest,2026 Q1,H,,venue,53.5364103,-0.08970504761904763,openstreetmap-gb-extract,reference_agrees_within_50m,Rose & Crown,Louth Road,Scartho,DN33 2HR,53.536362,-0.089709,5.4,https://camra.org.uk/pubs/173163,O,2026-09-11
468,bell|halton holegate|pe23 5ny,England,Lincolnshire,Bell,Halton Holegate,PE23 5NY,Guest,2026 Q1,H,"""Regular guest beer""",venue,53.1652169,0.1178604,openstreetmap-gb-extract,reference_agrees_within_50m_postcode_conflict,Bell Inn,Spilsby Road,Halton Holegate,PE23 5PA,53.165154,0.117821,7.5,https://camra.org.uk/pubs/167970,O,2026-09-11
469,nags head|keelby|dn41 8ef,England,Lincolnshire,Nags Head,Keelby,DN41 8EF,Guest,2026 Q1,H,,venue,53.574179,-0.245115,camra-pubs-location-audit,reference_agrees_within_50m,Nag's Head,8 Manor Street,Keelby,DN41 8EF,53.574179,-0.245115,0.0,https://camra.org.uk/pubs/173243,O,2026-09-11
470,golden eagle|lincoln|ln5 8bd,England,Lincolnshire,Golden Eagle,Lincoln,LN5 8BD,Guest,2026 Q1,H,,venue,53.2164605,-0.5459852,openstreetmap-gb-extract,reference_agrees_within_50m,Golden Eagle,21 High Street,Lincoln,LN5 8BD,53.216404382772,-0.54600333254086,6.4,https://camra.org.uk/pubs/192042,O,2026-09-11
471,strugglers|lincoln|ln1 3bg,England,Lincolnshire,Strugglers,Lincoln,LN1 3BG,Guest,2025 Q4,H,,venue,53.2361715,-0.5425016,food-standards-agency-fhrs,reference_agrees_within_50m,Strugglers Inn,83 Westgate,Lincoln,LN1 3BG,53.236268667921,-0.54241745648346,12.2,https://camra.org.uk/pubs/191754,O,2026-09-11
472,tower hotel|lincoln|ln1 3bd,England,Lincolnshire,Tower Hotel,Lincoln,LN1 3BD,Guest,2025 Q4,H,,venue,53.23619353125,-0.54077479375,openstreetmap-gb-extract,reference_agrees_within_50m,Tower Hotel,38 Westgate,Lincoln,LN1 3BD,53.2360828,-0.5407833,12.3,https://camra.org.uk/pubs/191761,O,2026-09-11
473,royal oak|little cawthorpe|ln11 8lz,England,Lincolnshire,Royal Oak,Little Cawthorpe,LN11 8LZ,Guest,2026 Q2,H,,venue,53.3356973,0.0391978,openstreetmap-gb-extract,reference_agrees_within_50m,Royal Oak Inn (Splash),Watery Lane,Little Cawthorpe,LN11 8LZ,53.335649279706,0.039295112442,8.4,https://camra.org.uk/pubs/172428,O,2026-09-11
474,boars head|louth|ln11 9hh,England,Lincolnshire,Boars Head,Louth,LN11 9HH,Guest,2026 Q2,H,,venue,53.36371501764705,-0.002922429411764706,openstreetmap-gb-extract,reference_agrees_within_50m,Boars Head,12 Newmarket,Louth,LN11 9HH,53.36377087,-0.002966736,6.9,https://camra.org.uk/pubs/172386,O,2026-09-11
475,cobbles bar|louth|ln11 9pu,England,Lincolnshire,Cobbles Bar,Louth,LN11 9PU,Guest,2026 Q2,H,,venue,53.36677526363637,-0.005159718181818182,openstreetmap-gb-extract,reference_agrees_within_50m,Cobbles Bar,2 New Street,Louth,LN11 9PU,53.36651614,-0.005186264,28.9,https://camra.org.uk/pubs/172376,O,2026-09-11
476,olde whyte swanne|louth|ln11 9np,England,Lincolnshire,Olde Whyte Swanne,Louth,LN11 9NP,Perm,2026 Q2,H,,venue,53.367228,-0.003904,food-standards-agency-fhrs,reference_agrees_within_50m,Olde Whyte Swanne,45 Eastgate,Louth,LN11 9NP,53.367106,-0.0041,18.8,https://camra.org.uk/pubs/172420,O,2026-09-11
477,wheatsheaf|louth|ln11 9yd,England,Lincolnshire,Wheatsheaf,Louth,LN11 9YD,Perm,2026 Q2,H,,venue,53.3664457,-0.0093461,openstreetmap-gb-extract,reference_agrees_within_50m,Wheatsheaf,62 Westgate,Louth,LN11 9YD,53.3663733,-0.009323571,8.2,https://camra.org.uk/pubs/172388,O,2026-09-11
478,white horse inn|louth|ln11 8eg,England,Lincolnshire,White Horse Inn,Louth,LN11 8EG,Perm,2026 Q2,H,,venue,53.358595025,0.006898958333333333,openstreetmap-gb-extract,reference_agrees_within_50m,White Horse Inn,24 Kenwick Road,Louth,LN11 8EG,53.35859,0.007,6.7,https://camra.org.uk/pubs/172419,O,2026-09-11
479,vine|market deeping|pe6 8an,England,Lincolnshire,Vine,Market Deeping,PE6 8AN,Guest,2026 Q1,H,,venue,52.677588,-0.319296,camra-pubs-location-audit,reference_agrees_within_50m,Vine Inn,19 Church Street,Market Deeping,PE6 8AN,52.677588,-0.319296,0.0,https://camra.org.uk/pubs/157272,O,2026-09-11
480,black horse|nettleham|ln2 2nx,England,Lincolnshire,Black Horse,Nettleham,LN2 2NX,Guest,2026 Q3,H,,venue,53.2662048,-0.4889916,openstreetmap-gb-extract,reference_agrees_within_50m,Black Horse,Chapel Lane,Nettleham,LN2 2NX,53.266314226814,-0.48903806123803,12.6,https://camra.org.uk/pubs/191797,O,2026-09-11
481,bottle and glass|normanby|ln8 2he,England,Lincolnshire,Bottle and Glass,Normanby,LN8 2HE,Perm,2026 Q2,H,,venue,53.379045999533,-0.49631071163935,camra-pubs-location-audit,reference_agrees_within_50m,Bottle & Glass,Main Street,Normanby By Spital,LN8 2HE,53.379045999533,-0.49631071163935,0.0,https://camra.org.uk/pubs/191802,O,2026-09-11
482,new inn|north thoresby|dn36 5qs,England,Lincolnshire,New Inn,North Thoresby,DN36 5QS,Guest,2026 Q2,H,,venue,53.4680288,-0.0416586,openstreetmap,reference_agrees_within_50m,New Inn,Station Road,North Thoresby,DN36 5QS,53.467973,-0.0417,6.8,https://camra.org.uk/pubs/173270,O,2026-09-11
483,fox and hounds|reepham|ln3 4dn,England,Lincolnshire,Fox and Hounds,Reepham,LN3 4DN,Guest,2026 Q1,H,,venue,53.2509368,-0.4418265,openstreetmap-gb-extract,reference_agrees_within_50m,Fox & Hounds,Station Road,Reepham,LN3 4DN,53.2510865,-0.4417269,17.9,https://camra.org.uk/pubs/191813,O,2026-09-11
484,dambusters|scampton|ln1 2sd,England,Lincolnshire,Dambusters,Scampton,LN1 2SD,Guest,2025 Q4,H,,venue,53.301701234865,-0.57235232548828,camra-pubs-location-audit,reference_agrees_within_50m,Dambusters Inn,23 High Street,Scampton,LN1 2SD,53.301701234865,-0.57235232548828,0.0,https://camra.org.uk/pubs/191819,O,2026-09-11
485,rose and crown|scartho|dn33 2hr,England,Lincolnshire,Rose and Crown,Scartho,DN33 2HR,Guest,2026 Q2,H,,venue,53.5364103,-0.08970504761904763,openstreetmap-gb-extract,reference_agrees_within_50m,Rose & Crown,Louth Road,Scartho,DN33 2HR,53.536362,-0.089709,5.4,https://camra.org.uk/pubs/173163,O,2026-09-11
486,scartho bowling club (pmc)|scartho|dn33 2nd,England,Lincolnshire,Scartho Bowling Club (PMC),Scartho,DN33 2ND,Guest,2025 Q4,H,,venue,53.536101554982,-0.091888576363,camra-pubs-location-audit,reference_agrees_within_50m,Scartho Bowling Club,47A Waltham Rd,Scartho,DN33 2ND,53.536101554982,-0.091888576363,0.0,https://camra.org.uk/pubs/199651,O,2026-09-11
487,crafty local ale house|skegness|pe25 2ah,England,Lincolnshire,Crafty Local Ale House,Skegness,PE25 2AH,Guest,2026 Q1,H,,venue,53.1436908,0.3389351,food-standards-agency-fhrs,reference_agrees_within_50m,Crafty Local Ale House,7 Lumley Avenue,Skegness,PE25 2AH,53.143661500582,0.339228095198,19.8,https://camra.org.uk/pubs/197444,O,2026-09-11
488,carre arms hotel|sleaford|ng34 7jp,England,Lincolnshire,Carre Arms Hotel,Sleaford,NG34 7JP,Perm,2026 Q2,H,,venue,52.995098114014,-0.40748700499535,camra-pubs-location-audit,reference_agrees_within_50m,Carre Arms Hotel,1 Mareham Lane,Sleaford,NG34 7JP,52.995098114014,-0.40748700499535,0.0,https://camra.org.uk/pubs/168221,O,2026-09-11
489,hole in the wall|spalding|pe11 1at,England,Lincolnshire,Hole in the Wall,Spalding,PE11 1AT,Guest,2026 Q3,H,,venue,52.786323,-0.1515,camra-pubs-location-audit,reference_agrees_within_50m,Hole in the Wall,9 Francis Street,Spalding,PE11 1AT,52.786323,-0.1515,0.0,https://camra.org.uk/pubs/168237,O,2026-09-11
490,red lion|spalding|pe11 1su,England,Lincolnshire,Red Lion,Spalding,PE11 1SU,Perm,2026 Q3,H,,venue,52.787243,-0.1514436,openstreetmap-gb-extract,reference_agrees_within_50m,Red Lion Hotel,Market Place,Spalding,PE11 1SU,52.787300109863,-0.15109999477863,24.0,https://camra.org.uk/pubs/168245,O,2026-09-11
491,green man|stamford|pe9 2yq,England,Lincolnshire,Green Man,Stamford,PE9 2YQ,Perm,2026 Q2,H,,venue,52.6530665,-0.4855943,openstreetmap-gb-extract,reference_agrees_within_50m,Green Man,29 Scotgate,Stamford,PE9 2YQ,52.653199,-0.485549,15.0,https://camra.org.uk/pubs/157445,O,2026-09-11
492,beach bar|sutton-on-sea|ln12 2et,England,Lincolnshire,Beach Bar,Sutton-on-Sea,LN12 2ET,Perm,2026 Q2,H,,venue,53.31501516875,0.2829473125,openstreetmap-gb-extract,reference_agrees_within_50m,Beach Bar,High Street,Sutton on Sea,LN12 2ET,53.31497,0.282953,5.0,https://camra.org.uk/pubs/172398,O,2026-09-11
493,sutton social club (pmc)|sutton-on-sea|ln12 2lt,England,Lincolnshire,Sutton Social Club (PMC),Sutton-on-Sea,LN12 2LT,Perm,2026 Q1,H,,venue,53.315897671283,0.281833705696,camra-pubs-location-audit,reference_agrees_within_50m,Sutton Social Club,"Sunnyholme, 10 Trusthorpe Road",Sutton on Sea,LN12 2LT,53.315897671283,0.281833705696,0.0,https://camra.org.uk/pubs/172439,O,2026-09-11
494,crown and anchor|tetney lock|dn36 5uw,England,Lincolnshire,Crown and Anchor,Tetney Lock,DN36 5UW,Guest,2026 Q3,H,"""on regularly"" Oct 25",venue,53.4986021,0.0221183,openstreetmap-gb-extract,reference_agrees_within_50m,Crown & Anchor,Lock Road,Tetney Lock,DN36 5UW,53.498608,0.02206,3.9,https://camra.org.uk/pubs/173257,O,2026-09-11
495,railway inn|thorpe on the hill|ln6 9bs,England,Lincolnshire,Railway Inn,Thorpe on the Hill,LN6 9BS,Guest,2026 Q3,H,,venue,53.1873789,-0.6515998,openstreetmap-gb-extract,reference_agrees_within_50m,Railway Inn,Station Road,Thorpe On The Hill,LN6 9BS,53.187365229682,-0.65156247885136,2.9,https://camra.org.uk/pubs/191834,O,2026-09-11
496,red lion|wellingore|ln5 0hw,England,Lincolnshire,Red Lion,Wellingore,LN5 0HW,Guest,2026 Q1,H,,venue,53.098451014285715,-0.5332378857142858,openstreetmap-gb-extract,reference_agrees_within_50m,Red Lion,High Street,Wellingore,LN5 0HW,53.098460767,-0.53325794246674,1.7,https://camra.org.uk/pubs/191847,O,2026-09-11
497,carpenters arms|westwoodside|dn9 2at,England,Lincolnshire,Carpenters Arms,Westwoodside,DN9 2AT,Guest,2026 Q3,H,,venue,53.4890545,-0.8682624,openstreetmap-gb-extract,reference_agrees_within_50m,Carpenter's Arms,Newbigg,Westwoodside,DN9 2AT,53.48907,-0.86813,8.9,https://camra.org.uk/pubs/145755,O,2026-09-11
498,george inn|winterton|dn15 9pt,England,Lincolnshire,George Inn,Winterton,DN15 9PT,Perm,2026 Q2,H,,venue,53.655144,-0.5973679,food-standards-agency-fhrs,reference_agrees_within_50m,George Inn,26 Market Street,Winterton,DN15 9PT,53.6547,-0.597482,49.9,https://camra.org.uk/pubs/150815,O,2026-09-11
499,lancaster inn|woodhall spa|ln10 6st,England,Lincolnshire,Lancaster Inn,Woodhall Spa,LN10 6ST,Guest,2026 Q1,H,,venue,53.1518516,-0.2141953,google-maps-and-official-address,no_unambiguous_reference,,,,,,,,,,2026-09-11
500,ivy|wragby|ln8 5qu,England,Lincolnshire,Ivy,Wragby,LN8 5QU,Perm,2026 Q2,H,,venue,53.286808071428574,-0.3036491571428571,openstreetmap-gb-extract,reference_agrees_within_50m,The Ivy,"Market Place, Wragby",Wragby,LN8 5QU,53.286779967763,-0.30355525396726,7.0,https://camra.org.uk/pubs/191858,O,2026-09-11
501,hand and shears|barbican ec1a|ec1a 7ja,England,Greater London,Hand and Shears,Barbican EC1A,EC1A 7JA,Perm,2026 Q2,H,,venue,51.51933508571428,-0.09879905714285715,openstreetmap-gb-extract,reference_agrees_within_50m,Hand & Shears,1 Middle Street,London,EC1A 7JA,51.519331,-0.098823,1.7,https://camra.org.uk/pubs/156248,O,2026-09-11
502,toby carvery|beckenham br3|br3 3hq,England,Greater London,Toby Carvery,Beckenham BR3,BR3 3HQ,Guest,2026 Q1,H,,venue,51.3898643,-0.0274306,food-standards-agency-fhrs,no_unambiguous_reference,,,,,,,,,,2026-09-11
503,washington|belsize park nw3|nw3 4ue,England,Greater London,Washington,Belsize Park NW3,NW3 4UE,Perm,2026 Q1,H,,venue,51.54570215454546,-0.16280246363636364,openstreetmap-gb-extract,reference_agrees_within_50m,Washington,50 Englands Lane,Belsize Park,NW3 4UE,51.545643,-0.162831,6.9,https://camra.org.uk/pubs/125284,O,2026-09-11
504,kings arms|bethnal green e2|e2 6ey,England,Greater London,Kings Arms,Bethnal Green E2,E2 6EY,Guest,2026 Q3,H,"""rotation; every few months or so""",venue,51.52569221666667,-0.06575088333333333,openstreetmap-gb-extract,reference_agrees_within_50m,Kings Arms,11a Buckfast Street,Bethnal Green,E2 6EY,51.525732,-0.06582,6.5,https://camra.org.uk/pubs/155529,O,2026-09-11
505,black friar|blackfriars ec4v|ec4v 4eg,England,Greater London,Black Friar,Blackfriars EC4V,EC4V 4EG,Perm,2026 Q2,H,,venue,51.51214830714286,-0.10364971428571428,openstreetmap-gb-extract,reference_agrees_within_50m,Black Friar,174 Queen Victoria Street,London,EC4V 4EG,51.512112307297,-0.10371917791,6.3,https://camra.org.uk/pubs/156696,O,2026-09-11
506,railway|blackheath se3|se3 9le,England,Greater London,Railway,Blackheath SE3,SE3 9LE,Perm,2026 Q1,H,,venue,51.46542478571428,0.008900742857142858,openstreetmap-gb-extract,reference_agrees_within_50m,Railway,16 Blackheath Village,Blackheath,SE3 9LE,51.465448,0.008951,4.3,https://camra.org.uk/pubs/158751,O,2026-09-11
507,royal standard|blackheath se3|se3 7jq,England,Greater London,Royal Standard,Blackheath SE3,SE3 7JQ,Guest,2026 Q3,H,,venue,51.4767777,0.0187041,openstreetmap-gb-extract,reference_agrees_within_50m,Royal Standard,44 Vanbrugh Park,Blackheath,SE3 7JQ,51.476833495288,0.01881546627,9.9,https://camra.org.uk/pubs/158748,O,2026-09-11
508,lord clyde|borough se1|se1 1er,England,Greater London,Lord Clyde,Borough SE1,SE1 1ER,Perm,2026 Q2,H,,venue,51.50280138888889,-0.0955941,openstreetmap-gb-extract,reference_agrees_within_50m,Lord Clyde,27 Clennam Street,London,SE1 1ER,51.502779,-0.095557,3.6,https://camra.org.uk/pubs/158358,O,2026-09-11
509,ship|borough se1|se1 1dx,England,Greater London,Ship,Borough SE1,SE1 1DX,Guest,2026 Q3,H,,venue,51.49945119,-0.09673773,openstreetmap-gb-extract,reference_agrees_within_50m,Ship,68 Borough Road,London,SE1 1DX,51.499449800355,-0.096712423279,1.8,https://camra.org.uk/pubs/158357,O,2026-09-11
510,express tavern|brentford tw8|tw8 0ew,England,Greater London,Express Tavern,Brentford TW8,TW8 0EW,Perm,2026 Q3,H,,venue,51.489106514285716,-0.2879025142857143,openstreetmap-gb-extract,reference_agrees_within_50m,Express Tavern,56 Kew Bridge Road,Brentford,TW8 0EW,51.4891,-0.287932,2.2,https://camra.org.uk/pubs/121706,O,2026-09-11
511,crown tavern|clerkenwell ec1r|ec1r 0eg,England,Greater London,Crown Tavern,Clerkenwell EC1R,EC1R 0EG,Guest,2026 Q1,H,,venue,51.5231701,-0.10524115999999999,openstreetmap-gb-extract,not_yet_checked,,,,,,,,,,
512,white hart|crystal palace se19|se19 2ez,England,Greater London,White Hart,Crystal Palace SE19,SE19 2EZ,Perm,2026 Q3,H,,venue,51.41717708181818,-0.08139892727272727,openstreetmap-gb-extract,reference_agrees_within_50m,White Hart,96 Church Road,Upper Norwood,SE19 2EZ,51.417101,-0.081367,8.7,https://camra.org.uk/pubs/141611,O,2026-09-11
513,park tavern|eltham se9|se9 5da,England,Greater London,Park Tavern,Eltham SE9,SE9 5DA,Guest,2025 Q4,H,,venue,51.44974435,0.054378975,openstreetmap-gb-extract,reference_agrees_within_50m,Park Tavern,45 Passey Place,Eltham,SE9 5DA,51.449760780117,0.054316192625,4.7,https://camra.org.uk/pubs/158814,O,2026-09-11
514,castle|farringdon ec1m|ec1m 6db,England,Greater London,Castle,Farringdon EC1M,EC1M 6DB,Guest,2026 Q1,H,,venue,51.5202193,-0.1041739,openstreetmap-gb-extract,reference_agrees_within_50m,Castle,34-35 Cowcross Street,London,EC1M 6DB,51.520241724336,-0.104283148479,8.0,https://camra.org.uk/pubs/156309,O,2026-09-11
515,jackalope|fitzrovia w1g|w1g 7eq,England,Greater London,Jackalope,Fitzrovia W1G,W1G 7EQ,Guest,2026 Q1,H,,venue,51.520054637499996,-0.14620465,openstreetmap-gb-extract,reference_agrees_within_50m,Jackalope,43 Weymouth Mews,London,W1G 7EQ,51.52012,-0.146125,9.1,https://camra.org.uk/pubs/128936,O,2026-09-11
516,green man|fitzrovia w1w|w1w 7ep,England,Greater London,Green Man,Fitzrovia W1W,W1W 7EP,Guest,2026 Q2,H,,venue,51.51893574,-0.13948554,openstreetmap-gb-extract,reference_agrees_within_50m,Green Man,36 Riding House Street,London,W1W 7EP,51.519003,-0.13955,8.7,https://camra.org.uk/pubs/129259,O,2026-09-11
517,gipsy moth|greenwich se10|se10 9bl,England,Greater London,Gipsy Moth,Greenwich SE10,SE10 9BL,Guest,2026 Q3,H,,venue,51.4822685,-0.0097961,openstreetmap-gb-extract,reference_agrees_within_50m,Gipsy Moth,60 Greenwich Church Street,Greenwich,SE10 9BL,51.482348088682,-0.009762262566,9.2,https://camra.org.uk/pubs/158494,O,2026-09-11
518,observatory|greenwich north se10|se10 0dy,England,Greater London,Observatory,Greenwich North SE10,SE10 0DY,Guest,2025 Q4,H,,venue,51.504131372727265,0.0033915272727272727,openstreetmap-gb-extract,reference_agrees_within_50m,Observatory,"31 Entertainment Avenue, The O2",Greenwich,SE10 0DY,51.5043623945,0.003586591263,29.0,https://camra.org.uk/pubs/159740,O,2026-09-11
519,swan|hammersmith w6|w6 0dz,England,Greater London,Swan,Hammersmith W6,W6 0DZ,Guest,2025 Q4,H,,venue,51.4930712875,-0.2250107375,openstreetmap-gb-extract,reference_agrees_within_50m,Swan,46 Hammersmith Broadway,Hammersmith,W6 0DZ,51.493075,-0.225022,0.9,https://camra.org.uk/pubs/128688,O,2026-09-11
520,fox|hanwell w7|w7 2pj,England,Greater London,Fox,Hanwell W7,W7 2PJ,Perm,2026 Q2,H,,venue,51.5042436,-0.3433342,openstreetmap-gb-extract,reference_agrees_within_50m,Fox,Green Lane,Hanwell,W7 2PJ,51.50427,-0.34344,7.9,https://camra.org.uk/pubs/164342,O,2026-09-11
521,duke of st albans|highgate nw5|nw5 1qx,England,Greater London,Duke of St Albans,Highgate NW5,NW5 1QX,Guest,2026 Q1,H,,venue,51.5614305,-0.1504467,openstreetmap-gb-extract,reference_agrees_within_50m,Duke Of St Albans,Highgate Road,Kentish Town,NW5 1QX,51.5614,-0.1503,10.7,https://camra.org.uk/pubs/125303,O,2026-09-11
522,winchester|highgate n6|n6 5ba,England,Greater London,Winchester,Highgate N6,N6 5BA,Perm,2026 Q2,H,,venue,51.573652433333336,-0.14085838333333334,openstreetmap-gb-extract,reference_agrees_within_50m,Winchester,206 Archway Road,Highgate,N6 5BA,51.5735,-0.1409,17.2,https://camra.org.uk/pubs/124861,O,2026-09-11
523,macbeth|hoxton n1|n1 6lp,England,Greater London,Macbeth,Hoxton N1,N1 6LP,Perm,2026 Q2,H,,venue,51.5301253,-0.0800851,openstreetmap-gb-extract,reference_agrees_within_50m,Macbeth,70 Hoxton Street,London,N1 6LP,51.53054,-0.07999,46.6,https://camra.org.uk/pubs/124732,O,2026-09-11
524,compton arms|islington n1|n1 2xd,England,Greater London,Compton Arms,Islington N1,N1 2XD,Guest,2026 Q3,H,,venue,51.5436556,-0.1020128,openstreetmap-gb-extract,reference_agrees_within_50m,Compton Arms,4 Compton Avenue,London,N1 2XD,51.54364,-0.10205,3.1,https://camra.org.uk/pubs/124680,O,2026-09-11
525,hen and chickens|islington n1|n1 2na,England,Greater London,Hen and Chickens,Islington N1,N1 2NA,Guest,2026 Q1,H,,venue,51.54597,-0.10205,camra-pubs-location-audit,reference_agrees_within_50m,Hen & Chickens,109 St Pauls Road,London,N1 2NA,51.54597,-0.10205,0.0,https://camra.org.uk/pubs/124673,O,2026-09-11
526,island queen|islington n1|n1 8hd,England,Greater London,Island Queen,Islington N1,N1 8HD,Guest,2026 Q3,H,,venue,51.53320993999999,-0.09840042,openstreetmap-gb-extract,reference_agrees_within_50m,Island Queen,87 Noel Road,London,N1 8HD,51.5332,-0.0981172,19.6,https://camra.org.uk/pubs/124757,O,2026-09-11
527,drayton arms|kensington sw5|sw5 0lj,England,Greater London,Drayton Arms,Kensington SW5,SW5 0LJ,Guest,2025 Q4,H,,venue,51.49063706875,-0.1833828125,openstreetmap-gb-extract,reference_agrees_within_50m,Drayton Arms,153 Old Brompton Road,South Kensington,SW5 0LJ,51.490678539456,-0.183233767748,11.3,https://camra.org.uk/pubs/129024,O,2026-09-11
528,mall tavern|kensington w8|w8 4ru,England,Greater London,Mall Tavern,Kensington W8,W8 4RU,Guest,2026 Q1,H,,venue,51.50845503076923,-0.19396738461538462,openstreetmap-gb-extract,reference_agrees_within_50m,Mall Tavern,71-73 Palace Gardens Terrace,Kensington,W8 4RU,51.508514,-0.193866,9.6,https://camra.org.uk/pubs/129312,O,2026-09-11
529,bear and staff|leicester square wc2h|wc2h 7ax,England,Greater London,Bear and Staff,Leicester Square WC2H,WC2H 7AX,Guest,2025 Q4,H,,venue,51.510844025,-0.1286616625,openstreetmap-gb-extract,reference_agrees_within_50m,Bear & Staff,10-12 Bear Street,London,WC2H 7AX,51.510867,-0.128601,4.9,https://camra.org.uk/pubs/128765,O,2026-09-11
530,rake|london bridge se1|se1 9ag,England,Greater London,Rake,London Bridge SE1,SE1 9AG,Guest,2025 Q4,H,,venue,51.50619508571429,-0.09125877142857143,openstreetmap-gb-extract,reference_agrees_within_50m,Rake,14 Winchester Walk,London,SE1 9AG,51.506202190643,-0.091254317791,0.8,https://camra.org.uk/pubs/158458,O,2026-09-11
531,williamsons tavern|mansion house ec4m|ec4m 9eh,England,Greater London,Williamsons Tavern,Mansion House EC4M,EC4M 9EH,Guest,2026 Q2,H,,venue,51.513278820833335,-0.09406575833333335,openstreetmap-gb-extract,reference_agrees_within_50m,Williamsons Tavern,1 Groveland Court,London,EC4M 9EH,51.513244107676,-0.093971504299,7.6,https://camra.org.uk/pubs/156665,O,2026-09-11
532,ship|monument ec3v|ec3v 0bp,England,Greater London,Ship,Monument EC3V,EC3V 0BP,Guest,2026 Q3,H,,venue,51.5110721,-0.0847581,openstreetmap-gb-extract,reference_agrees_within_50m,Ship,11 Talbot Court,London,EC3V 0BP,51.511052968292,-0.084760495701,2.1,https://camra.org.uk/pubs/156611,O,2026-09-11
533,railway tavern|richmond tw9|tw9 1dn,England,Greater London,Railway Tavern,Richmond TW9,TW9 1DN,Guest,2025 Q4,H,,venue,51.462573866666666,-0.30239875,openstreetmap-gb-extract,reference_agrees_within_50m,Railway Tavern,28/29 The Quadrant,Richmond,TW9 1DN,51.462585,-0.302529,9.1,https://camra.org.uk/pubs/121857,O,2026-09-11
534,woodman|ruislip|ha4 7se,England,Greater London,Woodman,Ruislip,HA4 7SE,Guest,2025 Q4,H,,venue,51.585530340000005,-0.44129102,openstreetmap-gb-extract,reference_agrees_within_50m,Woodman,Breakspear Road,Ruislip,HA4 7SE,51.58551,-0.44137,5.9,https://camra.org.uk/pubs/164069,O,2026-09-11
535,clachan|soho w1b|w1b 5qh,England,Greater London,Clachan,Soho W1B,W1B 5QH,Guest,2026 Q1,H,,venue,51.51353697142857,-0.1402551,openstreetmap-gb-extract,reference_agrees_within_50m,Clachan,34 Kingly Street,London,W1B 5QH,51.51353,-0.140391,9.4,https://camra.org.uk/pubs/128748,O,2026-09-11
536,argyll arms|soho w1f|w1f 7tp,England,Greater London,Argyll Arms,Soho W1F,W1F 7TP,Guest,2026 Q2,H,,venue,51.5150632,-0.141263,openstreetmap-gb-extract,reference_agrees_within_50m,Argyll Arms,18 Argyll Street,London,W1F 7TP,51.515244,-0.141296,20.2,https://camra.org.uk/pubs/128683,O,2026-09-11
537,crown and two chairmen|soho w1d|w1d 3sb,England,Greater London,Crown and Two Chairmen,Soho W1D,W1D 3SB,Guest,2026 Q3,H,,venue,51.51384975,-0.13247651666666668,openstreetmap-gb-extract,reference_agrees_within_50m,Crown & Two Chairmen,32 Dean Street,London,W1D 3SB,51.513803,-0.132591,9.5,https://camra.org.uk/pubs/128930,O,2026-09-11
538,devonshire|soho w1d|w1d 7hw,England,Greater London,Devonshire,Soho W1D,W1D 7HW,Guest,2026 Q2,H,,venue,51.51065681666666,-0.13533201666666667,openstreetmap-gb-extract,reference_agrees_within_50m,Devonshire,17 Denman Street,London,W1D 7HW,51.5106,-0.1353,6.7,https://camra.org.uk/pubs/128803,O,2026-09-11
539,lyric|soho w1d|w1d 7lt,England,Greater London,Lyric,Soho W1D,W1D 7LT,Guest,2026 Q1,H,,venue,51.5113041,-0.13437961666666667,openstreetmap-gb-extract,reference_agrees_within_50m,Lyric,37 Great Windmill Street,London,W1D 7LT,51.511317,-0.134373,1.5,https://camra.org.uk/pubs/129178,O,2026-09-11
540,ye olde watling|st pauls|ec4m 9br,England,Greater London,Ye Olde Watling,St Pauls,EC4M 9BR,Guest,2026 Q3,H,,venue,51.51290628,-0.0935724,openstreetmap-gb-extract,reference_agrees_within_50m,Olde Watling,29 Watling Street,London,EC4M 9BR,51.51292508498,-0.093544139881,2.9,https://camra.org.uk/pubs/156664,O,2026-09-11
541,duchess|stamford brook|w6 0xf,England,Greater London,Duchess,Stamford Brook,W6 0XF,Guest,2026 Q1,H,,venue,51.49865,-0.24375,camra-pubs-location-audit,reference_agrees_within_50m,Duchess,320 Goldhawk Road,Hammersmith,W6 0XF,51.49865,-0.24375,0.0,https://camra.org.uk/pubs/128959,T,2026-09-11
542,coach and horses|stoke newington n16|n16 7jl,England,Greater London,Coach and Horses,Stoke Newington N16,N16 7JL,Guest,2026 Q2,H,,venue,51.5617228,-0.0735286,openstreetmap-gb-extract,reference_agrees_within_50m,Coach & Horses,178 Stoke Newington High Street,Stoke Newington,N16 7JL,51.561743592383,-0.073562449074,3.3,https://camra.org.uk/pubs/125012,O,2026-09-11
543,railway|streatham sw16|sw16 5sd,England,Greater London,Railway,Streatham SW16,SW16 5SD,Guest,2026 Q1,H,,venue,51.418370616666664,-0.13468905,openstreetmap-gb-extract,reference_agrees_within_50m,Railway,2 Greyhound Lane,Streatham,SW16 5SD,51.418467,-0.134788,12.7,https://camra.org.uk/pubs/140532,O,2026-09-11
544,dolphin|sydenham se26|se26 5hb,England,Greater London,Dolphin,Sydenham SE26,SE26 5HB,Guest,2025 Q4,H,,venue,51.425960241666665,-0.048486,openstreetmap-gb-extract,reference_agrees_within_50m,Dolphin,121 Sydenham Road,Sydenham,SE26 5HB,51.425896862582,-0.048401507935,9.2,https://camra.org.uk/pubs/158726,O,2026-09-11
545,flowerpot|walthamstow e17|e17 3hx,England,Greater London,Flowerpot,Walthamstow E17,E17 3HX,Perm,2025 Q4,H,,venue,51.58759977142857,-0.003915257142857143,openstreetmap-gb-extract,reference_agrees_within_50m,Flowerpot,128 Wood Street,Walthamstow,E17 3HX,51.587557,-0.00385,6.6,https://camra.org.uk/pubs/155363,O,2026-09-11
546,ladybrook|bramhall|sk7 2np,England,Greater Manchester,Ladybrook,Bramhall,SK7 2NP,Guest,2026 Q2,H,,venue,53.3715877,-2.1597223899999998,openstreetmap-gb-extract,reference_agrees_within_50m,Ladybrook Hotel,Fir Road,Bramhall,SK7 2NP,53.371513611847,-2.1596825122833,8.7,https://camra.org.uk/pubs/167478,O,2026-09-11
547,white hart|cheadle|sk8 1px,England,Greater Manchester,White Hart,Cheadle,SK8 1PX,Perm,2026 Q1,H,,venue,53.39397612222222,-2.217801722222222,openstreetmap-gb-extract,reference_agrees_within_50m,White Hart Tavern,High Street,Cheadle,SK8 1PX,53.39383472971,-2.2177255153656,16.5,https://camra.org.uk/pubs/167788,O,2026-09-11
548,heaton hops|heaton chapel|sk4 5de,England,Greater Manchester,Heaton Hops,Heaton Chapel,SK4 5DE,Guest,2026 Q1,H,,venue,53.42811288,-2.1754380400000004,openstreetmap-gb-extract,reference_agrees_within_50m,Heaton Hops,7 School Lane,Heaton Chapel,SK4 5DE,53.428022773332,-2.1756138801575,15.4,https://camra.org.uk/pubs/167108,O,2026-09-11
549,plough|heaton moor|sk4 4nz,England,Greater Manchester,Plough,Heaton Moor,SK4 4NZ,Guest,2025 Q4,H,,venue,53.423363800000004,-2.18328576,openstreetmap-gb-extract,reference_agrees_within_50m,Plough on the Moor,82 Heaton Moor Road,Heaton Moor,SK4 4NZ,53.423318027351,-2.1833637356758,7.3,https://camra.org.uk/pubs/167546,O,2026-09-11
550,rams head|lowton|wa3 2ey,England,Greater Manchester,Rams Head,Lowton,WA3 2EY,Guest,2026 Q2,H,,venue,53.475426218181816,-2.5811427727272727,openstreetmap-gb-extract,reference_agrees_within_50m_postcode_conflict,Rams Head Inn,248 Slag Lane,Lowton,WA3 2ED,53.47537,-2.581216,7.9,https://camra.org.uk/pubs/170979,O,2026-09-11
551,bay horse|manchester: central|m4 1na,England,Greater Manchester,Bay Horse,Manchester: Central,M4 1NA,Guest,2026 Q3,H,,venue,53.4842853,-2.2367768,food-standards-agency-fhrs,reference_agrees_within_50m,Bay Horse,"35-37 Thomas Street, Manchester",Manchester,M4 1NA,53.4841,-2.2365,27.6,https://camra.org.uk/pubs/137402,O,2026-09-11
552,britons protection|manchester: central|m1 5le,England,Greater Manchester,Britons Protection,Manchester: Central,M1 5LE,Perm,2026 Q3,H,,venue,53.47495167777778,-2.2473231444444446,openstreetmap-gb-extract,reference_agrees_within_50m,Britons Protection,50 Great Bridgewater Street,Manchester,M1 5LE,53.474991,-2.24728,5.2,https://camra.org.uk/pubs/137669,O,2026-09-11
553,unicorn|manchester: central|m4 1pn,England,Greater Manchester,Unicorn,Manchester: Central,M4 1PN,Guest,2026 Q3,H,Regular quality warnings,venue,53.4829001,-2.237608,openstreetmap-gb-extract,reference_agrees_within_50m,Unicorn,"26 Church Street, Manchester",Manchester,M4 1PN,53.48291,-2.237613,1.1,https://camra.org.uk/pubs/137566,O,2026-09-11
554,waldorf|manchester: central|m1 3aq,England,Greater Manchester,Waldorf,Manchester: Central,M1 3AQ,Guest,2026 Q1,H,,venue,53.4795818,-2.2339421,openstreetmap-gb-extract,reference_agrees_within_50m,Waldorf,12 Gore Street,Manchester,M1 3AQ,53.479595,-2.233994,3.7,https://camra.org.uk/pubs/137634,O,2026-09-11
555,commercial|mossley|ol5 0aa,England,Greater Manchester,Commercial,Mossley,OL5 0AA,Guest,2025 Q4,H,,venue,53.5145508,-2.0411448,openstreetmap-gb-extract,reference_agrees_within_50m,Commercial Hotel,58 Manchester Road,Mossley,OL5 0AA,53.51451,-2.041079,6.3,https://camra.org.uk/pubs/120783,O,2026-09-11
556,fox and pine|oldham|ol1 1ad,England,Greater Manchester,Fox and Pine,Oldham,OL1 1AD,Perm,2026 Q3,H,,venue,53.540981,-2.11064468,openstreetmap-gb-extract,reference_agrees_within_50m,Fox & Pine,18 Greaves Street,Oldham,OL1 1AD,53.540985,-2.110558,5.7,https://camra.org.uk/pubs/152891,O,2026-09-11
557,anglesey|salford|m3 5df,England,Greater Manchester,Anglesey,Salford,M3 5DF,Guest,2026 Q1,H,,venue,53.484493,-2.250313,food-standards-agency-fhrs,reference_agrees_within_50m,Anglesey,91 Chapel Street,Salford,M3 5DF,53.484564,-2.250598,20.4,https://camra.org.uk/pubs/170960,O,2026-09-11
558,new oxford|salford|m3 6db,England,Greater Manchester,New Oxford,Salford,M3 6DB,Perm,2026 Q3,H,,venue,53.4837153,-2.2592912,openstreetmap-gb-extract,reference_agrees_within_50m,New Oxford,11 Bexley Square,Salford,M3 6DB,53.483709,-2.259299,0.9,https://camra.org.uk/pubs/170923,O,2026-09-11
559,crown|stockport|sk4 1ar,England,Greater Manchester,Crown,Stockport,SK4 1AR,Perm,2026 Q2,H,New owners same as Petersgate Tap,venue,53.409893035889,-2.1665329933166,camra-pubs-location-audit,reference_agrees_within_50m,Crown Inn,154 Heaton Lane,Stockport,SK4 1AR,53.409893035889,-2.1665329933166,0.0,https://camra.org.uk/pubs/167360,O,2026-09-11
560,wellington|stockport|sk1 3ru,England,Greater Manchester,Wellington,Stockport,SK1 3RU,Perm,2026 Q2,H,,venue,53.4073245,-2.1598574,openstreetmap-gb-extract,reference_agrees_within_50m,Wellington,59-61 Wellington Road South,Stockport,SK1 3RU,53.407351006792,-2.1598782837391,3.3,https://camra.org.uk/pubs/167233,O,2026-09-11
561,white lion|stockport|sk1 1lw,England,Greater Manchester,White Lion,Stockport,SK1 1LW,Guest,2026 Q2,H,,venue,53.411298536233,-2.1584486961365,camra-pubs-location-audit,reference_agrees_within_50m,White Lion,20 Great Underbank,Stockport,SK1 1LW,53.411298536233,-2.1584486961365,0.0,https://camra.org.uk/pubs/167794,O,2026-09-11
562,ye olde vic|stockport|sk3 9ed,England,Greater Manchester,Ye Olde Vic,Stockport,SK3 9ED,Guest,2025 Q4,H,,venue,53.4042601,-2.1651632,openstreetmap-gb-extract,reference_agrees_within_50m,Olde Vic,"1 Chatham Street, Edgeley",Stockport,SK3 9ED,53.40423616049,-2.1651595830917,2.7,https://camra.org.uk/pubs/167522,O,2026-09-11
563,swan and railway|wigan|wn1 1ba,England,Greater Manchester,Swan and Railway,Wigan,WN1 1BA,Perm,2026 Q3,H,,venue,53.54394114285714,-2.634095857142857,openstreetmap-gb-extract,reference_agrees_within_50m,Swan & Railway Hotel,80 Wallgate,Wigan,WN1 1BA,53.5439,-2.63396,10.1,https://camra.org.uk/pubs/172297,O,2026-09-11
564,irby mill|greasby|ch49 3nt,England,Merseyside,Irby Mill,Greasby,CH49 3NT,Guest,2026 Q3,H,,venue,53.36628814444444,-3.1229799555555555,openstreetmap-gb-extract,reference_agrees_within_50m,Irby Mill,174 Mill Lane,Greasby,CH49 3NT,53.366189,-3.123057,12.2,https://camra.org.uk/pubs/131949,O,2026-09-11
565,twelve sixty|hoylake|ch47 2ae,England,Merseyside,Twelve Sixty,Hoylake,CH47 2AE,Guest,2026 Q1,H,,venue,53.3909994,-3.1791595,food-standards-agency-fhrs,reference_agrees_within_50m,Twelve Sixty,2 Market Street,Hoylake,CH47 2AE,53.391093265082,-3.179009151435,14.4,https://camra.org.uk/pubs/199177,O,2026-09-11
566,twelve-sixty bar and lounge|liscard|ch44 5xh,England,Merseyside,Twelve-Sixty Bar and Lounge,Liscard,CH44 5XH,Perm,2026 Q1,H,,venue,53.4193911,-3.0467596,food-standards-agency-fhrs,reference_agrees_within_50m,Twelve-Sixty Bar & Lounge,45-51 St Albans Road,Liscard,CH44 5XH,53.419412162812,-3.046724301376,3.3,https://camra.org.uk/pubs/196483,O,2026-09-11
567,jawbone|liverpool: bootle|l20 3bz,England,Merseyside,Jawbone,Liverpool: Bootle,L20 3BZ,Guest,2026 Q3,H,,venue,53.4493907,-2.9868996,food-standards-agency-fhrs,reference_agrees_within_50m,Jawbone Tavern,12 Litherland Road.,Liverpool,L20 3BZ,53.4493,-2.98685,10.6,https://camra.org.uk/pubs/165886,O,2026-09-11
568,h|angel inn|l1 4hy,England,Merseyside,h,Angel Inn,L1 4HY,Guest,2026 Q3,H,Liverpool: Central,venue,53.4027146,-2.9777435,google-maps-named-place,no_unambiguous_reference,,,,,,,,,,2026-09-11
569,black cat bar|liverpool: central|l1 4jn,England,Merseyside,Black Cat Bar,Liverpool: Central,L1 4JN,Perm,2026 Q3,H,,venue,53.4022,-2.98134,camra-pubs-location-audit,reference_agrees_within_50m,Black Cat Parr Street,25 Parr St.,Liverpool,L1 4JN,53.4022,-2.98134,0.0,https://camra.org.uk/pubs/199423,O,2026-09-11
570,crown hotel|liverpool: central|l1 1jq,England,Merseyside,Crown Hotel,Liverpool: Central,L1 1JQ,Guest,2026 Q3,H,,venue,53.406669439999995,-2.97891918,openstreetmap-gb-extract,reference_agrees_within_50m,Crown Hotel,"43, Lime Street",Liverpool,L1 1JQ,53.406669,-2.979024,6.9,https://camra.org.uk/pubs/165905,O,2026-09-11
571,excelsior|liverpool: central|l2 2jh,England,Merseyside,Excelsior,Liverpool: Central,L2 2JH,Guest,2026 Q2,H,,venue,53.40952681428571,-2.9850017285714285,openstreetmap-gb-extract,reference_agrees_within_50m,Excelsior,121-123 Dale Street,Liverpool,L2 2JH,53.409489,-2.984967,4.8,https://camra.org.uk/pubs/166164,O,2026-09-11
572,monro|liverpool: central|l1 5ag,England,Merseyside,Monro,Liverpool: Central,L1 5AG,Guest,2026 Q1,H,Quality warning 2025 Q3,venue,53.401,-2.97988,camra-pubs-location-audit,reference_agrees_within_50m,Monro,92 Duke Street,Liverpool,L1 5AG,53.401,-2.97988,0.0,https://camra.org.uk/pubs/166467,O,2026-09-11
573,philharmonic dining rooms|liverpool: central|l1 9bx,England,Merseyside,Philharmonic Dining Rooms,Liverpool: Central,L1 9BX,Guest,2026 Q2,H,,venue,53.401781459999995,-2.97058301,openstreetmap-gb-extract,reference_agrees_within_50m,Philharmonic Dining Rooms,36 Hope Street,Liverpool,L1 9BX,53.401758531505,-2.970491953373,6.6,https://camra.org.uk/pubs/165633,O,2026-09-11
574,vernon arms|liverpool: central|l2 2hj,England,Merseyside,Vernon Arms,Liverpool: Central,L2 2HJ,Guest,2026 Q1,H,Downgraded to guest as twice reported unavailable 2025 Q4,venue,53.40854409999999,-2.9876800714285716,openstreetmap-gb-extract,reference_agrees_within_50m,Vernon Arms,69  Dale Street,Liverpool,L2 2HJ,53.408502,-2.987633,5.6,https://camra.org.uk/pubs/165852,O,2026-09-11
575,white star|liverpool: central|l2 6pt,England,Merseyside,White Star,Liverpool: Central,L2 6PT,Guest,2026 Q1,H,,venue,53.40619482857143,-2.986370442857143,openstreetmap-gb-extract,reference_agrees_within_50m,White Star,2-4 Rainford Gardens,Liverpool,L2 6PT,53.40618,-2.986255,7.8,https://camra.org.uk/pubs/165743,O,2026-09-11
576,george|liverpool: crosby|l23 2se,England,Merseyside,George,Liverpool: Crosby,L23 2SE,Perm,2026 Q3,H,,venue,53.492349495,-3.0256426149999998,openstreetmap-gb-extract,reference_agrees_within_50m,George,1 Moor Lane,Liverpool,L23 2SE,53.49233,-3.025656,2.3,https://camra.org.uk/pubs/165591,O,2026-09-11
577,black cat|liverpool: mossley hill|l18 8ag,England,Merseyside,Black Cat,Liverpool: Mossley Hill,L18 8AG,Guest,2026 Q3,H,Confirmed as guest in this one. Same owners as the BC in the centre,venue,53.3784743,-2.9166268,openstreetmap-gb-extract,reference_agrees_within_50m,Black Cat Rose Lane,102 Rose Lane,Liverpool,L18 8AG,53.378427,-2.916676,6.2,https://camra.org.uk/pubs/166207,O,2026-09-11
578,town hall|liverpool: wavertree|l15 8hf,England,Merseyside,Town Hall,Liverpool: Wavertree,L15 8HF,Perm,2026 Q2,H,,venue,53.398583,-2.91763,camra-pubs-location-audit,reference_agrees_within_50m,Town Hall,89 High Street,Liverpool,L15 8HF,53.398583,-2.91763,0.0,https://camra.org.uk/pubs/200314,O,2026-09-11
579,village cat|liverpool: woolton|l25 7ra,England,Merseyside,Village Cat,Liverpool: Woolton,L25 7RA,Perm,2026 Q3,H,Brand new opener Aug 2026 - same owners as Black Cat in the centre,venue,53.3747,-2.86722,camra-pubs-location-audit,reference_agrees_within_50m,Village Cat,7-5 Allerton Rd.,Liverpool,L25 7RA,53.3747,-2.86722,0.0,https://camra.org.uk/pubs/200241,O,2026-09-11
580,magazine hotel|new brighton|ch45 1hp,England,Merseyside,Magazine Hotel,New Brighton,CH45 1HP,Perm,2026 Q3,H,,venue,53.4309581,-3.0339572,food-standards-agency-fhrs,reference_agrees_within_50m,Magazine Hotel,7 Magazine Brow,New Brighton,CH45 1HP,53.430992950739,-3.033797175963,11.3,https://camra.org.uk/pubs/132001,O,2026-09-11
581,cleveland arms|new ferry|ch62 5be,England,Merseyside,Cleveland Arms,New Ferry,CH62 5BE,Perm,2026 Q3,H,,venue,53.3599598,-2.9984442,food-standards-agency-fhrs,reference_agrees_within_50m,Cleveland Arms,31 Bebington Road,New Ferry,CH62 5BE,53.3601,-2.99825,20.2,https://camra.org.uk/pubs/132015,O,2026-09-11
582,royal alfred|st helens|wa10 1dh,England,Merseyside,Royal Alfred,St Helens,WA10 1DH,Guest,2025 Q4,H,,venue,53.45288480909091,-2.7310148272727273,openstreetmap-gb-extract,reference_agrees_within_50m,Royal Alfred,Bickerstaff Street,St Helens,WA10 1DH,53.452831,-2.730838,13.1,https://camra.org.uk/pubs/145244,O,2026-09-11
583,guest house|southport: central|pr9 0qf,England,Merseyside,Guest House,Southport: Central,PR9 0QF,Guest,2026 Q3,H,,venue,53.6505819,-2.9994951,openstreetmap-gb-extract,reference_agrees_within_50m_postcode_conflict,Guest House,16 Union Street,Southport,PR9 0QE,53.65058,-2.99947,1.7,https://camra.org.uk/pubs/147054,O,2026-09-11
584,sinclairs|southport: central|pr9 0an,England,Merseyside,Sinclairs,Southport: Central,PR9 0AN,Perm,2026 Q3,H,,venue,53.651639,-3.000362,food-standards-agency-fhrs,reference_agrees_within_50m,Sinclair's,589 Lord Street,Southport,PR9 0AN,53.6516,-3.0005,10.1,https://camra.org.uk/pubs/147078,O,2026-09-11
585,windmill|southport: central|pr9 0el,England,Merseyside,Windmill,Southport: Central,PR9 0EL,Guest,2026 Q2,H,,venue,53.652545928955,-3.0029489994049,camra-and-fsa-location-audit,reference_agrees_within_50m,Windmill Inn,12-16 Seabank Road,Southport,PR9 0EL,53.652545928955,-3.0029489994049,0.0,https://camra.org.uk/pubs/147050,O,2026-09-11
586,fat cat|norwich|nr2 4na,England,Norfolk,Fat Cat,Norwich,NR2 4NA,Guest,2026 Q2,H,,venue,52.63511662,1.27556932,openstreetmap-gb-extract,reference_agrees_within_50m,Fat Cat,49 West End Street,Norwich,NR2 4NA,52.6352,1.2755,10.4,https://camra.org.uk/pubs/189715,O,2026-09-11
587,garden house|norwich|nr2 3hd,England,Norfolk,Garden House,Norwich,NR2 3HD,Perm,2026 Q2,H,Perm 'so long as delivery arrives!',venue,52.628191949999994,1.2752173199999999,openstreetmap-gb-extract,reference_agrees_within_50m,Garden House,1 Pembroke Road,Norwich,NR2 3HD,52.6282794,1.2753441,13.0,https://camra.org.uk/pubs/189685,O,2026-09-11
588,midland band social club|kettering|nn16 9rg,England,Northamptonshire,Midland Band Social Club,Kettering,NN16 9RG,Guest,2026 Q3,H,,venue,52.410623,-0.721973,camra-pubs-location-audit,reference_agrees_within_50m,Kettering Midland Band Social Club,2 Hallwood Road,Kettering,NN16 9RG,52.410623,-0.721973,0.0,https://camra.org.uk/pubs/161018,O,2026-09-11
589,old red lion|litchborough|nn12 8jf,England,Northamptonshire,Old Red Lion,Litchborough,NN12 8JF,Perm,2026 Q2,H/G/J,,venue,52.1821,-1.0789,camra-pubs-location-audit,reference_agrees_within_50m,Old Red Lion,4 Banbury Road,Litchborough,NN12 8JF,52.1821,-1.0789,0.0,https://camra.org.uk/pubs/160706,O,2026-09-11
590,malt shovel|northampton|nn1 1qf,England,Northamptonshire,Malt Shovel,Northampton,NN1 1QF,Guest,2026 Q2,H,,venue,52.233057,-0.896922,camra-pubs-location-audit,reference_agrees_within_50m,Malt Shovel Tavern,121 Bridge Street,Northampton,NN1 1QF,52.233057,-0.896922,0.0,https://camra.org.uk/pubs/160658,O,2026-09-11
591,rushden historic transport society|rushden|nn10 0aw,England,Northamptonshire,Rushden Historic Transport Society,Rushden,NN10 0AW,Guest,2026 Q3,H,,venue,52.2943013,-0.5980484,google-maps-named-place,no_unambiguous_reference,,,,,,,,,,2026-09-11
592,red lion|thornby|nn6 8sj,England,Northamptonshire,Red Lion,Thornby,NN6 8SJ,Guest,2025 Q4,H,"""I struggle to get hold of it from suppliers""",venue,52.3749257,-1.0166067,openstreetmap-gb-extract,reference_agrees_within_50m,Red Lion,Welford Road,Thornby,NN6 8SJ,52.374983,-1.016675,7.9,https://camra.org.uk/pubs/160793,O,2026-09-11
593,barrels|berwick-upon-tweed|td15 1es,England,Northumberland,Barrels,Berwick-upon-Tweed,TD15 1ES,Guest,2026 Q3,H,,venue,55.7685565,-2.005518,openstreetmap-gb-extract,reference_agrees_within_50m,Barrels Ale House,59-61 Bridge Street,Berwick upon Tweed,TD15 1ES,55.768598856945,-2.0054487884045,6.4,https://camra.org.uk/pubs/193154,O,2026-09-11
594,joiners arms|morpeth|ne61 1xz,England,Northumberland,Joiners Arms,Morpeth,NE61 1XZ,Perm,2026 Q3,H,,venue,55.1659511,-1.6871195,openstreetmap-gb-extract,reference_agrees_within_50m,Joiners Arms,6-7 Wansbeck Street,Morpeth,NE61 1XZ,55.165943582937,-1.6871041059494,1.3,https://camra.org.uk/pubs/193085,O,2026-09-11
595,chequers|beeston|ng9 4af,England,Nottinghamshire,Chequers,Beeston,NG9 4AF,Guest,2026 Q1,H,,venue,52.922003,-1.221304,food-standards-agency-fhrs,reference_agrees_within_50m,Chequers Inn,17 High Road,Chilwell,NG9 4AF,52.922233,-1.221032,31.4,https://camra.org.uk/pubs/162806,O,2026-09-11
596,martins arms|colston bassett|ng12 3fd,England,Nottinghamshire,Martins Arms,Colston Bassett,NG12 3FD,Perm,2026 Q3,H,,venue,52.8905,-0.964109,camra-and-fsa-location-audit,reference_agrees_within_50m,Martins Arms,School Lane,Colston Bassett,NG12 3FD,52.8905,-0.964109,0.0,https://camra.org.uk/pubs/118959,O,2026-09-11
597,nags head|east leake|le12 6pg,England,Nottinghamshire,Nags Head,East Leake,LE12 6PG,Guest,2026 Q2,H,,venue,52.83136901,-1.17966785,openstreetmap-gb-extract,reference_agrees_within_50m,Nags Head,14 Main Street,East Leake,LE12 6PG,52.831421,-1.179613,6.9,https://camra.org.uk/pubs/162859,O,2026-09-11
598,pick & davy|eastwood|ng16 3gs,England,Nottinghamshire,Pick & Davy,Eastwood,NG16 3GS,Guest,2026 Q2,H,,venue,53.01394725,-1.29293784,openstreetmap-gb-extract,reference_agrees_within_50m,Pick & Davy,237b Nottingham Road,Eastwood,NG16 3GS,53.014040308574,-1.292894162843,10.8,https://camra.org.uk/pubs/163088,O,2026-09-11
599,caught and bowled|giltbrook|ng16 2gg,England,Nottinghamshire,Caught and Bowled,Giltbrook,NG16 2GG,Guest,2026 Q3,H,"""guest beer which he has twice a month""",venue,53.006680100000004,-1.2820710166666667,openstreetmap-gb-extract,reference_agrees_within_50m,Caught & Bowled,493 Nottingham Road,Giltbrook,NG16 2GG,53.006672,-1.282071,0.9,https://camra.org.uk/pubs/163068,O,2026-09-11
600,woodlark|lambley|ng4 4qb,England,Nottinghamshire,Woodlark,Lambley,NG4 4QB,Guest,2026 Q3,H,,venue,53.00342883,-1.06266358,openstreetmap-gb-extract,reference_agrees_within_50m,Woodlark Inn,Church Street,Lambley,NG4 4QB,53.003383,-1.06267,5.1,https://camra.org.uk/pubs/162793,O,2026-09-11
601,worlds end|lowdham|ng14 7at,England,Nottinghamshire,Worlds End,Lowdham,NG14 7AT,Perm,2026 Q2,H,,venue,53.0114461375,-1.008255775,openstreetmap-gb-extract,reference_agrees_within_50m,Worlds End,Plough Lane,Lowdham,NG14 7AT,53.0112,-1.0081,29.3,https://camra.org.uk/pubs/162946,O,2026-09-11
602,brown cow|mansfield|ng18 2ja,England,Nottinghamshire,Brown Cow,Mansfield,NG18 2JA,Guest,2026 Q1,H,,venue,53.14312632857143,-1.189449,openstreetmap-gb-extract,reference_agrees_within_50m,Brown Cow,31 Ratcliffe Gate,Mansfield,NG18 2JA,53.143076,-1.189619,12.6,https://camra.org.uk/pubs/165071,O,2026-09-11
603,greyhound|mansfield|ng19 8bd,England,Nottinghamshire,Greyhound,Mansfield,NG19 8BD,Guest,2026 Q3,H,,venue,53.16564899090909,-1.1899233272727274,openstreetmap-gb-extract,reference_agrees_within_50m,Greyhound Inn,82 High Street,Mansfield Woodhouse,NG19 8BD,53.165759,-1.189935,12.3,https://camra.org.uk/pubs/165129,O,2026-09-11
604,stella taps|mansfield|ng18 4al,England,Nottinghamshire,Stella Taps,Mansfield,NG18 4AL,Guest,2026 Q2,H,,venue,53.1359222,-1.1960942,google-maps-named-place,reference_agrees_within_50m_postcode_conflict,Stella Taps,1 Stella Street,Mansfield,NG18 4AN,53.135879283164,-1.196150579376,6.1,https://camra.org.uk/pubs/195140,O,2026-09-11
605,pit|newstead|ng15 0bu,England,Nottinghamshire,Pit,Newstead,NG15 0BU,Guest,2026 Q2,H,,venue,53.071344,-1.22241,camra-pubs-location-audit,reference_agrees_within_50m,Pit,Tilford Road,Newstead,NG15 0BU,53.071344,-1.22241,0.0,https://camra.org.uk/pubs/165243,O,2026-09-11
606,loose cannon|newark|ng24 1an,England,Nottinghamshire,Loose Cannon,Newark,NG24 1AN,Guest,2026 Q1,H,,venue,53.0764071,-0.8117915,openstreetmap-gb-extract,reference_agrees_within_50m,Loose Cannon,11 Stodman Street,Newark,NG24 1AN,53.076386303643,-0.811654936176,9.4,https://camra.org.uk/pubs/197408,O,2026-09-11
607,navigation|newark|ng24 4ts,England,Nottinghamshire,Navigation,Newark,NG24 4TS,Perm,2026 Q2,H,,venue,53.0749123,-0.8165958,openstreetmap-gb-extract,reference_agrees_within_50m,Navigation,48 Mill Gate,Newark,NG24 4TS,53.07491719,-0.816646814,3.5,https://camra.org.uk/pubs/163689,O,2026-09-11
608,brew tavern|nottingham: central|ng2 3as,England,Nottinghamshire,Brew Tavern,Nottingham: Central,NG2 3AS,Perm,2026 Q3,H/B,Available Banked,venue,52.946557142857145,-1.1465279428571429,openstreetmap-gb-extract,reference_agrees_within_50m,Brew Tavern,"Cabman's Shelter, 1a Queens Road",Nottingham: Central,NG2 3AS,52.946559,-1.146514,1.0,https://camra.org.uk/pubs/163071,O,2026-09-11
609,bunkers hill|nottingham: central|ng1 1fp,England,Nottinghamshire,Bunkers Hill,Nottingham: Central,NG1 1FP,Guest,2026 Q2,H,,venue,52.953467025,-1.1400889625,openstreetmap-gb-extract,reference_agrees_within_50m,Bunkers Hill,36-38 Hockley,Nottingham,NG1 1FP,52.953515,-1.140046,6.1,https://camra.org.uk/pubs/162901,O,2026-09-11
610,hand and heart|nottingham: central|ng1 5ba,England,Nottinghamshire,Hand and Heart,Nottingham: Central,NG1 5BA,Guest,2026 Q3,H,,venue,52.955405866666666,-1.16023278,openstreetmap-gb-extract,reference_agrees_within_50m,Hand & Heart,65 Derby Road,Nottingham,NG1 5BA,52.955516,-1.160254,12.3,https://camra.org.uk/pubs/162477,O,2026-09-11
611,keans head|nottingham: central|ng1 1qa,England,Nottinghamshire,Keans Head,Nottingham: Central,NG1 1QA,Guest,2026 Q2,H,,venue,52.951296075,-1.1440211375,openstreetmap-gb-extract,reference_agrees_within_50m,Kean's Head,"46 St Mary's Gate, Lace Market",Nottingham: Central,NG1 1QA,52.9513,-1.1441,5.3,https://camra.org.uk/pubs/162500,O,2026-09-11
612,roundhouse|nottingham: central|ng1 6fs,England,Nottinghamshire,Roundhouse,Nottingham: Central,NG1 6FS,Guest,2026 Q1,H,,venue,52.9517517089844,-1.15588998794556,food-standards-agency-fhrs,reference_agrees_within_50m,Roundhouse,Royal Standard Place,Nottingham,NG1 6FS,52.9517,-1.155174,48.3,https://camra.org.uk/pubs/162611,T,2026-09-11
613,three crowns|nottingham: central|ng1 6ld,England,Nottinghamshire,Three Crowns,Nottingham: Central,NG1 6LD,Guest,2026 Q1,H,,venue,52.95469567692308,-1.1517295076923078,openstreetmap-gb-extract,reference_agrees_within_50m,Three Crowns,51 Upper Parliament Street,Nottingham,NG1 6LD,52.954773,-1.15169,9.0,https://camra.org.uk/pubs/162597,O,2026-09-11
614,trent navigation|nottingham: central|ng2 3hs,England,Nottinghamshire,Trent Navigation,Nottingham: Central,NG2 3HS,Perm,2026 Q3,H,,venue,52.94119737999999,-1.13826904,openstreetmap-gb-extract,reference_agrees_within_50m,Trent Navigation,Meadow Lane,Nottingham: Central,NG2 3HS,52.941095,-1.13838,13.6,https://camra.org.uk/pubs/162648,O,2026-09-11
615,vat and fiddle|nottingham: central|ng2 1nb,England,Nottinghamshire,VAT and Fiddle,Nottingham: Central,NG2 1NB,Perm,2026 Q1,H,,venue,52.94570816,-1.14834298,openstreetmap-gb-extract,reference_agrees_within_50m,Vat & Fiddle,12 Queens Bridge Road,Nottingham: Central,NG2 1NB,52.9456,-1.1484,12.6,https://camra.org.uk/pubs/162652,O,2026-09-11
616,bread and bitter|nottingham: mapperley|ng3 5jl,England,Nottinghamshire,Bread and Bitter,Nottingham: Mapperley,NG3 5JL,Guest,2026 Q2,H,,venue,52.98390058,-1.1229563066666666,openstreetmap-gb-extract,reference_agrees_within_50m,Bread & Bitter,153-155 Woodthorpe Drive,Nottingham,NG3 5JL,52.983993,-1.123094,13.8,https://camra.org.uk/pubs/162689,O,2026-09-11
617,lion|nottingham: new basford|ng7 7fq,England,Nottinghamshire,Lion,Nottingham: New Basford,NG7 7FQ,Perm,2026 Q3,H,,venue,52.971823,-1.172655,camra-pubs-location-audit,reference_agrees_within_50m,Lion at Basford,"44 Mosley Street, New Basford",Nottingham,NG7 7FQ,52.971823,-1.172655,0.0,https://camra.org.uk/pubs/162510,O,2026-09-11
618,apple tree|nottingham: west bridgford|ng2 7pa,England,Nottinghamshire,Apple Tree,Nottingham: West Bridgford,NG2 7PA,Guest,2026 Q3,H,,venue,52.91281487142857,-1.1530167761904762,openstreetmap-gb-extract,reference_agrees_within_50m,Apple Tree,Compton Acres,West Bridgford,NG2 7PA,52.912691,-1.153056,14.0,https://camra.org.uk/pubs/162832,O,2026-09-11
619,stratford haven|nottingham: west bridgford|ng2 6ba,England,Nottinghamshire,Stratford Haven,Nottingham: West Bridgford,NG2 6BA,Guest,2026 Q2,H,,venue,52.93365038181818,-1.1297842181818183,openstreetmap-gb-extract,reference_agrees_within_50m,Stratford Haven,2 Stratford Road,West Bridgford,NG2 6BA,52.933619,-1.129728,5.1,https://camra.org.uk/pubs/162885,O,2026-09-11
620,royal oak|radcliffe on trent|ng12 2fd,England,Nottinghamshire,Royal Oak,Radcliffe on Trent,NG12 2FD,Guest,2026 Q1,H,,venue,52.9468864,-1.0385777,openstreetmap-gb-extract,reference_agrees_within_50m,Royal Oak,Main Road,Radcliffe on Trent,NG12 2FD,52.9467,-1.039,35.1,https://camra.org.uk/pubs/162878,O,2026-09-11
621,white lion|rempstone|le12 6rh,England,Nottinghamshire,White Lion,Rempstone,LE12 6RH,Perm,2026 Q3,H,,venue,52.8131329,-1.1451818,openstreetmap-gb-extract,reference_agrees_within_50m,White Lion,Main Street,Rempstone,LE12 6RH,52.8134,-1.1448,39.2,https://camra.org.uk/pubs/162895,O,2026-09-11
622,victoria tavern|ruddington|ng11 6eq,England,Nottinghamshire,Victoria Tavern,Ruddington,NG11 6EQ,Perm,2026 Q1,H,,venue,52.89462053333333,-1.1497236555555554,openstreetmap-gb-extract,reference_agrees_within_50m,Victoria Tavern,40 Wilford Road,Ruddington,NG11 6EQ,52.894618,-1.149807,5.6,https://camra.org.uk/pubs/162893,O,2026-09-11
623,blue bell|sandiacre|ng10 5df,England,Nottinghamshire,Blue Bell,Sandiacre,NG10 5DF,Perm,2026 Q2,H,,venue,52.92884420833334,-1.2886283666666667,openstreetmap-gb-extract,reference_agrees_within_50m,Blue Bell,36 Church St,Sandiacre,NG10 5DF,52.928833483843,-1.28863085093,1.2,https://camra.org.uk/pubs/161384,O,2026-09-11
624,horse and jockey|selston|ng16 6fb,England,Nottinghamshire,Horse and Jockey,Selston,NG16 6FB,Guest,2026 Q3,H,"""very regular guest"" (Sep 25)",venue,53.0808592,-1.30951,openstreetmap-gb-extract,reference_agrees_within_50m,Horse & Jockey,Church Lane,Selston,NG16 6FB,53.080936,-1.309335,14.5,https://camra.org.uk/pubs/165172,O,2026-09-11
625,earl of chesterfield arms|shelford|ng12 1eq,England,Nottinghamshire,Earl of Chesterfield Arms,Shelford,NG12 1EQ,Guest,2026 Q3,H,,venue,52.9759,-1.0129,camra-pubs-location-audit,reference_agrees_within_50m,Earl of Chesterfield,Manor Lane,Shelford,NG12 1EQ,52.9759,-1.0129,0.0,https://camra.org.uk/pubs/162843,O,2026-09-11
626,final whistle|southwell|ng25 0et,England,Nottinghamshire,Final Whistle,Southwell,NG25 0ET,Perm,2025 Q4,H,,venue,53.081907377777775,-0.9472853518518518,openstreetmap-gb-extract,reference_agrees_within_50m,Final Whistle,25 Station Road,Southwell,NG25 0ET,53.08182306,-0.947130919,13.9,https://camra.org.uk/pubs/163695,O,2026-09-11
627,staunton arms|staunton in the vale|ng13 9pe,England,Nottinghamshire,Staunton Arms,Staunton in the Vale,NG13 9PE,Perm,2026 Q3,H,,venue,52.984618,-0.8008057,openstreetmap-gb-extract,reference_agrees_within_50m,Staunton Arms,,Staunton In The Vale,NG13 9PE,52.9842,-0.800682,47.2,https://camra.org.uk/pubs/118970,O,2026-09-11
628,kings head|sutton bonington|le12 5pe,England,Nottinghamshire,Kings Head,Sutton Bonington,LE12 5PE,Perm,2026 Q1,H,,venue,52.82062789230769,-1.2516030307692307,openstreetmap-gb-extract,reference_agrees_within_50m,Kings Head,75 Main Street,Sutton Bonington,LE12 5PE,52.820602,-1.251616,3.0,https://camra.org.uk/pubs/162852,O,2026-09-11
629,watermill (toby carvery)|sutton in ashfield: central|ng17 4ne,England,Nottinghamshire,Watermill (Toby Carvery),Sutton in Ashfield: Central,NG17 4NE,Guest,2025 Q4,H,,venue,53.125942255076,-1.23983502388,camra-pubs-location-audit,reference_agrees_within_50m,Toby Carvery Watermill,Coxmoor Road,Sutton-in-Ashfield,NG17 4NE,53.125942255076,-1.23983502388,0.0,https://camra.org.uk/pubs/165283,O,2026-09-11
630,market inn|sutton in ashfield: huthwaite|ng17 2qw,England,Nottinghamshire,Market Inn,Sutton in Ashfield: Huthwaite,NG17 2QW,Guest,2026 Q2,H,,venue,53.12819098999999,-1.3026180699999999,openstreetmap-gb-extract,reference_agrees_within_50m,Market Inn,15 Main St,Huthwaite,NG17 2QW,53.128217,-1.30266,4.0,https://camra.org.uk/pubs/165319,O,2026-09-11
631,red lion|thurgarton|ng14 7gp,England,Nottinghamshire,Red Lion,Thurgarton,NG14 7GP,Perm,2026 Q1,H,,venue,53.036659858823526,-0.9649575823529413,openstreetmap-gb-extract,reference_agrees_within_50m,Red Lion,Southwell Road,Thurgarton,NG14 7GP,53.036732,-0.964894,9.1,https://camra.org.uk/pubs/162948,O,2026-09-11
632,star inn|west leake|le12 5rq,England,Nottinghamshire,Star Inn,West Leake,LE12 5RQ,Perm,2025 Q4,H,,venue,52.830148,-1.224341,camra-pubs-location-audit,reference_agrees_within_50m,Star,Melton Lane,West Leake,LE12 5RQ,52.830148,-1.224341,0.0,https://camra.org.uk/pubs/162883,O,2026-09-11
633,plough|wysall|ng12 5qq,England,Nottinghamshire,Plough,Wysall,NG12 5QQ,Perm,2026 Q3,H,,venue,52.8406739,-1.1040813,openstreetmap-gb-extract,reference_agrees_within_50m,Plough,"Main Street, Keyworth Road",Wysall,NG12 5QQ,52.840514,-1.104173,18.8,https://camra.org.uk/pubs/162698,O,2026-09-11
634,barley mow|banbury|ox16 1ss,England,Oxfordshire,Barley Mow,Banbury,OX16 1SS,Guest,2026 Q1,H,,venue,52.071233885714285,-1.3627450285714287,openstreetmap-gb-extract,reference_agrees_within_50m,Barley Mow,Warwick Road,Banbury,OX16 1SS,52.071168251504,-1.362738311291,7.3,https://camra.org.uk/pubs/156096,O,2026-09-11
635,easington|banbury|ox16 9ju,England,Oxfordshire,Easington,Banbury,OX16 9JU,Guest,2026 Q1,H,,venue,52.0517685,-1.3461210000000001,openstreetmap-gb-extract,reference_agrees_within_50m,Easington,135 Bloxham Road,Banbury,OX16 9JU,52.051764314896,-1.346083849668,2.6,https://camra.org.uk/pubs/155943,O,2026-09-11
636,three pigeons|banbury|ox16 2ed,England,Oxfordshire,Three Pigeons,Banbury,OX16 2ED,Guest,2026 Q1,H,"""once a month"" (Aug 2025)",venue,52.063694642857136,-1.339456,openstreetmap-gb-extract,reference_agrees_within_50m,Three Pigeons,3 Southam Road,Banbury,OX16 2ED,52.063722230502,-1.339538812637,6.4,https://camra.org.uk/pubs/156063,O,2026-09-11
637,crown|chilton|ox11 0rz,England,Oxfordshire,Crown,Chilton,OX11 0RZ,Perm,2026 Q3,H,,venue,51.567279,-1.295515,camra-pubs-location-audit,reference_agrees_within_50m,Crown at Chilton,Main Street,Chilton,OX11 0RZ,51.567279,-1.295515,0.0,https://camra.org.uk/pubs/143773,O,2026-09-11
638,black horse|gozzards ford|ox13 6jh,England,Oxfordshire,Black Horse,Gozzards Ford,OX13 6JH,Guest,2026 Q3,H,,venue,51.684910928571426,-1.3265699142857144,openstreetmap-gb-extract,reference_agrees_within_50m,Black Horse,Faringdon Road,Gozzard's Ford,OX13 6JH,51.6849230495,-1.326560513592,1.5,https://camra.org.uk/pubs/133315,O,2026-09-11
639,chequers|oxford: central|ox1 4dh,England,Oxfordshire,Chequers,Oxford: Central,OX1 4DH,Guest,2026 Q2,H,,venue,51.75184286818182,-1.2565633,openstreetmap-gb-extract,reference_agrees_within_50m,Chequers,131 High Street,Oxford,OX1 4DH,51.7519,-1.2567,11.4,https://camra.org.uk/pubs/156964,O,2026-09-11
640,crown|oxford: central|ox1 3hb,England,Oxfordshire,Crown,Oxford: Central,OX1 3HB,Guest,2025 Q4,H,,venue,51.7522047,-1.2583282,openstreetmap-gb-extract,reference_agrees_within_50m,Crown,59a Cornmarket Street,Oxford,OX1 3HB,51.7525,-1.2584,33.2,https://camra.org.uk/pubs/156967,O,2026-09-11
641,white horse|oxford: central|ox1 3bb,England,Oxfordshire,White Horse,Oxford: Central,OX1 3BB,Perm,2026 Q3,H,,venue,51.7545954,-1.2556627,openstreetmap-gb-extract,reference_agrees_within_50m,White Horse,52 Broad Street,Oxford,OX1 3BB,51.754597,-1.255516,10.1,https://camra.org.uk/pubs/157009,O,2026-09-11
642,britannia|oxford: headington|ox3 7aa,England,Oxfordshire,Britannia,Oxford: Headington,OX3 7AA,Guest,2025 Q4,H,,venue,51.758995,-1.214021,food-standards-agency-fhrs,reference_agrees_within_50m_postcode_conflict,Britannia,1 Lime Walk,Oxford,OX3 7RD,51.759108,-1.214177,16.5,https://camra.org.uk/pubs/157076,O,2026-09-11
643,star|oxford: st clements|ox4 1bu,England,Oxfordshire,Star,Oxford: St Clements,OX4 1BU,Guest,2026 Q2,H,,venue,51.74938483333333,-1.2381846444444444,openstreetmap-gb-extract,reference_agrees_within_50m,Star,21 Rectory Road,Oxford,OX4 1BU,51.74938,-1.23848,20.3,https://camra.org.uk/pubs/157060,O,2026-09-11
644,dew drop inn|oxford: summertown|ox2 7dx,England,Oxfordshire,Dew Drop Inn,Oxford: Summertown,OX2 7DX,Guest,2025 Q4,H,,venue,51.7776917,-1.2643994636363638,openstreetmap-gb-extract,reference_agrees_within_50m,Dewdrop,258 Banbury Road,Oxford,OX2 7DX,51.777649,-1.264548,11.3,https://camra.org.uk/pubs/157153,O,2026-09-11
645,cross keys|wallingford|ox10 0db,England,Oxfordshire,Cross Keys,Wallingford,OX10 0DB,Guest,2026 Q1,H,"""very regular guest beer""",venue,51.6011935,-1.1291016,food-standards-agency-fhrs,reference_agrees_within_50m,Cross Keys,48 High Street,Wallingford,OX10 0DB,51.601215,-1.129016,6.4,https://camra.org.uk/pubs/143699,O,2026-09-11
646,blue bell|belmesthorpe|pe9 4jg,England,Rutland,Blue Bell,Belmesthorpe,PE9 4JG,Perm,2026 Q2,H,,venue,52.680137,-0.459526,food-standards-agency-fhrs,reference_agrees_within_50m,Blue Bell,Shepherds Walk,Belmesthorpe,PE9 4JG,52.680088,-0.459442,7.9,https://camra.org.uk/pubs/182866,O,2026-09-11
647,crown|great casterton|pe9 4ap,England,Rutland,Crown,Great Casterton,PE9 4AP,Perm,2026 Q1,H,,venue,52.668826,-0.520953,camra-pubs-location-audit,reference_agrees_within_50m,Crown,Main Street,Great Casterton,PE9 4AP,52.668826,-0.520953,0.0,https://camra.org.uk/pubs/182867,O,2026-09-11
648,lord nelson|oakham|le15 6dt,England,Rutland,Lord Nelson,Oakham,LE15 6DT,Perm,2026 Q3,H,,venue,52.670222839999994,-0.7269494866666667,openstreetmap-gb-extract,reference_agrees_within_50m,Lord Nelson,12 Market Square,Oakham,LE15 6DT,52.67009,-0.727246,24.9,https://camra.org.uk/pubs/182891,O,2026-09-11
649,vaults|uppingham|le15 9qh,England,Rutland,Vaults,Uppingham,LE15 9QH,Guest,2025 Q4,H,,venue,52.5875688,-0.7221169,openstreetmap-gb-extract,reference_agrees_within_50m,Vaults,4 Market Place,Uppingham,LE15 9QH,52.587542149031,-0.72209963864,3.2,https://camra.org.uk/pubs/182851,O,2026-09-11
650,bear inn|bridgnorth|wv16 4er,England,Shropshire,Bear Inn,Bridgnorth,WV16 4ER,Guest,2026 Q2,H,,venue,52.537224,-2.420888,google-maps-and-official-address,reference_agrees_within_50m_postcode_conflict,Bear,24 Northgate,Bridgnorth,WV16 4ET,52.537212347836,-2.420863628387,2.1,https://camra.org.uk/pubs/122176,O,2026-09-11
651,royal oak (the tiddly)|ellerdine heath|tf6 6rl,England,Shropshire,Royal Oak (The Tiddly),Ellerdine Heath,TF6 6RL,Guest,2026 Q1,H,,venue,52.799564190204,-2.590269923943,camra-pubs-location-audit,reference_agrees_within_50m,Royal Oak,Hazles Road,Ellerdine Heath,TF6 6RL,52.799564190204,-2.590269923943,0.0,https://camra.org.uk/pubs/130954,O,2026-09-11
652,red lion|great chatwell|tf10 9bj,England,Shropshire,Red Lion,Great Chatwell,TF10 9BJ,Guest,2026 Q3,H,,venue,52.726597,-2.30638,camra-pubs-location-audit,reference_agrees_within_50m,Red Lion,Bun Lane,Great Chatwell,TF10 9BJ,52.726597,-2.30638,0.0,https://camra.org.uk/pubs/145812,O,2026-09-11
653,queens|horton|tf6 6dw,England,Shropshire,Queens,Horton,TF6 6DW,Guest,2025 Q4,H,,venue,52.728458977871,-2.47480361475,camra-pubs-location-audit,reference_agrees_within_50m,Queens at Horton,Horton Lane,Telford,TF6 6DW,52.728458977871,-2.47480361475,0.0,https://camra.org.uk/pubs/130943,O,2026-09-11
654,green dragon|little stretton|sy6 6re,England,Shropshire,Green Dragon,Little Stretton,SY6 6RE,Guest,2026 Q2,H,,venue,52.51993778571428,-2.8221645,openstreetmap-gb-extract,reference_agrees_within_50m,Green Dragon,Ludlow Road,Little Stretton,SY6 6RE,52.51985,-2.8221,10.7,https://camra.org.uk/pubs/144827,O,2026-09-11
655,stag and scotch|newport|tf10 7au,England,Shropshire,Stag and Scotch,Newport,TF10 7AU,Perm,2026 Q3,H,,venue,52.769011,-2.3790443,food-standards-agency-fhrs,reference_agrees_within_50m,Stag & Scotch,High Street,Newport,TF10 7AU,52.769,-2.37896,5.8,https://camra.org.uk/pubs/198609,O,2026-09-11
656,horse and jockey|northwood|sy4 5nn,England,Shropshire,Horse and Jockey,Northwood,SY4 5NN,Guest,2025 Q4,H,,venue,52.89466668181819,-2.7974178636363636,openstreetmap-gb-extract,reference_agrees_within_50m,Horse & Jockey Community Pub,,Northwood,SY4 5NN,52.894671068636,-2.797382944775,2.4,https://camra.org.uk/pubs/144865,O,2026-09-11
657,station hotel|oakengates|tf2 6du,England,Shropshire,Station Hotel,Oakengates,TF2 6DU,Guest,2026 Q3,H,,venue,52.69500601428571,-2.4493204,openstreetmap-gb-extract,reference_agrees_within_50m,Station Hotel,42 Market Street,Telford,TF2 6DU,52.694999694824,-2.4493000507355,1.5,https://camra.org.uk/pubs/130929,O,2026-09-11
658,prince of wales|shrewsbury: belle vue|sy3 7nz,England,Shropshire,Prince of Wales,Shrewsbury: Belle Vue,SY3 7NZ,Guest,2026 Q3,H,,venue,52.701506065000004,-2.744403385,openstreetmap-gb-extract,reference_agrees_within_50m,Prince Of Wales,"30 Bynner Street, Belle Vue",Shrewsbury,SY3 7NZ,52.70127,-2.74428,27.5,https://camra.org.uk/pubs/145003,O,2026-09-11
659,kings head|shrewsbury: central|sy1 1pp,England,Shropshire,Kings Head,Shrewsbury: Central,SY1 1PP,Perm,2025 Q4,H,,venue,52.7094555,-2.7564076,openstreetmap-gb-extract,reference_agrees_within_50m,King's Head,48 Mardol,Shrewsbury,SY1 1PP,52.70943,-2.75648,5.6,https://camra.org.uk/pubs/144899,O,2026-09-11
660,cross foxes|shrewsbury: coleham|sy3 7de,England,Shropshire,Cross Foxes,Shrewsbury: Coleham,SY3 7DE,Perm,2026 Q3,H,,venue,52.7042947,-2.7464265,openstreetmap-gb-extract,reference_agrees_within_50m,Cross Foxes,27 Longden Coleham,Shrewsbury,SY3 7DE,52.70429,-2.74643,0.6,https://camra.org.uk/pubs/144749,O,2026-09-11
661,woodman|shrewsbury: coton hill|sy1 2dz,England,Shropshire,Woodman,Shrewsbury: Coton Hill,SY1 2DZ,Perm,2026 Q3,H,,venue,52.7161722,-2.7532835,openstreetmap-gb-extract,reference_agrees_within_50m,Woodman,32 Coton Hill,Shrewsbury,SY1 2DZ,52.71617,-2.75328,0.3,https://camra.org.uk/pubs/145089,O,2026-09-11
662,red lion|shrewsbury: harlescott|sy1 4ab,England,Shropshire,Red Lion,Shrewsbury: Harlescott,SY1 4AB,Guest,2025 Q4,H,,venue,52.74258626363637,-2.7206426272727273,openstreetmap-gb-extract,reference_agrees_within_50m,Red Lion,29 Battlefield Road,Shrewsbury,SY1 4AB,52.74255,-2.72043,14.9,https://camra.org.uk/pubs/145017,O,2026-09-11
663,wheatsheaf hotel|whitchurch|sy13 1ad,England,Shropshire,Wheatsheaf Hotel,Whitchurch,SY13 1AD,Perm,2025 Q4,H,"""now and again""",venue,52.9692913,-2.681767,food-standards-agency-fhrs,reference_agrees_within_50m,Wheatsheaf Hotel,19 Green End,Whitchurch,SY13 1AD,52.9693,-2.6818,2.4,https://camra.org.uk/pubs/145075,O,2026-09-11
664,coeur de lion|bath|ba1 5ar,England,Somerset,Coeur de Lion,Bath,BA1 5AR,Perm,2026 Q3,H,,venue,51.38238576,-2.3596947200000002,openstreetmap-gb-extract,reference_agrees_within_50m,Coeur de Lion,17 Northumberland Place,Bath,BA1 5AR,51.382384,-2.359751,3.9,https://camra.org.uk/pubs/116723,O,2026-09-11
665,curfew inn|bath|ba1 5dg,England,Somerset,Curfew Inn,Bath,BA1 5DG,Perm,2026 Q2,H,,venue,51.389849,-2.357052,food-standards-agency-fhrs,reference_agrees_within_50m,Curfew,11 Cleveland Place West,Bath,BA1 5DG,51.389971,-2.357156,15.4,https://camra.org.uk/pubs/116799,O,2026-09-11
666,ring o bells|bath|ba2 4jt,England,Somerset,Ring o Bells,Bath,BA2 4JT,Perm,2025 Q4,H,,venue,51.376324175,-2.35408925,openstreetmap-gb-extract,reference_agrees_within_50m,Ring O'Bells,10 Widcombe Parade,Bath,BA2 4JT,51.376447,-2.354102,13.7,https://camra.org.uk/pubs/116577,O,2026-09-11
667,star inn|bath|ba1 5na,England,Somerset,Star Inn,Bath,BA1 5NA,Perm,2026 Q3,G/H,,venue,51.38781852857143,-2.3601880714285715,openstreetmap-gb-extract,reference_agrees_within_50m,Star Inn,23 Vineyards,Bath,BA1 5NA,51.387713,-2.360172,11.8,https://camra.org.uk/pubs/116597,O,2026-09-11
668,trinity|bath|ba1 2da,England,Somerset,Trinity,Bath,BA1 2DA,Perm,2025 Q4,H,,venue,51.380865566666664,-2.3636223444444444,openstreetmap-gb-extract,reference_agrees_within_50m,Trinity Inn,49-51 James Street West,Bath,BA1 2DA,51.380842,-2.36367,4.2,https://camra.org.uk/pubs/116598,O,2026-09-11
669,volunteer rifleman's arms|bath|ba1 1bh,England,Somerset,Volunteer Rifleman's Arms,Bath,BA1 1BH,Guest,2026 Q2,H,,venue,51.38284983999999,-2.3603552,openstreetmap-gb-extract,reference_agrees_within_50m,Volunteer Rifleman's Arms,3 New Bond Street Place,Bath,BA1 1BH,51.382917,-2.360374,7.6,https://camra.org.uk/pubs/116601,O,2026-09-11
670,somerset and dorset|burnham-on-sea|ta8 1nz,England,Somerset,Somerset and Dorset,Burnham-on-Sea,TA8 1NZ,Guest,2026 Q2,H,,venue,51.2343647,-2.997543,google-maps-named-place,reference_agrees_within_50m_postcode_conflict,Somerset & Dorset,1 High Street,Burnham On Sea,TA8 1NX,51.234382629395,-2.9974739551544,5.2,https://camra.org.uk/pubs/134015,O,2026-09-11
671,old down inn|emborough|ba3 4sa,England,Somerset,Old Down Inn,Emborough,BA3 4SA,Perm,2025 Q4,H,,venue,51.2595415,-2.5391509,openstreetmap-gb-extract,reference_agrees_within_50m,Old Down Inn,Emborough,Emborough,BA3 4SA,51.259432,-2.539229,13.3,https://camra.org.uk/pubs/116676,O,2026-09-11
672,martlet inn|langford budville|ta21 0qz,England,Somerset,Martlet Inn,Langford Budville,TA21 0QZ,Guest,2025 Q4,H,,venue,50.99730061176471,-3.268621782352941,openstreetmap-gb-extract,no_unambiguous_reference,,,,,,,,,,2026-09-11
673,white hart|midsomer norton|ba3 2hq,England,Somerset,White Hart,Midsomer Norton,BA3 2HQ,Perm,2026 Q2,H,,venue,51.2851882,-2.4837656,openstreetmap,reference_agrees_within_50m,White Hart Hotel,The Island,Midsomer Norton,BA3 2HQ,51.285318,-2.48365,16.5,https://camra.org.uk/pubs/116751,O,2026-09-11
674,clarence house|portishead|bs20 6py,England,Somerset,Clarence House,Portishead,BS20 6PY,Guest,2025 Q4,H,,venue,51.47873597,-2.76793782,openstreetmap-gb-extract,reference_agrees_within_50m,Clarence House,High Street,Portishead,BS20 6PY,51.478735,-2.767728,14.5,https://camra.org.uk/pubs/114787,O,2026-09-11
675,ship inn|portishead|bs20 8jt,England,Somerset,Ship Inn,Portishead,BS20 8JT,Perm,2025 Q4,H,Landlord Vic built the pub and has run it since 1973!,venue,51.4730911,-2.8079612846153847,openstreetmap-gb-extract,reference_agrees_within_50m,Ship,310 Down Road,Portishead,BS20 8JT,51.473205,-2.807995,12.9,https://camra.org.uk/pubs/114508,O,2026-09-11
676,bell|standerwick|ba11 2pr,England,Somerset,Bell,Standerwick,BA11 2PR,Guest,2026 Q1,H,,venue,51.2545976,-2.2602332,openstreetmap-gb-extract,reference_agrees_within_50m,Bell at Standerwick,,Standerwick,BA11 2PR,51.25456,-2.26024,4.2,https://camra.org.uk/pubs/116804,O,2026-09-11
677,pebbles tavern|watchet|ta23 0an,England,Somerset,Pebbles Tavern,Watchet,TA23 0AN,Guest,2026 Q2,H,,venue,51.1827501,-3.3310682,openstreetmap-gb-extract,reference_agrees_within_50m,Pebbles Tavern,24 Market Street,Watchet,TA23 0AN,51.1826,-3.3313,23.2,https://camra.org.uk/pubs/134690,O,2026-09-11
678,vintage inn|wellington|ta21 8aq,England,Somerset,Vintage Inn,Wellington,TA21 8AQ,Perm,2026 Q2,H,,venue,50.9776666625,-3.22836445,openstreetmap-gb-extract,reference_agrees_within_50m,Vintage Inn,24 Fore Street,Wellington,TA21 8AQ,50.977722167969,-3.2283909320831,6.4,https://camra.org.uk/pubs/134501,O,2026-09-11
679,crossways inn|west huntspill|ta9 3ra,England,Somerset,Crossways Inn,West Huntspill,TA9 3RA,Guest,2026 Q2,H,,venue,51.2032167,-2.9886785,openstreetmap-gb-extract,reference_agrees_within_50m,Crossways Inn,Withy Road,West Huntspill,TA9 3RA,51.2033,-2.98873,9.9,https://camra.org.uk/pubs/134097,O,2026-09-11
680,black cat|weston-super-mare|bs23 1hn,England,Somerset,Black Cat,Weston-super-Mare,BS23 1HN,Perm,2026 Q2,H,,venue,51.351062660000004,-2.9793545000000003,openstreetmap-gb-extract,reference_agrees_within_50m,Black Cat,135 High Street,Weston-super-Mare,BS23 1HN,51.351086428381,-2.979279058886,5.9,https://camra.org.uk/pubs/117143,O,2026-09-11
681,white hart|weston-super-mare|bs23 1ry,England,Somerset,White Hart,Weston-super-Mare,BS23 1RY,Perm,2026 Q2,H,,venue,51.3496357,-2.976261,food-standards-agency-fhrs,reference_agrees_within_50m,White Hart,5 Palmer Row,Weston-super-Mare,BS23 1RY,51.349693,-2.97637,9.9,https://camra.org.uk/pubs/117106,O,2026-09-11
682,butchers arms|yatton|bs49 4jd,England,Somerset,Butchers Arms,Yatton,BS49 4JD,Guest,2025 Q4,H,,venue,51.3851315,-2.8163079,openstreetmap-gb-extract,reference_agrees_within_50m,Butchers Arms,31 High Street,Yatton,BS49 4JD,51.385166168213,-2.8163239955902,4.0,https://camra.org.uk/pubs/114467,O,2026-09-11
683,crown|abbots bromley|ws15 3bs,England,Staffordshire,Crown,Abbots Bromley,WS15 3BS,Perm,2026 Q1,H,,venue,52.81868668,-1.88142942,openstreetmap-gb-extract,reference_agrees_within_50m,Crown Inn,Market Place,Abbots Bromley,WS15 3BS,52.818631919466,-1.881555160713,10.4,https://camra.org.uk/pubs/123971,O,2026-09-11
684,goats head|abbots bromley|ws15 3bp,England,Staffordshire,Goats Head,Abbots Bromley,WS15 3BP,Perm,2026 Q3,H,,venue,52.8188184,-1.8824887799999999,openstreetmap-gb-extract,reference_agrees_within_50m,Goats Head,Market Place,Abbots Bromley,WS15 3BP,52.8189,-1.8824,10.9,https://camra.org.uk/pubs/123972,O,2026-09-11
685,crown inn|alrewas|de13 7bs,England,Staffordshire,Crown Inn,Alrewas,DE13 7BS,Perm,2026 Q3,H,,venue,52.7335585,-1.74908,food-standards-agency-fhrs,reference_agrees_within_50m,Crown Inn,7 Post Office Road,Alrewas,DE13 7BS,52.733542,-1.749094,2.1,https://camra.org.uk/pubs/124041,O,2026-09-11
686,plum pudding|armitage|ws15 4az,England,Staffordshire,Plum Pudding,Armitage,WS15 4AZ,Guest,2026 Q2,H,,venue,52.745106286013,-1.894067119626,camra-pubs-location-audit,reference_agrees_within_50m,Plum Pudding,Rugeley Road,Armitage,WS15 4AZ,52.745106286013,-1.894067119626,0.0,https://camra.org.uk/pubs/140943,O,2026-09-11
687,stafford arms|bagnall|st9 9jr,England,Staffordshire,Stafford Arms,Bagnall,ST9 9JR,Perm,2026 Q2,H,,venue,53.055486,-2.10874,camra-pubs-location-audit,reference_agrees_within_50m,Stafford Arms,The Green,Bagnall,ST9 9JR,53.055486,-2.10874,0.0,https://camra.org.uk/pubs/143853,O,2026-09-11
688,sheet anchor|baldwins gate|st5 5bu,England,Staffordshire,Sheet Anchor,Baldwins Gate,ST5 5BU,Perm,2026 Q3,H,also known as The Blockhouse,venue,52.960363,-2.303902,food-standards-agency-fhrs,no_unambiguous_reference,,,,,,,,,,2026-09-11
689,bowls club (pmc)|barton-under-needwood|de13 8ax,England,Staffordshire,Bowls Club (PMC),Barton-under-Needwood,DE13 8AX,Perm,2026 Q2,H,,venue,52.7657,-1.7219,camra-pubs-location-audit,reference_agrees_within_50m,Barton Bowls & Social Club,Dunstall Road,Barton-under-Needwood,DE13 8AX,52.7657,-1.7219,0.0,https://camra.org.uk/pubs/124105,O,2026-09-11
690,middle bell|barton-under-needwood|de13 8aa,England,Staffordshire,Middle Bell,Barton-under-Needwood,DE13 8AA,Guest,2026 Q2,H,,venue,52.76484438999999,-1.7245661399999999,openstreetmap-gb-extract,reference_agrees_within_50m,Middle Bell,33 Main Street,Barton-under-Needwood,DE13 8AA,52.764929400923,-1.724590612268,9.6,https://camra.org.uk/pubs/123995,O,2026-09-11
691,royal oak|barton-under-needwood|de13 8jd,England,Staffordshire,Royal Oak,Barton-under-Needwood,DE13 8JD,Guest,2026 Q3,H,,venue,52.7596607,-1.7313892,openstreetmap-gb-extract,reference_agrees_within_50m,Royal Oak,74 The Green,Barton-under-Needwood,DE13 8JD,52.7596,-1.7315,10.1,https://camra.org.uk/pubs/124048,O,2026-09-11
692,shoulder of mutton|barton-under-needwood|de13 8aa,England,Staffordshire,Shoulder of Mutton,Barton-under-Needwood,DE13 8AA,Perm,2026 Q3,H,,venue,52.764222537500004,-1.72164975,openstreetmap-gb-extract,reference_agrees_within_50m,Shoulder of Mutton,16 Main Street,Barton-under-Needwood,DE13 8AA,52.7642,-1.7219,17.0,https://camra.org.uk/pubs/124042,O,2026-09-11
693,three horseshoes|barton-under-needwood|de13 8dr,England,Staffordshire,Three Horseshoes,Barton-under-Needwood,DE13 8DR,Perm,2026 Q3,H,,venue,52.763351309204,-1.720632944775,camra-pubs-location-audit,reference_agrees_within_50m,Three Horseshoes,2 Station Road,Barton-under-Needwood,DE13 8DR,52.763351309204,-1.720632944775,0.0,https://camra.org.uk/pubs/123997,O,2026-09-11
694,two pigs|barton-under-needwood|de13 8aa,England,Staffordshire,Two Pigs,Barton-under-Needwood,DE13 8AA,Perm,2026 Q2,H,,venue,52.765031883333336,-1.7254212333333332,openstreetmap-gb-extract,reference_agrees_within_50m,Two Pigs,47 Main Street,Barton-under-Needwood,DE13 8AA,52.7651,-1.7254,7.7,https://camra.org.uk/pubs/123996,O,2026-09-11
695,waterfront|barton-under-needwood|de13 8as,England,Staffordshire,Waterfront,Barton-under-Needwood,DE13 8AS,Guest,2026 Q1,H,,venue,52.76037423333334,-1.7082057047619048,openstreetmap-gb-extract,reference_agrees_within_50m_postcode_conflict,Waterfront,Barton Marina,Barton-under-Needwood,DE13 8DZ,52.760475652988,-1.708262098217,11.9,https://camra.org.uk/pubs/124055,O,2026-09-11
696,swan|betley|cw3 9ab,England,Staffordshire,Swan,Betley,CW3 9AB,Perm,2026 Q1,H,,venue,53.0352,-2.36878,camra-and-fsa-location-audit,reference_agrees_within_50m,Swan,Main Road,Betley,CW3 9AB,53.0352,-2.36878,0.0,https://camra.org.uk/pubs/123006,O,2026-09-11
697,roaring meg|biddulph|st8 7ea,England,Staffordshire,Roaring Meg,Biddulph,ST8 7EA,Guest,2026 Q2,H,,venue,53.1211384,-2.160361,openstreetmap-gb-extract,reference_agrees_within_50m,Roaring Meg,40 Pennine Way,Biddulph,ST8 7EA,53.121016,-2.160274,14.8,https://camra.org.uk/pubs/143856,O,2026-09-11
698,royal oak|biddulph|st8 6bl,England,Staffordshire,Royal Oak,Biddulph,ST8 6BL,Perm,2026 Q1,H,,venue,53.1172656,-2.1759329,food-standards-agency-fhrs,reference_agrees_within_50m,Royal Oak,1 Station Road,Biddulph,ST8 6BL,53.117275,-2.175832,6.8,https://camra.org.uk/pubs/143995,O,2026-09-11
699,staffordshire knot|biddulph|st8 6rg,England,Staffordshire,Staffordshire Knot,Biddulph,ST8 6RG,Guest,2026 Q1,H,,venue,53.1267029,-2.17672524,openstreetmap-gb-extract,reference_agrees_within_50m,Staffordshire Knot,Marshfield Lane,Gillow Heath,ST8 6RG,53.126672,-2.176563,11.4,https://camra.org.uk/pubs/143888,O,2026-09-11
700,talbot|biddulph moor|st8 7ry,England,Staffordshire,Talbot,Biddulph Moor,ST8 7RY,Guest,2026 Q1,H,,venue,53.13533872777778,-2.158114633333333,openstreetmap-gb-extract,reference_agrees_within_50m,Talbot Inn,73 Grange Road,Biddulph,ST8 7RY,53.135334,-2.158072,2.9,https://camra.org.uk/pubs/143858,O,2026-09-11
701,swan|bignall end|st7 8qd,England,Staffordshire,Swan,Bignall End,ST7 8QD,Perm,2026 Q1,H,,venue,53.0565157,-2.2931852,openstreetmap-gb-extract,reference_agrees_within_50m,Swan,58 Chapel Street,Bignall End,ST7 8QD,53.056400299072,-2.2936000823975,30.6,https://camra.org.uk/pubs/123075,O,2026-09-11
702,working mens club (pmc)|birchmoor|b78 1af,England,Staffordshire,Working Mens Club (PMC),Birchmoor,B78 1AF,Guest,2026 Q3,H,,venue,52.61053543,-1.63121538,food-standards-agency-fhrs,reference_agrees_within_50m,Birchmoor Working Mens Club,31 New Street,Birchmoor,B78 1AF,52.610551470899,-1.631239708004,2.4,https://camra.org.uk/pubs/131826,O,2026-09-11
703,red lion|boundary|st10 2nu,England,Staffordshire,Red Lion,Boundary,ST10 2NU,Guest,2026 Q1,H,,venue,52.981394,-2.0298076,openstreetmap-gb-extract,reference_agrees_within_50m,Red Lion,,Boundary,ST10 2NU,52.981433,-2.0297704,5.0,https://camra.org.uk/pubs/143862,O,2026-09-11
704,butchers arms|bramshall|st14 5bg,England,Staffordshire,Butchers Arms,Bramshall,ST14 5BG,Perm,2026 Q2,H,,venue,52.8966385,-1.9081603,google-maps-named-place,no_unambiguous_reference,,,,,,,,,,2026-09-11
705,bush|brown edge|st6 8qa,England,Staffordshire,Bush,Brown Edge,ST6 8QA,Perm,2026 Q2,H,,venue,53.0765241,-2.137479,food-standards-agency-fhrs,reference_agrees_within_50m,Bush,181 High Lane,Brown Edge,ST6 8QA,53.076559,-2.137325,11.0,https://camra.org.uk/pubs/143864,O,2026-09-11
706,nelson inn|brown lees|st8 6ph,England,Staffordshire,Nelson Inn,Brown Lees,ST8 6PH,Perm,2026 Q1,H,,venue,53.099298,-2.183616,openstreetmap-gb-extract,reference_agrees_within_50m_postcode_conflict,Nelson Inn,118 Brown Lees Road,Brown Lees,ST8 6PW,53.099049,-2.1834742,29.3,https://camra.org.uk/pubs/143866,O,2026-09-11
707,star|burntwood green|ws7 0hj,England,Staffordshire,Star,Burntwood Green,WS7 0HJ,Guest,2025 Q4,H,,venue,52.6755338,-1.901283,openstreetmap-gb-extract,reference_agrees_within_50m,Star Hotel,Lichfield Road,Burntwood,WS7 0HJ,52.675546934255,-1.901150233135,9.1,https://camra.org.uk/pubs/140959,O,2026-09-11
708,branston golf & country club|burton u-t: branston|de14 3dp,England,Staffordshire,Branston Golf & Country Club,Burton U-T: Branston,DE14 3DP,Perm,2026 Q1,H,,venue,52.783,-1.6526,camra-pubs-location-audit,reference_agrees_within_50m,Branston Golf & Country Club,"Faldo Close, off Burton Road",Burton upon Trent,DE14 3DP,52.783,-1.6526,0.0,https://camra.org.uk/pubs/124077,O,2026-09-11
709,blacksmiths|burton u-t: branston|de14 3ey,England,Staffordshire,Blacksmiths,Burton U-T: Branston,DE14 3EY,Perm,2026 Q2,H,,venue,52.7875,-1.6704,camra-pubs-location-audit,reference_agrees_within_50m,Blacksmiths Arms,Main Street,Burton upon Trent,DE14 3EY,52.7875,-1.6704,0.0,https://camra.org.uk/pubs/123999,O,2026-09-11
710,burton rugby club|burton u-t: branston|de13 9ff,England,Staffordshire,Burton Rugby Club,Burton U-T: Branston,DE13 9FF,Perm,2025 Q4,H,Confirmed not a PMC (Oct 25),venue,52.7893745,-1.6834532,google-maps-named-place,reference_agrees_within_50m_postcode_conflict,Burton Rugby Football Club,"Battlestead Croft, Branston Road",Tatenhill,DE14 3EZ,52.7893,-1.6835,8.9,https://camra.org.uk/pubs/196798,O,2026-09-11
711,corner house|burton u-t: branston|de14 2wf,England,Staffordshire,Corner House,Burton U-T: Branston,DE14 2WF,Guest,2025 Q4,H,,venue,52.7953897625,-1.667993875,openstreetmap-gb-extract,reference_agrees_within_50m,Corner House,"Second Avenue, Wellington Road",Burton upon Trent,DE14 2WF,52.7954,-1.6681,7.2,https://camra.org.uk/pubs/124001,O,2026-09-11
712,gate inn|burton u-t: branston|de14 3ey,England,Staffordshire,Gate Inn,Burton U-T: Branston,DE14 3EY,Perm,2026 Q3,H,,venue,52.78575767142858,-1.6757761285714285,openstreetmap-gb-extract,reference_agrees_within_50m,Gate Inn,Main Street,Burton upon Trent,DE14 3EY,52.785763265534,-1.675744431877,2.2,https://camra.org.uk/pubs/124002,O,2026-09-11
713,trentside cricket club (pmc)|burton u-t: branston|de14 3dp,England,Staffordshire,Trentside Cricket Club (PMC),Burton U-T: Branston,DE14 3DP,Perm,2026 Q1,H,,venue,52.7872505187988,-1.65420198440552,food-standards-agency-fhrs,no_unambiguous_reference,,,,,,,,,,2026-09-11
714,alfred|burton u-t: central|de14 2ld,England,Staffordshire,Alfred,Burton U-T: Central,DE14 2LD,Perm,2026 Q2,H,"""£4.10 normally and £3.60 Monday til Friday 5pm til 7pm"" (Sep 25)",venue,52.809398651123,-1.64131295681,food-standards-agency-fhrs,reference_agrees_within_50m,Alfred,51 Derby Street,Burton upon Trent,DE14 2LD,52.809502026634,-1.641108717179,17.9,https://camra.org.uk/pubs/124056,O,2026-09-11
715,burton albion fc (fan zone)|burton u-t: central|de13 0ar,England,Staffordshire,Burton Albion FC (Fan zone),Burton U-T: Central,DE13 0AR,Perm,2026 Q1,H,,venue,52.8215623,-1.627267,google-maps-named-place,no_unambiguous_reference,,,,,,,,,,2026-09-11
716,burton bridge inn|burton u-t: central|de14 1sy,England,Staffordshire,Burton Bridge Inn,Burton U-T: Central,DE14 1SY,Perm,2026 Q3,H,"""planning on keeping it on as it’s been really popular""",venue,52.8067729,-1.625431,openstreetmap-gb-extract,reference_agrees_within_50m,Burton Bridge Inn,24 Bridge Street,Burton upon Trent,DE14 1SY,52.806857032776,-1.625457084656,9.5,https://camra.org.uk/pubs/124035,O,2026-09-11
717,burton constitutional club (pmc)|burton u-t: central|de14 1je,England,Staffordshire,Burton Constitutional Club (PMC),Burton U-T: Central,DE14 1JE,Perm,2026 Q2,H,,venue,52.8032737,-1.6291705,food-standards-agency-fhrs,reference_agrees_within_50m,Burton Constitutional Club,150 High Street,Burton upon Trent,DE14 1JE,52.803283784616,-1.629178542328,1.2,https://camra.org.uk/pubs/124089,O,2026-09-11
718,coopers tavern|burton u-t: central|de14 1eg,England,Staffordshire,Coopers Tavern,Burton U-T: Central,DE14 1EG,Perm,2026 Q2,G,,venue,52.8047746,-1.6377677,openstreetmap-gb-extract,reference_agrees_within_50m,Coopers Tavern,43 Cross Street,Burton upon Trent,DE14 1EG,52.804670758312,-1.637661606073,13.6,https://camra.org.uk/pubs/124037,O,2026-09-11
719,coppersmiths|burton u-t: central|de14 2jj,England,Staffordshire,Coppersmiths,Burton U-T: Central,DE14 2JJ,Perm,2026 Q3,H,Was Weighbridge,venue,52.807350953069,-1.642810728836,camra-pubs-location-audit,reference_agrees_within_50m,Coppersmiths Inn,"Grain Warehouse Yard, Derby Street",Burton upon Trent,DE14 2JJ,52.807350953069,-1.642810728836,0.0,https://camra.org.uk/pubs/124083,O,2026-09-11
720,devonshire arms|burton u-t: central|de14 1bt,England,Staffordshire,Devonshire Arms,Burton U-T: Central,DE14 1BT,Perm,2026 Q2,H,,venue,52.805363379999996,-1.6380372600000002,openstreetmap-gb-extract,reference_agrees_within_50m,Devonshire Arms,86 Station Street,Burton upon Trent,DE14 1BT,52.805363517138,-1.638018017197,1.3,https://camra.org.uk/pubs/124038,O,2026-09-11
721,dial|burton u-t: central|de14 1bn,England,Staffordshire,Dial,Burton U-T: Central,DE14 1BN,Guest,2026 Q1,H,,venue,52.8039241,-1.6332179,openstreetmap-gb-extract,reference_agrees_within_50m,Dial Restaurant,174-175 Station Street,Burton upon Trent,DE14 1BN,52.803901672363,-1.6331000328064,8.3,https://camra.org.uk/pubs/124067,O,2026-09-11
722,loaf and cheese|burton u-t: central|de14 2nf,England,Staffordshire,Loaf and Cheese,Burton U-T: Central,DE14 2NF,Guest,2026 Q2,H,"""most of the time""",venue,52.8126,-1.6428,camra-pubs-location-audit,reference_agrees_within_50m,Loaf & Cheese,114 Waterloo Street,Burton upon Trent,DE14 2NF,52.8126,-1.6428,0.0,https://camra.org.uk/pubs/123938,O,2026-09-11
723,long hop|burton u-t: central|de14 3rw,England,Staffordshire,Long Hop,Burton U-T: Central,DE14 3RW,Guest,2026 Q3,H,,venue,52.80046734375,-1.62918611875,openstreetmap-gb-extract,reference_agrees_within_50m,Long Hop,Manor Drive,Burton upon Trent,DE14 3RW,52.800379187462,-1.629094635582,11.6,https://camra.org.uk/pubs/124080,O,2026-09-11
724,olde royal oak|burton u-t: central|de14 1ha,England,Staffordshire,Olde Royal Oak,Burton U-T: Central,DE14 1HA,Perm,2026 Q2,H,,venue,52.801646487239,-1.629883906746,camra-pubs-location-audit,reference_agrees_within_50m,Olde Royal Oak,11 Market Place,Burton upon Trent,DE14 1HA,52.801646487239,-1.629883906746,0.0,https://camra.org.uk/pubs/123920,O,2026-09-11
725,roebuck|burton u-t: central|de14 1bt,England,Staffordshire,Roebuck,Burton U-T: Central,DE14 1BT,Perm,2026 Q2,H,,venue,52.805907701845,-1.639602011657,camra-pubs-location-audit,reference_agrees_within_50m,Roebuck Inn,101 Station Street,Burton upon Trent,DE14 1BT,52.805907701845,-1.639602011657,0.0,https://camra.org.uk/pubs/123922,O,2026-09-11
726,wyggeston hotel|burton u-t: central|de13 0un,England,Staffordshire,Wyggeston Hotel,Burton U-T: Central,DE13 0UN,Perm,2026 Q2,H,,venue,52.8207,-1.6495,camra-pubs-location-audit,reference_agrees_within_50m,Wyggeston,123 Calais Road,Burton upon Trent,DE13 0UN,52.8207,-1.6495,0.0,https://camra.org.uk/pubs/123954,O,2026-09-11
727,uxbridge arms|burton u-t: central|de14 3lr,England,Staffordshire,Uxbridge Arms,Burton U-T: Central,DE14 3LR,Perm,2026 Q2,H,,venue,52.7963814,-1.6387799,food-standards-agency-fhrs,reference_agrees_within_50m,Uxbridge Arms,1 Queen Street,Burton upon Trent,DE14 3LR,52.7963,-1.6389,12.1,https://camra.org.uk/pubs/123947,O,2026-09-11
728,navigation|burton u-t: horninglow|de14 2pt,England,Staffordshire,Navigation,Burton U-T: Horninglow,DE14 2PT,Perm,2026 Q1,H,,venue,52.8184,-1.6397,camra-pubs-location-audit,reference_agrees_within_50m,Navigation,120 Horninglow Road,Burton upon Trent,DE14 2PT,52.8184,-1.6397,0.0,https://camra.org.uk/pubs/123939,O,2026-09-11
729,burton tennis and squash club (pmc)|burton u-t: stapenhill|de15 0lq,England,Staffordshire,Burton Tennis and Squash Club (PMC),Burton U-T: Stapenhill,DE15 0LQ,Guest,2026 Q3,H,,venue,52.803356753798,-1.605533703041,camra-pubs-location-audit,reference_agrees_within_50m,Burton Tennis & Squash Club,Ashby Road,Burton upon Trent,DE15 0LQ,52.803356753798,-1.605533703041,0.0,https://camra.org.uk/pubs/124076,O,2026-09-11
730,elms inn|burton u-t: stapenhill|de15 9ae,England,Staffordshire,Elms Inn,Burton U-T: Stapenhill,DE15 9AE,Perm,2026 Q1,H,,venue,52.8014928,-1.6213555,openstreetmap-gb-extract,reference_agrees_within_50m,Elms Inn,36 Stapenhill Road,Burton upon Trent,DE15 9AE,52.801508108026,-1.621318368053,3.0,https://camra.org.uk/pubs/124045,O,2026-09-11
731,grove|burton u-t: stapenhill|de15 9dq,England,Staffordshire,Grove,Burton U-T: Stapenhill,DE15 9DQ,Guest,2026 Q3,H,,venue,52.7946166992188,-1.61502194404602,food-standards-agency-fhrs,reference_agrees_within_50m,Grove,1 Merrydale Road,Burton upon Trent,DE15 9DQ,52.794486469474,-1.615689823418,47.2,https://camra.org.uk/pubs/123961,O,2026-09-11
732,stapenhill institute|burton u-t: stapenhill|de15 9ap,England,Staffordshire,Stapenhill Institute,Burton U-T: Stapenhill,DE15 9AP,Perm,2026 Q3,H,,venue,52.7936442,-1.6229348,food-standards-agency-fhrs,reference_agrees_within_50m,Stapenhill Institute Club,"23 Main Street, Stapenhill",Burton upon Trent,DE15 9AP,52.7936,-1.6231,12.1,https://camra.org.uk/pubs/124102,O,2026-09-11
733,waterloo|burton u-t: winshill|de15 0lq,England,Staffordshire,Waterloo,Burton U-T: Winshill,DE15 0LQ,Perm,2026 Q3,H,,venue,52.80401945814,-1.605987347221,camra-pubs-location-audit,reference_agrees_within_50m,Waterloo Inn,50 Ashby Road,Burton upon Trent,DE15 0LQ,52.80401945814,-1.605987347221,0.0,https://camra.org.uk/pubs/124066,O,2026-09-11
734,black lion|butterton|st13 7sp,England,Staffordshire,Black Lion,Butterton,ST13 7SP,Perm,2026 Q2,H,,venue,53.106106,-1.888879,camra-pubs-location-audit,reference_agrees_within_50m,Black Lion Inn,Church Lane,"Butterton, nr Leek",ST13 7SP,53.106106,-1.888879,0.0,https://camra.org.uk/pubs/143948,O,2026-09-11
735,newhall arms|cannock|ws11 1bn,England,Staffordshire,Newhall Arms,Cannock,WS11 1BN,Guest,2026 Q2,H,,venue,52.6893238,-2.0328109,openstreetmap-gb-extract,reference_agrees_within_50m,New Hall Arms,"81 Newhall Street, High Green",Cannock,WS11 1BN,52.689252026247,-2.032858701438,8.6,https://camra.org.uk/pubs/140929,O,2026-09-11
736,auctioneers arms|caverswall|st11 9eq,England,Staffordshire,Auctioneers Arms,Caverswall,ST11 9EQ,Perm,2026 Q3,H,,venue,52.987826,-2.0828244,openstreetmap-gb-extract,reference_agrees_within_50m,Auctioneers Arms,The Green,Caverswall,ST11 9EQ,52.987871,-2.0828271,5.0,https://camra.org.uk/pubs/143867,O,2026-09-11
737,cricket club|caverswall|st3 6pj,England,Staffordshire,Cricket Club,Caverswall,ST3 6PJ,Guest,2026 Q1,H,,venue,52.9890596,-2.0909717,google-maps-named-place,no_unambiguous_reference,,,,,,,,,,2026-09-11
738,bakers arms|cheadle|st10 1aa,England,Staffordshire,Bakers Arms,Cheadle,ST10 1AA,Guest,2026 Q2,H,"""on occaision"" (June 25)",venue,52.98771,-1.9885016,food-standards-agency-fhrs,reference_agrees_within_50m,Bakers Arms,21 High Street,Cheadle,ST10 1AA,52.987737,-1.988512,3.1,https://camra.org.uk/pubs/143996,O,2026-09-11
739,red lion|checkley|st10 4nj,England,Staffordshire,Red Lion,Checkley,ST10 4NJ,Perm,2026 Q2,H,,venue,52.9380223,-1.9602041,openstreetmap-gb-extract,reference_agrees_within_50m,Red Lion,28 Church Lane,Checkley,ST10 4NJ,52.938152,-1.960139,15.1,https://camra.org.uk/pubs/128013,O,2026-09-11
740,black lion|cheddleton|st13 7hp,England,Staffordshire,Black Lion,Cheddleton,ST13 7HP,Perm,2026 Q3,H,,venue,53.06911882857143,-2.044158557142857,openstreetmap-gb-extract,reference_agrees_within_50m,Black Lion,12 Hollow Lane,Cheddleton,ST13 7HP,53.069117,-2.0441669,0.6,https://camra.org.uk/pubs/143877,O,2026-09-11
741,red lion|cheddleton|st13 7hn,England,Staffordshire,Red Lion,Cheddleton,ST13 7HN,Guest,2026 Q1,H,,venue,53.0692798625,-2.0420049000000002,openstreetmap-gb-extract,reference_agrees_within_50m,Red Lion,37 Cheadle Road,Cheddleton,ST13 7HN,53.069287428765,-2.041989042922,1.4,https://camra.org.uk/pubs/143878,O,2026-09-11
742,malt shovel|chorley|ws13 8dd,England,Staffordshire,Malt Shovel,Chorley,WS13 8DD,Perm,2026 Q2,H,,venue,52.69815029230769,-1.8980569384615384,openstreetmap-gb-extract,reference_agrees_within_50m,Malt Shovel,Lower Lane,Chorley,WS13 8DD,52.698138096341,-1.897556559525,33.7,https://camra.org.uk/pubs/140968,O,2026-09-11
743,star|church leigh|st10 4pt,England,Staffordshire,Star,Church Leigh,ST10 4PT,Guest,2026 Q3,H,,venue,52.92010152,-1.9646141199999998,openstreetmap-gb-extract,reference_agrees_within_50m,Star,,Church Leigh,ST10 4PT,52.920125226076,-1.9646047105632,2.7,https://camra.org.uk/pubs/128023,C,2026-09-11
744,green man|clifton campville|b79 0ax,England,Staffordshire,Green Man,Clifton Campville,B79 0AX,Perm,2026 Q3,H,,venue,52.6961294,-1.6211783,openstreetmap-gb-extract,reference_agrees_within_50m,Green Man,Main Street,Clifton Campville,B79 0AX,52.696066,-1.621203,7.2,https://camra.org.uk/pubs/131602,O,2026-09-11
745,black lion|consall|st9 0aj,England,Staffordshire,Black Lion,Consall,ST9 0AJ,Guest,2026 Q2,H,,venue,53.039678,-2.0012821,camra-pubs-location-audit,reference_agrees_within_50m,Black Lion,,Consall Forge,ST9 0AJ,53.039678,-2.0012821,0.0,https://camra.org.uk/pubs/143944,O,2026-09-11
746,star inn|copmere end|st21 6ew,England,Staffordshire,Star Inn,Copmere End,ST21 6EW,Perm,2026 Q2,H,,venue,52.86201605555556,-2.2939041555555555,openstreetmap-gb-extract,reference_agrees_within_50m,Star Inn,,"Copmere End, Eccleshall",ST21 6EW,52.861999511719,-2.2938799858093,2.5,https://camra.org.uk/pubs/145834,O,2026-09-11
747,red lion aka romping cat|dayhills|st15 8ru,England,Staffordshire,Red Lion aka Romping Cat,Dayhills,ST15 8RU,Perm,2025 Q4,H,,venue,52.893105,-2.063052,camra-pubs-location-audit,reference_agrees_within_50m,Red Lion,Uttoxeter Road,Dayhills,ST15 8RU,52.893105,-2.063052,0.0,https://camra.org.uk/pubs/145933,O,2026-09-11
748,charlie bassetts|dilhorne|st10 2pq,England,Staffordshire,Charlie Bassetts,Dilhorne,ST10 2PQ,Perm,2026 Q3,H,,venue,52.9880447387695,-2.04433488845825,food-standards-agency-fhrs,no_unambiguous_reference,,,,,,,,,,2026-09-11
749,swan|draycott-in-the-clay|de6 5gz,England,Staffordshire,Swan,Draycott-in-the-Clay,DE6 5GZ,Guest,2026 Q2,H,,venue,52.8571,-1.7697,camra-pubs-location-audit,reference_agrees_within_50m,Swan Inn,Lichfield Road,Draycott-in-the-Clay,DE6 5GZ,52.8571,-1.7697,0.0,https://camra.org.uk/pubs/123979,O,2026-09-11
750,bell|eccleshall|st21 6bz,England,Staffordshire,Bell,Eccleshall,ST21 6BZ,Perm,2026 Q2,H,,venue,52.8598092,-2.2527497,food-standards-agency-fhrs,reference_agrees_within_50m,Bell Inn,16 High Street,Eccleshall,ST21 6BZ,52.859664916992,-2.2529089450836,19.3,https://camra.org.uk/pubs/145882,O,2026-09-11
751,ecclian|eccleshall|st21 6bw,England,Staffordshire,Ecclian,Eccleshall,ST21 6BW,Perm,2026 Q2,H,,venue,52.859517,-2.253492,camra-pubs-location-audit,reference_agrees_within_50m,Ecclian,27 High Street,Eccleshall,ST21 6BW,52.859517,-2.253492,0.0,https://camra.org.uk/pubs/145994,O,2026-09-11
752,star inn|eccleshall|st21 6ew,England,Staffordshire,Star Inn,Eccleshall,ST21 6EW,Perm,2026 Q2,H,,venue,52.86201605555556,-2.2939041555555555,openstreetmap-gb-extract,reference_agrees_within_50m,Star Inn,,"Copmere End, Eccleshall",ST21 6EW,52.861999511719,-2.2938799858093,2.5,https://camra.org.uk/pubs/145834,O,2026-09-11
753,crown|elford|b79 9db,England,Staffordshire,Crown,Elford,B79 9DB,Perm,2026 Q3,H,,venue,52.6917907,-1.722372,openstreetmap-gb-extract,reference_agrees_within_50m,Crown Inn,The Square,Elford,B79 9DB,52.691808,-1.722367,2.0,https://camra.org.uk/pubs/131795,O,2026-09-11
754,black horse|endon|st9 9ba,England,Staffordshire,Black Horse,Endon,ST9 9BA,Perm,2026 Q3,H,,venue,53.0834081,-2.1017899,openstreetmap-gb-extract,reference_agrees_within_50m,Black Horse,381 Leek Road,Endon,ST9 9BA,53.08336,-2.101703,7.9,https://camra.org.uk/pubs/143883,O,2026-09-11
755,plough|endon|st9 9be,England,Staffordshire,Plough,Endon,ST9 9BE,Guest,2026 Q2,H,,venue,53.07882295454545,-2.1085675545454547,openstreetmap-gb-extract,no_unambiguous_reference,,,,,,,,,,2026-09-11
756,plough and harrow|fazeley|b78 3rf,England,Staffordshire,Plough and Harrow,Fazeley,B78 3RF,Perm,2025 Q4,H,,venue,52.61399421111111,-1.6967393777777777,openstreetmap-gb-extract,reference_agrees_within_50m,Plough & Harrow,Atherstone Street,Fazeley,B78 3RF,52.6142,-1.69694,26.6,https://camra.org.uk/pubs/131620,O,2026-09-11
757,three horseshoes|fazeley|b78 3rd,England,Staffordshire,Three Horseshoes,Fazeley,B78 3RD,Perm,2026 Q2,H,,venue,52.613765,-1.698808,camra-pubs-location-audit,reference_agrees_within_50m,Three Horseshoes,New Street,Fazeley,B78 3RD,52.613765,-1.698808,0.0,https://camra.org.uk/pubs/131799,O,2026-09-11
758,roebuck inn|forsbrook|st11 9bx,England,Staffordshire,Roebuck Inn,Forsbrook,ST11 9BX,Perm,2026 Q2,H,,venue,52.970962,-2.053606,camra-pubs-location-audit,reference_agrees_within_50m,Roebuck Inn,21 Cheadle Road,Forsbrook,ST11 9BX,52.970962,-2.053606,0.0,https://camra.org.uk/pubs/143885,O,2026-09-11
759,fox and goose|foxt|st10 2hn,England,Staffordshire,Fox and Goose,Foxt,ST10 2HN,Guest,2026 Q1,H,,venue,53.034290070588234,-1.9492696411764707,openstreetmap-gb-extract,reference_agrees_within_50m,Fox & Goose,Fox Lane,Foxt,ST10 2HN,53.03428,-1.9492882,1.7,https://camra.org.uk/pubs/143886,O,2026-09-11
760,ye olde windmill|gentleshaw|ws15 4nf,England,Staffordshire,Ye Olde Windmill,Gentleshaw,WS15 4NF,Perm,2026 Q2,H,,venue,52.704137389829,-1.925503116567,camra-pubs-location-audit,reference_agrees_within_50m,Olde Windmill,Windmill Lane,Gentleshaw,WS15 4NF,52.704137389829,-1.925503116567,0.0,https://camra.org.uk/pubs/140971,O,2026-09-11
761,staffordshire knot|gillow heath|st8 6rg,England,Staffordshire,Staffordshire Knot,Gillow Heath,ST8 6RG,Perm,2026 Q2,H,,venue,53.1267029,-2.17672524,openstreetmap-gb-extract,reference_agrees_within_50m,Staffordshire Knot,Marshfield Lane,Gillow Heath,ST8 6RG,53.126672,-2.176563,11.4,https://camra.org.uk/pubs/143888,O,2026-09-11
762,clifford arms|great haywood|st18 0sr,England,Staffordshire,Clifford Arms,Great Haywood,ST18 0SR,Perm,2026 Q3,H,,venue,52.8018971125,-2.00609975,openstreetmap-gb-extract,reference_agrees_within_50m,Clifford Arms,Main Road,Great Haywood,ST18 0SR,52.801826477051,-2.0059719085693,11.6,https://camra.org.uk/pubs/145877,O,2026-09-11
763,shoulder of mutton|hamstall ridware|ws15 3rz,England,Staffordshire,Shoulder of Mutton,Hamstall Ridware,WS15 3RZ,Perm,2026 Q2,H,,venue,52.7683906555176,-1.8405510187149,food-standards-agency-fhrs,reference_agrees_within_50m,Shoulder of Mutton,Yoxall Road,Hamstall Ridware,WS15 3RZ,52.768326972172,-1.841205364418,44.6,https://camra.org.uk/pubs/124005,O,2026-09-11
764,cock inn|hanbury|de13 8td,England,Staffordshire,Cock Inn,Hanbury,DE13 8TD,Perm,2026 Q3,H,,venue,52.847994172727276,-1.7429462818181818,openstreetmap-gb-extract,reference_agrees_within_50m,Cock Inn,Hanbury Hill,Hanbury,DE13 8TD,52.848,-1.7431,10.3,https://camra.org.uk/pubs/123980,O,2026-09-11
765,railway|halmer end|st7 8ag,England,Staffordshire,Railway,Halmer End,ST7 8AG,Perm,2025 Q4,H,,venue,53.039074175456,-2.306187605171,camra-pubs-location-audit,reference_agrees_within_50m,Railway,High Street,Halmerend,ST7 8AG,53.039074175456,-2.306187605171,0.0,https://camra.org.uk/pubs/123016,O,2026-09-11
766,royal oak|harriseahead|st7 4jt,England,Staffordshire,Royal Oak,Harriseahead,ST7 4JT,Perm,2026 Q1,H,,venue,53.10107,-2.207903,food-standards-agency-fhrs,reference_agrees_within_50m,Royal Oak,42 High Street,Harriseahead,ST7 4JT,53.10095,-2.208163,21.9,https://camra.org.uk/pubs/123076,O,2026-09-11
767,five ways|heath hayes|ws12 3hu,England,Staffordshire,Five Ways,Heath Hayes,WS12 3HU,Perm,2026 Q2,H,"""Newly refurbed, landlord is a fellow Bass lover perm £3.30"" (May 26)",venue,52.687216297886,-1.97821143055,camra-pubs-location-audit,reference_agrees_within_50m,Five Ways,Hednesford Road,Heath Hayes,WS12 3HU,52.687216297886,-1.97821143055,0.0,https://camra.org.uk/pubs/141046,O,2026-09-11
768,cross keys hotel|hednesford|ws12 2dn,England,Staffordshire,Cross Keys Hotel,Hednesford,WS12 2DN,Perm,2026 Q2,H,,venue,52.7004778,-1.9971063,food-standards-agency-fhrs,reference_agrees_within_50m,Cross Keys Hotel,42 Hill Street,Hednesford,WS12 2DN,52.700422033496,-1.996888875754,15.9,https://camra.org.uk/pubs/141007,O,2026-09-11
769,chadwick arms|hill ridware|ws15 3qx,England,Staffordshire,Chadwick Arms,Hill Ridware,WS15 3QX,Perm,2026 Q2,H,Confirmed by landlord on Fb grp Jun 26,venue,52.75848836428571,-1.8804717642857143,openstreetmap-gb-extract,reference_agrees_within_50m,Chadwick Arms,81 Uttoxeter Road,Hill Ridware,WS15 3QX,52.758427594595,-1.880667813492,14.8,https://camra.org.uk/pubs/124006,O,2026-09-11
770,meynell ingram arms|hoar cross|de13 8rb,England,Staffordshire,Meynell Ingram Arms,Hoar Cross,DE13 8RB,Perm,2026 Q3,H,,venue,52.8069204,-1.8044641,openstreetmap-gb-extract,reference_agrees_within_50m,Meynell Ingram Arms,Abbots Bromley Road,Hoar Cross,DE13 8RB,52.807,-1.8046,12.7,https://camra.org.uk/pubs/124036,O,2026-09-11
771,raddle|hollington|st10 4hq,England,Staffordshire,Raddle,Hollington,ST10 4HQ,Perm,2026 Q2,H,,venue,52.9543056878,-1.920541959036,camra-pubs-location-audit,reference_agrees_within_50m,Raddle Inn,Quarry Bank,Hollington,ST10 4HQ,52.9543056878,-1.920541959036,0.0,https://camra.org.uk/pubs/128014,O,2026-09-11
772,coton and hopwas social club (pmc)|hopwas|b78 3ad,England,Staffordshire,Coton and Hopwas Social Club (PMC),Hopwas,B78 3AD,Perm,2026 Q3,H,,venue,52.64431106666667,-1.737811022222222,openstreetmap-gb-extract,reference_agrees_within_50m,Coton & Hopwas Social Club,School Lane,Hopwas,B78 3AD,52.644373,-1.737785,7.1,https://camra.org.uk/pubs/131836,O,2026-09-11
773,manifold inn|hulme end|sk17 0ex,England,Staffordshire,Manifold Inn,Hulme End,SK17 0EX,Perm,2026 Q3,H,,venue,53.1303789,-1.8423168,openstreetmap-gb-extract,reference_agrees_within_50m,Manifold Inn,,Hulme End,SK17 0EX,53.130393353187,-1.842279006711,3.0,https://camra.org.uk/pubs/143976,O,2026-09-11
774,old red lion|ipstones|st10 2na,England,Staffordshire,Old Red Lion,Ipstones,ST10 2NA,Guest,2026 Q2,H,,venue,53.04655701666667,-1.971055,openstreetmap-gb-extract,reference_agrees_within_50m,Old Red Lion,Froghall Road,Ipstones,ST10 2NA,53.046457,-1.9709936,11.9,https://camra.org.uk/pubs/143891,O,2026-09-11
775,crown and thistle|kidsgrove|st7 4ey,England,Staffordshire,Crown and Thistle,Kidsgrove,ST7 4EY,Perm,2026 Q1,H,"£3 for a pint of Bass, all day, every Tuesday",venue,53.084537536363634,-2.233915009090909,openstreetmap-gb-extract,reference_agrees_within_50m,Crown & Thistle,143 Liverpool Road,Kidsgrove,ST7 4EY,53.084553164048,-2.233881604824,2.8,https://camra.org.uk/pubs/123129,O,2026-09-11
776,labour club (pmc)|kidsgrove|st7 4ab,England,Staffordshire,Labour Club (PMC),Kidsgrove,ST7 4AB,Guest,2026 Q1,H,,venue,53.086751,-2.237602,camra-pubs-location-audit,reference_agrees_within_50m,Kidsgrove Labour Club,52 Market Street,Kidsgrove,ST7 4AB,53.086751,-2.237602,0.0,https://camra.org.uk/pubs/123199,O,2026-09-11
777,plough|kidsgrove|st7 4ew,England,Staffordshire,Plough,Kidsgrove,ST7 4EW,Perm,2026 Q1,H,,venue,53.085003574465,-2.236486591263,camra-pubs-location-audit,reference_agrees_within_50m,Plough Inn,105 Liverpool Road,Kidsgrove,ST7 4EW,53.085003574465,-2.236486591263,0.0,https://camra.org.uk/pubs/123022,O,2026-09-11
778,queens head|kidsgrove|st7 4ab,England,Staffordshire,Queens Head,Kidsgrove,ST7 4AB,Perm,2026 Q1,H,,venue,53.08703,-2.2385753,openstreetmap-gb-extract,reference_agrees_within_50m,Queens Head,28 Market Street,Kidsgrove,ST7 4AB,53.087038,-2.238581,1.0,https://camra.org.uk/pubs/123023,O,2026-09-11
779,railway inn|kidsgrove|st7 1ea,England,Staffordshire,Railway Inn,Kidsgrove,ST7 1EA,Guest,2025 Q4,H,,venue,53.0872448,-2.24317968,openstreetmap-gb-extract,reference_agrees_within_50m,Railway Inn,Liverpool Road,Kidsgrove,ST7 1EA,53.087241762084,-2.243108248024,4.8,https://camra.org.uk/pubs/123184,O,2026-09-11
780,shrewsbury arms|kingstone|st14 8qh,England,Staffordshire,Shrewsbury Arms,Kingstone,ST14 8QH,Perm,2026 Q2,H,,venue,52.86549933333333,-1.9115119444444444,openstreetmap-gb-extract,reference_agrees_within_50m,Shrewsbury Arms,Uttoxeter Road,Kingstone,ST14 8QH,52.865457,-1.911586,6.8,https://camra.org.uk/pubs/128030,O,2026-09-11
781,bankers draught|leek|st13 5jn,England,Staffordshire,Bankers Draught,Leek,ST13 5JN,Guest,2026 Q2,H,,venue,53.1053762,-2.0217048,food-standards-agency-fhrs,reference_agrees_within_50m,Bankers Draught,83 Haywood Street,Leek,ST13 5JN,53.10541,-2.02157,9.8,https://camra.org.uk/pubs/199121,O,2026-09-11
782,benks|leek|st13 6dh,England,Staffordshire,Benks,Leek,ST13 6DH,Perm,2026 Q3,H,,venue,53.107136,-2.022844,camra-pubs-location-audit,reference_agrees_within_50m,Benks,39 Stockwell Street,Leek,ST13 6DH,53.107136,-2.022844,0.0,https://camra.org.uk/pubs/143897,O,2026-09-11
783,blue mugge|leek|st13 6lj,England,Staffordshire,Blue Mugge,Leek,ST13 6LJ,Perm,2026 Q2,H,,venue,53.1068522,-2.0160221,openstreetmap-gb-extract,reference_agrees_within_50m,Blue Mugge,17 Osborne Street,Leek,ST13 6LJ,53.106833,-2.0159926,2.9,https://camra.org.uk/pubs/143900,O,2026-09-11
784,britannia|leek|st13 8aa,England,Staffordshire,Britannia,Leek,ST13 8AA,Perm,2026 Q1,H,,venue,53.1066146,-2.0308322,food-standards-agency-fhrs,reference_agrees_within_50m,Britannia Inn,46 West Street,Leek,ST13 8AA,53.106581,-2.030876,4.7,https://camra.org.uk/pubs/143949,O,2026-09-11
785,cobblers|leek|st13 5jf,England,Staffordshire,Cobblers,Leek,ST13 5JF,Perm,2026 Q2,H,,venue,53.1052229,-2.0240946,food-standards-agency-fhrs,reference_agrees_within_50m,Cobblers,1-5 Russell Street,Leek,ST13 5JF,53.10523,-2.0241403,3.2,https://camra.org.uk/pubs/143974,O,2026-09-11
786,dyers arms|leek|st13 8jz,England,Staffordshire,Dyers Arms,Leek,ST13 8JZ,Perm,2026 Q2,H,,venue,53.1095142,-2.0362443,google-maps-named-place,reference_agrees_within_50m_postcode_conflict,Dyers Arms,3 Macclesfield Road,Leek,ST13 8LD,53.109505,-2.036247,1.0,https://camra.org.uk/pubs/143903,O,2026-09-11
787,earl grey|leek|st13 5at,England,Staffordshire,Earl Grey,Leek,ST13 5AT,Perm,2026 Q3,H,,venue,53.1047836,-2.0177761,food-standards-agency-fhrs,reference_agrees_within_50m,Earl Grey Inn,38 Ashbourne Road,Leek,ST13 5AT,53.1048,-2.0177637,2.0,https://camra.org.uk/pubs/143964,O,2026-09-11
788,fountain inn|leek|st13 6jr,England,Staffordshire,Fountain Inn,Leek,ST13 6JR,Perm,2026 Q3,H,,venue,53.10578884,-2.0190178,openstreetmap-gb-extract,reference_agrees_within_50m,Fountain Inn,14 Fountain Street,Leek,ST13 6JR,53.105829,-2.0189934,4.8,https://camra.org.uk/pubs/143960,O,2026-09-11
789,inkspot|leek|st13 6hx,England,Staffordshire,Inkspot,Leek,ST13 6HX,Guest,2026 Q3,H,,venue,53.1064453125,-2.02351498603821,food-standards-agency-fhrs,no_unambiguous_reference,,,,,,,,,,2026-09-11
790,leek golf club|leek|st13 5re,England,Staffordshire,Leek Golf Club,Leek,ST13 5RE,Guest,2026 Q2,H,,venue,53.0934,-2.02209,camra-pubs-location-audit,reference_agrees_within_50m,Leek Golf Club,"Cheddleton road, Birchall",Leek,ST13 5RE,53.0934,-2.02209,0.0,https://camra.org.uk/pubs/143984,O,2026-09-11
791,bowling green|lichfield|ws13 6qj,England,Staffordshire,Bowling Green,Lichfield,WS13 6QJ,Guest,2026 Q3,H,,venue,52.679195676190474,-1.8345711571428571,openstreetmap-gb-extract,reference_agrees_within_50m,Bowling Green,Friary Road,Lichfield,WS13 6QJ,52.6791,-1.83458,10.7,https://camra.org.uk/pubs/131776,O,2026-09-11
792,george iv|lichfield|ws13 6lu,England,Staffordshire,George IV,Lichfield,WS13 6LU,Perm,2026 Q2,H,,venue,52.6830946,-1.8269589,openstreetmap-gb-extract,reference_agrees_within_50m,George IV,34 Bore Street,Lichfield,WS13 6LU,52.683127,-1.827035,6.3,https://camra.org.uk/pubs/131657,O,2026-09-11
793,horse and jockey|lichfield|ws13 6qa,England,Staffordshire,Horse and Jockey,Lichfield,WS13 6QA,Perm,2026 Q3,H,,venue,52.6824801,-1.8306773,openstreetmap-gb-extract,reference_agrees_within_50m,Horse & Jockey,8-10 Sandford Street,Lichfield,WS13 6QA,52.682436,-1.830647,5.3,https://camra.org.uk/pubs/131785,O,2026-09-11
794,dog and partridge|marchington|st14 8lj,England,Staffordshire,Dog and Partridge,Marchington,ST14 8LJ,Perm,2026 Q2,H,,venue,52.874128354545455,-1.7990488727272727,openstreetmap-gb-extract,reference_agrees_within_50m,Dog & Partridge,Church Lane,Marchington,ST14 8LJ,52.874099731445,-1.7990800142288,3.8,https://camra.org.uk/pubs/128025,O,2026-09-11
795,green man|milwich|st18 0eg,England,Staffordshire,Green Man,Milwich,ST18 0EG,Perm,2026 Q3,H,,venue,52.8878115,-2.0430979,openstreetmap-gb-extract,reference_agrees_within_50m,Green Man,Sandon Lane,Milwich,ST18 0EG,52.887798309326,-2.0431499481201,3.8,https://camra.org.uk/pubs/145879,O,2026-09-11
796,boar|moddershall|st15 8tg,England,Staffordshire,Boar,Moddershall,ST15 8TG,Guest,2026 Q2,H,,venue,52.929000854492,-2.1110999584198,camra-pubs-location-audit,reference_agrees_within_50m,Boar Inn,Moddershall Oaks,Moddershall,ST15 8TG,52.929000854492,-2.1110999584198,0.0,https://camra.org.uk/pubs/145886,O,2026-09-11
797,ash inn|mow cop|st7 4ne,England,Staffordshire,Ash Inn,Mow Cop,ST7 4NE,Guest,2026 Q1,H,,venue,53.1092113,-2.2154228,openstreetmap-gb-extract,reference_agrees_within_50m,Ash Inn,91 Mow Cop Road,Mow Cop,ST7 4NE,53.10927,-2.215442,6.7,https://camra.org.uk/pubs/123033,O,2026-09-11
798,red lion|newborough|de13 8sh,England,Staffordshire,Red Lion,Newborough,DE13 8SH,Perm,2026 Q3,H,,venue,52.8256463,-1.7992807,openstreetmap,reference_agrees_within_50m,Red Lion,Duffield Lane,Newborough,DE13 8SH,52.825665154877,-1.799302099371,2.5,https://camra.org.uk/pubs/123982,O,2026-09-11
799,bradwell working mens club (pmc)|newcastle-u-l: bradwell|st5 8ja,England,Staffordshire,Bradwell Working Mens Club (PMC),Newcastle-U-L: Bradwell,ST5 8JA,Perm,2026 Q2,H,,venue,53.041765,-2.23436,camra-pubs-location-audit,reference_agrees_within_50m,Bradwell & District Working Mens Club,Bradwell Lane,Bradwell,ST5 8JA,53.041765,-2.23436,0.0,https://camra.org.uk/pubs/123211,O,2026-09-11
800,45 club (pmc)|newcastle-u-l: central|st5 1ds,England,Staffordshire,45 Club (PMC),Newcastle-U-L: Central,ST5 1DS,Perm,2026 Q2,H,"No CAMRA listing, use their Facebook",venue,53.0093065,-2.2165397,google-maps-named-place,no_unambiguous_reference,,,,,,,,,,2026-09-11
801,boat and horses|newcastle-u-l: central|st5 1lu,England,Staffordshire,Boat and Horses,Newcastle-U-L: Central,ST5 1LU,Perm,2026 Q3,H,,venue,53.007648655555556,-2.2249475,openstreetmap-gb-extract,reference_agrees_within_50m,Boat & Horses,2 Stubbs Gate,Newcastle-under-Lyme,ST5 1LU,53.007674775873,-2.224954626984,2.9,https://camra.org.uk/pubs/123100,O,2026-09-11
802,castle mona|newcastle-u-l: central|st5 1nt,England,Staffordshire,Castle Mona,Newcastle-U-L: Central,ST5 1NT,Perm,2026 Q2,H,,venue,53.006993,-2.220952,food-standards-agency-fhrs,reference_agrees_within_50m,Castle Mona,4 Victoria Street,Newcastle-under-Lyme,ST5 1NT,53.00687650351,-2.221270859241,25.0,https://camra.org.uk/pubs/123098,O,2026-09-11
803,crossways (bottlecraft)|newcastle-u-l: central|st5 1rw,England,Staffordshire,Crossways (Bottlecraft),Newcastle-U-L: Central,ST5 1RW,Perm,2026 Q3,H,,venue,53.0127842,-2.2245969,google-maps-named-place,reference_agrees_within_50m_postcode_conflict,Crossways (Bottlecraft),36 Ironmarket,Newcastle-under-Lyme,ST5 1RP,53.012849268734,-2.224678251486,9.1,https://camra.org.uk/pubs/195497,O,2026-09-11
804,george and dragon|newcastle-u-l: central|st5 1rh,England,Staffordshire,George and Dragon,Newcastle-U-L: Central,ST5 1RH,Guest,2026 Q2,H,,venue,53.0120790875,-2.2265684625,openstreetmap-gb-extract,reference_agrees_within_50m,George & Dragon,22 Ironmarket,Newcastle-under-Lyme,ST5 1RH,53.0121,-2.22636,14.1,https://camra.org.uk/pubs/123041,O,2026-09-11
805,hopinn|newcastle-u-l: central|st5 1jr,England,Staffordshire,Hopinn,Newcastle-U-L: Central,ST5 1JR,Perm,2026 Q3,H,,venue,53.0146665,-2.2164794,openstreetmap-gb-extract,reference_agrees_within_50m,Hopinn,102 Albert Street,Newcastle-under-Lyme,ST5 1JR,53.014608541448,-2.216365742397,10.0,https://camra.org.uk/pubs/123045,O,2026-09-11
806,museum|newcastle-u-l: central|st5 1ju,England,Staffordshire,Museum,Newcastle-U-L: Central,ST5 1JU,Perm,2026 Q3,H,,venue,53.012404,-2.216598,food-standards-agency-fhrs,reference_agrees_within_50m,Museum,29 George Street,Newcastle-under-Lyme,ST5 1JU,53.012405648055,-2.21727335103,45.2,https://camra.org.uk/pubs/123070,O,2026-09-11
807,newcastle town fc (pmc)|newcastle-u-l: central|st5 3bx,England,Staffordshire,Newcastle Town FC (PMC),Newcastle-U-L: Central,ST5 3BX,Guest,2026 Q3,H,,venue,52.9980225,-2.2142564,google-maps-named-place,no_unambiguous_reference,,,,,,,,,,2026-09-11
808,victoria|newcastle-u-l: central|st5 1hx,England,Staffordshire,Victoria,Newcastle-U-L: Central,ST5 1HX,Perm,2026 Q2,H,,venue,53.014203321968,-2.21858868948,camra-pubs-location-audit,reference_agrees_within_50m,Victoria,62 King Street,Newcastle-under-Lyme,ST5 1HX,53.014203321968,-2.21858868948,0.0,https://camra.org.uk/pubs/123125,O,2026-09-11
809,seabridge|newcastle-u-l: clayton|st5 3ha,England,Staffordshire,Seabridge,Newcastle-U-L: Clayton,ST5 3HA,Perm,2026 Q2,H,,venue,52.9904,-2.2342,camra-and-fsa-location-audit,reference_agrees_within_50m,Seabridge,174 Seabridge Lane,Newcastle-under-Lyme,ST5 3HA,52.9904,-2.2342,0.0,https://camra.org.uk/pubs/123014,O,2026-09-11
810,dick turpin|newcastle-u-l: higherland|st5 2qs,England,Staffordshire,Dick Turpin,Newcastle-U-L: Higherland,ST5 2QS,Guest,2026 Q2,H,,venue,53.0038,-2.24873,camra-and-fsa-location-audit,reference_agrees_within_50m,Dick Turpin,1 Gallowstree Lane,Newcastle-under-Lyme,ST5 2QS,53.0038,-2.24873,0.0,https://camra.org.uk/pubs/123061,O,2026-09-11
811,roebuck|newcastle-u-l: silverdale|st5 6jh,England,Staffordshire,Roebuck,Newcastle-U-L: Silverdale,ST5 6JH,Perm,2026 Q1,H,,venue,53.016884354545454,-2.269186627272727,openstreetmap-gb-extract,reference_agrees_within_50m,Roebuck,86 Church Street,Silverdale,ST5 6JH,53.016997,-2.269129,13.1,https://camra.org.uk/pubs/123054,O,2026-09-11
812,vine inn|newcastle-u-l: silverdale|st5 6lx,England,Staffordshire,Vine Inn,Newcastle-U-L: Silverdale,ST5 6LX,Guest,2026 Q2,H,,venue,53.0149,-2.27005,camra-pubs-location-audit,reference_agrees_within_50m,Vine Inn,130 High Street,Silverdale,ST5 6LX,53.0149,-2.27005,0.0,https://camra.org.uk/pubs/123056,O,2026-09-11
813,village tavern|newcastle-u-l: wolstanton|st5 0ep,England,Staffordshire,Village Tavern,Newcastle-U-L: Wolstanton,ST5 0EP,Perm,2026 Q2,H,,venue,53.032340324627,-2.218690961971,camra-pubs-location-audit,reference_agrees_within_50m,Village Tavern,89 High Street,Wolstanton,ST5 0EP,53.032340324627,-2.218690961971,0.0,https://camra.org.uk/pubs/123068,O,2026-09-11
814,whippet inn|newcastle-u-l: wolstanton|st5 0en,England,Staffordshire,Whippet Inn,Newcastle-U-L: Wolstanton,ST5 0EN,Perm,2026 Q3,H,,venue,53.0312014,-2.2159618,food-standards-agency-fhrs,reference_agrees_within_50m,Whippet Inn,4 Morris Square,Wolstanton,ST5 0EN,53.031,-2.21602,22.7,https://camra.org.uk/pubs/123275,O,2026-09-11
815,wulstan|newcastle-u-l: wolstanton|st5 8bu,England,Staffordshire,Wulstan,Newcastle-U-L: Wolstanton,ST5 8BU,Guest,2025 Q4,H,,venue,53.031708,-2.224121,food-standards-agency-fhrs,reference_agrees_within_50m,Wulstan,Dimsdale Parade East,Wolstanton,ST5 8BU,53.0317,-2.22411,1.2,https://camra.org.uk/pubs/123069,O,2026-09-11
816,cricketers arms|oakamoor|st10 3ab,England,Staffordshire,Cricketers Arms,Oakamoor,ST10 3AB,Guest,2026 Q2,H,,venue,53.001434450000005,-1.9205426583333332,openstreetmap-gb-extract,reference_agrees_within_50m,Cricketers Arms,Square,Oakamoor,ST10 3AB,53.001401,-1.9205421,3.7,https://camra.org.uk/pubs/143919,O,2026-09-11
817,brushmakers arms|oulton|st15 8uw,England,Staffordshire,Brushmakers Arms,Oulton,ST15 8UW,Perm,2026 Q2,H,,venue,52.9189657,-2.1371904,openstreetmap-gb-extract,reference_agrees_within_50m,Brushmakers Arms,8 Kibblestone Road,Oulton,ST15 8UW,52.918998718262,-2.137069940567,8.9,https://camra.org.uk/pubs/145881,O,2026-09-11
818,dog and partridge|packmoor|st7 4qf,England,Staffordshire,Dog and Partridge,Packmoor,ST7 4QF,Perm,2026 Q3,H,,venue,53.085639,-2.200513,food-standards-agency-fhrs,reference_agrees_within_50m,Dog & Partridge,508 Turnhurst Road,Stoke-on-Trent,ST7 4QF,53.0856,-2.2005,4.4,https://camra.org.uk/pubs/122955,O,2026-09-11
819,royal oak|rode heath|st7 3rw,England,Staffordshire,Royal Oak,Rode Heath,ST7 3RW,Perm,2026 Q2,H,,venue,53.1162677,-2.2957089909090906,openstreetmap-gb-extract,reference_agrees_within_50m,Royal Oak,41 Sandbach Road,Rode Heath,ST7 3RW,53.11614,-2.29562,15.4,https://camra.org.uk/pubs/136341,O,2026-09-11
820,cricket club|rolleston-on-dove|de13 9au,England,Staffordshire,Cricket Club,Rolleston-on-Dove,DE13 9AU,Perm,2026 Q3,H,,venue,52.8465176,-1.6284227,google-maps-named-place,no_unambiguous_reference,,,,,,,,,,2026-09-11
821,social club (pmc)|rolleston-on-dove|de13 9dn,England,Staffordshire,Social Club (PMC),Rolleston-on-Dove,DE13 9DN,Perm,2026 Q3,H,,venue,52.8459312,-1.6502601,google-maps-named-place,no_unambiguous_reference,,,,,,,,,,2026-09-11
822,spread eagle|rolleston-on-dove|de13 9be,England,Staffordshire,Spread Eagle,Rolleston-on-Dove,DE13 9BE,Guest,2026 Q2,H,Guest with two others on rotation (Sep 25). Quality warnings 2026 Q1,venue,52.8464928,-1.6508469,openstreetmap-gb-extract,reference_agrees_within_50m,Spread Eagle,Church Road,Rolleston-on-Dove,DE13 9BE,52.8464,-1.6506,19.5,https://camra.org.uk/pubs/123983,O,2026-09-11
823,acorn|rough hay|de13 9px,England,Staffordshire,Acorn,Rough Hay,DE13 9PX,Guest,2025 Q4,H,,venue,52.8124,-1.6975,camra-pubs-location-audit,reference_agrees_within_50m,Acorn Inn,Henhurst Hill,Rough Hay,DE13 9PX,52.8124,-1.6975,0.0,https://camra.org.uk/pubs/123984,O,2026-09-11
824,trubshaws|rugeley: bereton|ws15 1hr,England,Staffordshire,Trubshaws,Rugeley: Bereton,WS15 1HR,Perm,2026 Q3,H,,venue,52.7455259,-1.9190594,food-standards-agency-fhrs,reference_agrees_within_50m,Trubshaws,65-67 Lodge Road,Rugeley,WS15 1HR,52.7453,-1.91881,30.2,https://camra.org.uk/pubs/200289,O,2026-09-11
825,roebuck|silverdale|st5 6jh,England,Staffordshire,Roebuck,Silverdale,ST5 6JH,Perm,2026 Q2,H,,venue,53.016884354545454,-2.269186627272727,openstreetmap-gb-extract,reference_agrees_within_50m,Roebuck,86 Church Street,Silverdale,ST5 6JH,53.016997,-2.269129,13.1,https://camra.org.uk/pubs/123054,O,2026-09-11
826,vine inn|silverdale|st5 6lx,England,Staffordshire,Vine Inn,Silverdale,ST5 6LX,Perm,2026 Q1,H,,venue,53.0149,-2.27005,camra-pubs-location-audit,reference_agrees_within_50m,Vine Inn,130 High Street,Silverdale,ST5 6LX,53.0149,-2.27005,0.0,https://camra.org.uk/pubs/123056,O,2026-09-11
827,pickled pig at the bankhouse|stafford|st16 2ju,England,Staffordshire,Pickled Pig at the Bankhouse,Stafford,ST16 2JU,Guest,2026 Q3,H,,venue,52.8079276,-2.1168364,food-standards-agency-fhrs,reference_agrees_within_50m,"Pickled Pig, at the Bankhouse",5 Salter Street,Stafford,ST16 2JU,52.807928,-2.11676,5.1,https://camra.org.uk/pubs/145783,O,2026-09-11
828,wildwood|stafford|st17 4ra,England,Staffordshire,Wildwood,Stafford,ST17 4RA,Guest,2026 Q2,H,,venue,52.78468335555556,-2.0813715,openstreetmap-gb-extract,reference_agrees_within_50m,Wildwood,Wildwood Gate,Stafford,ST17 4RA,52.784801483154,-2.0813899040222,13.2,https://camra.org.uk/pubs/145897,O,2026-09-11
829,travellers rest|stanley|st9 9lx,England,Staffordshire,Travellers Rest,Stanley,ST9 9LX,Perm,2026 Q2,H,,venue,53.0676234,-2.1028492,openstreetmap-gb-extract,reference_agrees_within_50m,Travellers Rest,Tompkin Lane,Stanley,ST9 9LX,53.067672,-2.1027955,6.5,https://camra.org.uk/pubs/143942,O,2026-09-11
830,john marston|stoke: blurton|st3 2nq,England,Staffordshire,John Marston,Stoke: Blurton,ST3 2NQ,Guest,2026 Q1,H,,venue,52.9863,-2.14687,camra-pubs-location-audit,reference_agrees_within_50m,John Marston,44 Longton Hall Road,Stoke-on-Trent,ST3 2NQ,52.9863,-2.14687,0.0,https://camra.org.uk/pubs/123111,O,2026-09-11
831,bucknall bowling & recreation club|stoke: bucknall|st2 7ab,England,Staffordshire,Bucknall Bowling & Recreation Club,Stoke: Bucknall,ST2 7AB,Perm,2026 Q2,H,,venue,53.0241582,-2.1317236,google-maps-named-place,no_unambiguous_reference,,,,,,,,,,2026-09-11
832,hog noggins|stoke: burslem|st6 4ar,England,Staffordshire,Hog Noggins,Stoke: Burslem,ST6 4AR,Perm,2026 Q3,H,,venue,53.045359100000006,-2.1988844666666667,openstreetmap-gb-extract,reference_agrees_within_50m,Hog Noggins,38 Market Place,Stoke-on-Trent,ST6 4AR,53.045363,-2.198862,1.6,https://camra.org.uk/pubs/123276,O,2026-09-11
833,moorland inn|stoke: burslem|st6 1jp,England,Staffordshire,Moorland Inn,Stoke: Burslem,ST6 1JP,Perm,2025 Q4,H,,venue,53.048,-2.18236,camra-and-fsa-location-audit,reference_agrees_within_50m,Moorland Inn,Moorland Road,Stoke-on-Trent,ST6 1JP,53.048,-2.18236,0.0,https://camra.org.uk/pubs/122972,O,2026-09-11
834,park inn|stoke: dresden|st3 4en,England,Staffordshire,Park Inn,Stoke: Dresden,ST3 4EN,Perm,2025 Q4,H,,venue,52.9774816,-2.1366462,openstreetmap-gb-extract,reference_agrees_within_50m,Park Inn,Carlisle Street,Stoke-on-Trent,ST3 4EN,52.977525708509,-2.136595042992,6.0,https://camra.org.uk/pubs/122889,O,2026-09-11
835,princess royal|stoke: dresden|st3 4ha,England,Staffordshire,Princess Royal,Stoke: Dresden,ST3 4HA,Perm,2026 Q2,H,,venue,52.978419,-2.135976,food-standards-agency-fhrs,reference_agrees_within_50m,Princess Royal,Carlisle Street,Stoke-on-Trent,ST3 4HA,52.9783,-2.13601,13.4,https://camra.org.uk/pubs/123082,O,2026-09-11
836,sir robert peel|stoke: dresden|st3 4pf,England,Staffordshire,Sir Robert Peel,Stoke: Dresden,ST3 4PF,Perm,2026 Q1,H,,venue,52.9785901,-2.1339859,openstreetmap-gb-extract,reference_agrees_within_50m,Sir Robert Peel,Peel Street,Stoke-on-Trent,ST3 4PF,52.9785,-2.134,10.1,https://camra.org.uk/pubs/122891,O,2026-09-11
837,bench and bar|stoke: fenton|st4 3aj,England,Staffordshire,Bench and Bar,Stoke: Fenton,ST4 3AJ,Perm,2026 Q2,H,,venue,52.9973,-2.16473,camra-and-fsa-location-audit,reference_agrees_within_50m,Bench & Bar,93 Christchurch Street,Stoke-on-Trent,ST4 3AJ,52.9973,-2.16473,0.0,https://camra.org.uk/pubs/122897,O,2026-09-11
838,terrace inn|stoke: fenton|st4 4nb,England,Staffordshire,Terrace Inn,Stoke: Fenton,ST4 4NB,Perm,2026 Q1,H,,venue,53.0002,-2.16932,camra-pubs-location-audit,reference_agrees_within_50m,Terrace Inn,192 City Road,Stoke-on-Trent,ST4 4NB,53.0002,-2.16932,0.0,https://camra.org.uk/pubs/122906,O,2026-09-11
839,ye olde manor inn|stoke: fenton|st4 2pt,England,Staffordshire,Ye Olde Manor Inn,Stoke: Fenton,ST4 2PT,Guest,2026 Q2,H,,venue,53.000666,-2.164729,food-standards-agency-fhrs,reference_agrees_within_50m,Olde Manor Inne,Manor Street,Stoke-on-Trent,ST4 2PT,53.0006,-2.16471,7.4,https://camra.org.uk/pubs/122902,O,2026-09-11
840,cheshire cheese|stoke: hanley|st1 6ba,England,Staffordshire,Cheshire Cheese,Stoke: Hanley,ST1 6BA,Guest,2026 Q2,H,"""rotate between Bass and Timothy Taylor""",venue,53.034454114285715,-2.169545442857143,openstreetmap-gb-extract,reference_agrees_within_50m,Cheshire Cheese,48 Chell Street,Stoke-on-Trent,ST1 6BA,53.03446,-2.169582,2.5,https://camra.org.uk/pubs/122870,O,2026-09-11
841,coachmakers arms|stoke: hanley|st1 3ea,England,Staffordshire,Coachmakers Arms,Stoke: Hanley,ST1 3EA,Perm,2026 Q3,H,,venue,53.022621085714285,-2.1734104214285717,openstreetmap-gb-extract,reference_agrees_within_50m,Coachmakers Arms,65 Lichfield Street,Stoke-on-Trent,ST1 3EA,53.022643597424,-2.173397064209,2.7,https://camra.org.uk/pubs/123084,O,2026-09-11
842,golden cup|stoke: hanley|st1 2js,England,Staffordshire,Golden Cup,Stoke: Hanley,ST1 2JS,Perm,2026 Q3,H,,venue,53.030413877777775,-2.173965322222222,openstreetmap-gb-extract,reference_agrees_within_50m,Golden Cup Inn,65 Old Town Road,Stoke-on-Trent,ST1 2JS,53.03,-2.17398,46.0,https://camra.org.uk/pubs/122913,O,2026-09-11
843,market tavern|stoke: hanley|st1 1na,England,Staffordshire,Market Tavern,Stoke: Hanley,ST1 1NA,Perm,2026 Q1,H,,venue,53.025219,-2.175439,food-standards-agency-fhrs,reference_agrees_within_50m,Market Tavern,11 Percy Street,Stoke-on-Trent,ST1 1NA,53.025199,-2.174985,30.4,https://camra.org.uk/pubs/122914,O,2026-09-11
844,unicorn|stoke: hanley|st1 1eg,England,Staffordshire,Unicorn,Stoke: Hanley,ST1 1EG,Perm,2026 Q2,H,,venue,53.024865,-2.177301,food-standards-agency-fhrs,reference_agrees_within_50m,Unicorn Inn,40 Piccadilly,Stoke-on-Trent,ST1 1EG,53.024906629004,-2.177161842585,10.4,https://camra.org.uk/pubs/123085,O,2026-09-11
845,victoria lounge bar|stoke: hanley|st1 3af,England,Staffordshire,Victoria Lounge Bar,Stoke: Hanley,ST1 3AF,Perm,2026 Q2,H,,venue,53.0230143,-2.1760408,manual-openstreetmap-review,reference_agrees_within_50m,Victoria Lounge Bar,5 Adventure Place,Stoke-on-Trent,ST1 3AF,53.022942171161,-2.175899907641,12.4,https://camra.org.uk/pubs/122923,O,2026-09-11
846,village tavern|stoke: hanley|st1 3er,England,Staffordshire,Village Tavern,Stoke: Hanley,ST1 3ER,Guest,2025 Q4,H,,venue,53.0176,-2.16703,camra-and-fsa-location-audit,reference_agrees_within_50m,Village Tavern,513 Leek Road,Stoke-on-Trent,ST1 3ER,53.0176,-2.16703,0.0,https://camra.org.uk/pubs/122924,O,2026-09-11
847,woodman|stoke: hanley|st1 2at,England,Staffordshire,Woodman,Stoke: Hanley,ST1 2AT,Perm,2026 Q2,H,,venue,53.025496675,-2.172625175,openstreetmap-gb-extract,reference_agrees_within_50m,Woodman,3 Goodson Street,Stoke-on-Trent,ST1 2AT,53.025468025684,-2.172610427127,3.3,https://camra.org.uk/pubs/123277,O,2026-09-11
848,old house at home|stoke: hartshill|st4 6af,England,Staffordshire,Old House at Home,Stoke: Hartshill,ST4 6AF,Perm,2026 Q3,H,,venue,53.01086837142857,-2.2111566571428574,openstreetmap-gb-extract,reference_agrees_within_50m,Old House at Home,554 Hartshill Road,Stoke-on-Trent,ST4 6AF,53.010860213873,-2.211169379133,1.2,https://camra.org.uk/pubs/122927,O,2026-09-11
849,red lion|stoke: hartshill|st4 6es,England,Staffordshire,Red Lion,Stoke: Hartshill,ST4 6ES,Perm,2026 Q2,H,AKA All New Red Lion,venue,53.01134648,-2.2115259800000002,openstreetmap-gb-extract,reference_agrees_within_50m,Red Lion,18 Stoke Old Road,Stoke-on-Trent,ST4 6ES,53.011354602017,-2.211522679901,0.9,https://camra.org.uk/pubs/122928,O,2026-09-11
850,congress inn|stoke: longton|st3 1hj,England,Staffordshire,Congress Inn,Stoke: Longton,ST3 1HJ,Perm,2026 Q2,H,,venue,52.9878434,-2.131707,openstreetmap-gb-extract,reference_agrees_within_50m,Congress Inn,14 Sutherland Road,Stoke-on-Trent,ST3 1HJ,52.987819267623,-2.131743558197,3.6,https://camra.org.uk/pubs/123109,O,2026-09-11
851,signalman|stoke: longton|st3 1je,England,Staffordshire,Signalman,Stoke: Longton,ST3 1JE,Perm,2026 Q2,H,,venue,52.987715,-2.12668,food-standards-agency-fhrs,reference_agrees_within_50m,Signalman,1 Paragon Road,Stoke-on-Trent,ST3 1JE,52.9877,-2.12667,1.8,https://camra.org.uk/pubs/123114,O,2026-09-11
852,jolly carter|stoke: middleport|st6 3qj,England,Staffordshire,Jolly Carter,Stoke: Middleport,ST6 3QJ,Perm,2026 Q2,H,,venue,53.043195,-2.204984,food-standards-agency-fhrs,reference_agrees_within_50m,Jolly Carter,197 Newcastle Street,Stoke-on-Trent,ST6 3QJ,53.0431,-2.20498,10.6,https://camra.org.uk/pubs/122938,O,2026-09-11
853,travellers rest|stoke: milton|st2 7aq,England,Staffordshire,Travellers Rest,Stoke: Milton,ST2 7AQ,Guest,2026 Q1,H,,venue,53.0492981,-2.140209,openstreetmap-gb-extract,reference_agrees_within_50m,Travellers Rest,1903 Leek Road,Stoke-on-Trent,ST2 7AQ,53.049462812844,-2.140125889549,19.1,https://camra.org.uk/pubs/122943,O,2026-09-11
854,cross guns|stoke: northwood|st1 6pw,England,Staffordshire,Cross Guns,Stoke: Northwood,ST1 6PW,Perm,2026 Q2,H,,venue,53.030721,-2.161847,food-standards-agency-fhrs,reference_agrees_within_50m,Cross Guns,19 Vincent Street,Stoke-on-Trent,ST1 6PW,53.0307,-2.16189,3.7,https://camra.org.uk/pubs/122945,O,2026-09-11
855,wheatsheaf stores|stoke: northwood|st1 6pb,England,Staffordshire,Wheatsheaf Stores,Stoke: Northwood,ST1 6PB,Perm,2026 Q2,H,,venue,53.030678,-2.167021,food-standards-agency-fhrs,reference_agrees_within_50m,Wheatsheaf Stores,78 Keelings Road,Stoke-on-Trent,ST1 6PB,53.0307,-2.16696,4.8,https://camra.org.uk/pubs/123093,O,2026-09-11
856,vine|stoke: pittshill|st6 6ls,England,Staffordshire,Vine,Stoke: Pittshill,ST6 6LS,Perm,2026 Q1,H,,venue,53.067672,-2.199713,food-standards-agency-fhrs,reference_agrees_within_50m,Vine,13 Naylor Street,Stoke-on-Trent,ST6 6LS,53.067880505706,-2.199517376652,26.6,https://camra.org.uk/pubs/123167,O,2026-09-11
857,kings head (scrimmies)|stoke: smallthorne|st6 1nt,England,Staffordshire,Kings Head (Scrimmies),Stoke: Smallthorne,ST6 1NT,Perm,2026 Q1,H,,venue,53.051584,-2.173975,camra-pubs-location-audit,reference_agrees_within_50m,Kings Head,101 Ford Green Road,Stoke-on-Trent,ST6 1NT,53.051584,-2.173975,0.0,https://camra.org.uk/pubs/122971,O,2026-09-11
858,white hart|stoke: smallthorne|st6 1nt,England,Staffordshire,White Hart,Stoke: Smallthorne,ST6 1NT,Perm,2026 Q3,H,,venue,53.050234640000006,-2.1762588999999997,openstreetmap-gb-extract,reference_agrees_within_50m,White Hart,37 Ford Green Road,Stoke-on-Trent,ST6 1NT,53.050198686253,-2.176204836979,5.4,https://camra.org.uk/pubs/122968,O,2026-09-11
859,kings way|stoke: central|st4 1jb,England,Staffordshire,Kings Way,Stoke: Central,ST4 1JB,Perm,2026 Q2,H,,venue,53.0038306,-2.1843932,openstreetmap-gb-extract,reference_agrees_within_50m,King's Way,63 Kingsway,Stoke-on-Trent,ST4 1JB,53.003941561221,-2.184319597553,13.3,https://camra.org.uk/pubs/123096,C,2026-09-11
860,staff of life|stoke: central|st4 1nl,England,Staffordshire,Staff of Life,Stoke: Central,ST4 1NL,Perm,2026 Q3,H,,venue,53.003861,-2.187139,food-standards-agency-fhrs,reference_agrees_within_50m,Staff of Life,13 Hill Street,Stoke-on-Trent,ST4 1NL,53.004047,-2.186552,44.4,https://camra.org.uk/pubs/122985,O,2026-09-11
861,sutherland arms|stoke: central|st4 5rw,England,Staffordshire,Sutherland Arms,Stoke: Central,ST4 5RW,Perm,2026 Q3,H,,venue,52.9993566,-2.1890527,openstreetmap-gb-extract,reference_agrees_within_50m,Sutherland Arms,207-209 London Road,Stoke-on-Trent,ST4 5RW,52.9994,-2.1891,5.8,https://camra.org.uk/pubs/122986,O,2026-09-11
862,man in space|stoke: trentham|st4 8pz,England,Staffordshire,Man In Space,Stoke: Trentham,ST4 8PZ,Guest,2026 Q2,H,,venue,52.9711,-2.19117,camra-and-fsa-location-audit,reference_agrees_within_50m,Man in Space,New Inn Lane,Stoke-on-Trent,ST4 8PZ,52.9711,-2.19117,0.0,https://camra.org.uk/pubs/122989,O,2026-09-11
863,toby carvery trentham village|stoke: trentham|st4 8bu,England,Staffordshire,Toby Carvery Trentham Village,Stoke: Trentham,ST4 8BU,Guest,2026 Q2,H,,venue,52.965468,-2.1813,food-standards-agency-fhrs,reference_agrees_within_50m,Toby Carvery,206 Longton Road,Stoke-on-Trent,ST4 8BU,52.9651,-2.18118,41.7,https://camra.org.uk/pubs/122990,O,2026-09-11
864,globe|stoke: tunstall|st6 5ta,England,Staffordshire,Globe,Stoke: Tunstall,ST6 5TA,Perm,2026 Q3,H,£3 every Port Vale home game or PV on Sky Sports,venue,53.0564165,-2.2105771,openstreetmap-gb-extract,reference_agrees_within_50m,Globe,53 High Street,Stoke-on-Trent,ST6 5TA,53.056427,-2.210621,3.2,https://camra.org.uk/pubs/123130,O,2026-09-11
865,white horse|stoke: tunstall|st6 4ju,England,Staffordshire,White Horse,Stoke: Tunstall,ST6 4JU,Perm,2025 Q4,H,,venue,53.0544542,-2.2107358,openstreetmap-gb-extract,reference_agrees_within_50m,White Horse,141-143 Brownhills Road,Stoke-on-Trent,ST6 4JU,53.05444,-2.21079,4.0,https://camra.org.uk/pubs/123000,O,2026-09-11
866,three crowns|stone: little stoke|st15 8qu,England,Staffordshire,Three Crowns,Stone: Little Stoke,ST15 8QU,Guest,2026 Q1,H,,venue,52.8908058,-2.1257502,openstreetmap-gb-extract,reference_agrees_within_50m,Three Crowns,Lichfield Road,"Little Stoke, Stone",ST15 8QU,52.890823364258,-2.1260049343109,17.2,https://camra.org.uk/pubs/145832,O,2026-09-11
867,cock inn|stowe by chartley|st18 0lf,England,Staffordshire,Cock Inn,Stowe by Chartley,ST18 0LF,Guest,2026 Q2,H,,venue,52.8436867,-1.997401,openstreetmap-gb-extract,reference_agrees_within_50m,Cock Inn,Station Road,Stowe-by-Chartley,ST18 0LF,52.843700408935,-1.997339963913,4.4,https://camra.org.uk/pubs/145888,O,2026-09-11
868,anglesey arms|stretton|de13 0eq,England,Staffordshire,Anglesey Arms,Stretton,DE13 0EQ,Perm,2026 Q2,H,,venue,52.8332337,-1.6273647,openstreetmap-gb-extract,reference_agrees_within_50m,Anglesey Arms,The Green,Burton upon Trent,DE13 0EQ,52.83332,-1.62738,9.7,https://camra.org.uk/pubs/123985,O,2026-09-11
869,monks bridge|stretton|de13 0he,England,Staffordshire,Monks Bridge,Stretton,DE13 0HE,Perm,2026 Q2,H,,venue,52.8362532,-1.6221433,openstreetmap-gb-extract,reference_agrees_within_50m,Monks Bridge,Church Road,Burton upon Trent,DE13 0HE,52.8363,-1.6221,6.0,https://camra.org.uk/pubs/123989,O,2026-09-11
870,stretton social club (pmc)|stretton|de13 0du,England,Staffordshire,Stretton Social Club (PMC),Stretton,DE13 0DU,Perm,2026 Q1,H,,venue,52.8291,-1.6246,camra-pubs-location-audit,reference_agrees_within_50m,Stretton Social Club,Beech Lane,Burton upon Trent,DE13 0DU,52.8291,-1.6246,0.0,https://camra.org.uk/pubs/124091,O,2026-09-11
871,globe inn|tamworth|b79 7at,England,Staffordshire,Globe Inn,Tamworth,B79 7AT,Perm,2026 Q2,H,,venue,52.63579847272728,-1.6937611636363636,openstreetmap-gb-extract,reference_agrees_within_50m,Globe Inn,Lower Gungate,Tamworth,B79 7AT,52.635752,-1.693897,10.5,https://camra.org.uk/pubs/131778,O,2026-09-11
872,cross keys|tean|st10 4dr,England,Staffordshire,Cross Keys,Tean,ST10 4DR,Perm,2026 Q2,H,,venue,52.9556639,-1.9884059,food-standards-agency-fhrs,reference_agrees_within_50m,Cross Keys,Cheadle Road,Tean,ST10 4DR,52.955738669497,-1.988384901609,8.4,https://camra.org.uk/pubs/128018,O,2026-09-11
873,white hart|tean|st10 4dz,England,Staffordshire,White Hart,Tean,ST10 4DZ,Perm,2025 Q4,H,,venue,52.9537639,-1.988268,openstreetmap-gb-extract,reference_agrees_within_50m_postcode_conflict,White Hart,High Street,Tean,ST10 4DY,52.953733,-1.988171,7.4,https://camra.org.uk/pubs/128019,O,2026-09-11
874,anchor|teanford|st10 4ew,England,Staffordshire,Anchor,Teanford,ST10 4EW,Perm,2026 Q3,H,,venue,52.9615093,-1.9910616,openstreetmap-gb-extract,reference_agrees_within_50m,Anchor Inn,Breach Lane,Teanford,ST10 4EW,52.961517785399,-1.9910057172213,3.9,https://camra.org.uk/pubs/128020,O,2026-09-11
875,cross keys|tutbury|de13 9nr,England,Staffordshire,Cross Keys,Tutbury,DE13 9NR,Perm,2026 Q3,H,,venue,52.855342,-1.6826128,openstreetmap-gb-extract,reference_agrees_within_50m,Cross Keys,39 Burton Street,Tutbury,DE13 9NR,52.855368012994,-1.682547696924,5.2,https://camra.org.uk/pubs/124050,O,2026-09-11
876,hourglass|tutbury|de13 9lp,England,Staffordshire,Hourglass,Tutbury,DE13 9LP,Perm,2026 Q3,H,,venue,52.8574362,-1.685949,openstreetmap-gb-extract,reference_agrees_within_50m,Hourglass,6A High Street,Tutbury,DE13 9LP,52.857364780902,-1.685822215939,11.6,https://camra.org.uk/pubs/195813,O,2026-09-11
877,tutbury club (pmc)|tutbury|de13 9ls,England,Staffordshire,Tutbury Club (PMC),Tutbury,DE13 9LS,Perm,2026 Q2,H,,venue,52.857983805021,-1.684249038029,camra-pubs-location-audit,reference_agrees_within_50m,Tutbury Club,"24 High Street, Tutbury",Tutbury,DE13 9LS,52.857983805021,-1.684249038029,0.0,https://camra.org.uk/pubs/195849,O,2026-09-11
878,leopard|tutbury|de13 9na,England,Staffordshire,Leopard,Tutbury,DE13 9NA,Perm,2026 Q2,H,,venue,52.8576544,-1.6878554,openstreetmap-gb-extract,reference_agrees_within_50m,Leopard Inn,Monk Street,Tutbury,DE13 9NA,52.857491902418,-1.687952303076,19.2,https://camra.org.uk/pubs/123991,O,2026-09-11
879,ye olde rock|upper hulme|st13 8ty,England,Staffordshire,Ye Olde Rock,Upper Hulme,ST13 8TY,Perm,2026 Q2,H,,venue,53.146033,-1.9816803,camra-pubs-location-audit,reference_agrees_within_50m,Olde Rock Inn,Old Buxton Road,Upper Hulme,ST13 8TY,53.146033,-1.9816803,0.0,https://camra.org.uk/pubs/143925,O,2026-09-11
880,bamk house hotel|uttoxeter|st14 8ag,England,Staffordshire,Bamk House Hotel,Uttoxeter,ST14 8AG,Perm,2026 Q3,H,,venue,52.8991217,-1.862908,google-maps-named-place,no_unambiguous_reference,,,,,,,,,,2026-09-11
881,black swan|uttoxeter|st14 8ja,England,Staffordshire,Black Swan,Uttoxeter,ST14 8JA,Perm,2025 Q4,H,,venue,52.8975529,-1.8644435,openstreetmap-gb-extract,reference_agrees_within_50m,Black Swan,4 Market Street,Uttoxeter,ST14 8JA,52.897598266602,-1.8644000291824,5.8,https://camra.org.uk/pubs/128029,O,2026-09-11
882,old star|uttoxeter|st14 8hj,England,Staffordshire,Old Star,Uttoxeter,ST14 8HJ,Perm,2025 Q4,H,,venue,52.8976422,-1.8641563,openstreetmap-gb-extract,reference_agrees_within_50m,Old Star,Queen Street,Uttoxeter,ST14 8HJ,52.897822288714,-1.863855689764,28.4,https://camra.org.uk/pubs/128028,O,2026-09-11
883,vaults|uttoxeter|st14 8hp,England,Staffordshire,Vaults,Uttoxeter,ST14 8HP,Perm,2026 Q3,H,,venue,52.89820098877,-1.8638099431992,camra-pubs-location-audit,reference_agrees_within_50m,Vaults,22 Market Place,Uttoxeter,ST14 8HP,52.89820098877,-1.8638099431992,0.0,https://camra.org.uk/pubs/128039,O,2026-09-11
884,ye olde talbot|uttoxeter|st14 8hf,England,Staffordshire,Ye Olde Talbot,Uttoxeter,ST14 8HF,Perm,2026 Q3,H,,venue,52.898052203935,-1.864610433578,camra-pubs-location-audit,reference_agrees_within_50m,Olde Talbot,43 Market Place,Uttoxeter,ST14 8HF,52.898052203935,-1.864610433578,0.0,https://camra.org.uk/pubs/128046,O,2026-09-11
885,greyhound inn|warslow|sk17 0jn,England,Staffordshire,Greyhound Inn,Warslow,SK17 0JN,Guest,2026 Q2,H,,venue,53.126263,-1.8733096,openstreetmap-gb-extract,reference_agrees_within_50m,Greyhound Inn,Leek Road,Warslow,SK17 0JN,53.126292408313,-1.873271191402,4.2,https://camra.org.uk/pubs/144008,O,2026-09-11
886,red lion|waterfall|st10 3hz,England,Staffordshire,Red Lion,Waterfall,ST10 3HZ,Perm,2026 Q3,H,,venue,53.0611991882324,-1.88084101676941,food-standards-agency-fhrs,reference_agrees_within_50m,Red Lion Inn,,Waterfall,ST10 3HZ,53.061374,-1.881218,31.8,https://camra.org.uk/pubs/143927,O,2026-09-11
887,ye olde crown hotel|waterhouses|st10 3hl,England,Staffordshire,Ye Olde Crown Hotel,Waterhouses,ST10 3HL,Guest,2026 Q2,H,,venue,53.0490531921387,-1.87625002861023,food-standards-agency-fhrs,reference_agrees_within_50m,Old Crown Hotel,Leek Road,Waterhouses,ST10 3HL,53.049,-1.8763,6.8,https://camra.org.uk/pubs/143928,O,2026-09-11
888,red cow|werrington|st9 0dt,England,Staffordshire,Red Cow,Werrington,ST9 0DT,Guest,2025 Q4,H,,venue,53.025661,-2.0825834,camra-pubs-location-audit,reference_agrees_within_50m,Red Cow,Ash Bank Road,Werrington,ST9 0DT,53.025661,-2.0825834,0.0,https://camra.org.uk/pubs/143931,O,2026-09-11
889,windmill|werrington|st9 0dt,England,Staffordshire,Windmill,Werrington,ST9 0DT,Perm,2026 Q3,H,,venue,53.02486645384616,-2.0869473846153848,openstreetmap-gb-extract,reference_agrees_within_50m,Windmill Inn,Ash Bank Road,Werrington,ST9 0DT,53.024884,-2.086946,2.0,https://camra.org.uk/pubs/143932,O,2026-09-11
890,bell inn|whittington|ws14 9jr,England,Staffordshire,Bell Inn,Whittington,WS14 9JR,Perm,2026 Q2,H,,venue,52.673573777777776,-1.762090477777778,openstreetmap-gb-extract,reference_agrees_within_50m,Bell Inn,27 Main Street,Whittington,WS14 9JR,52.673545,-1.761965,9.0,https://camra.org.uk/pubs/131740,O,2026-09-11
891,dog inn|whittington|ws14 9ju,England,Staffordshire,Dog Inn,Whittington,WS14 9JU,Perm,2026 Q1,H,,venue,52.671915950000006,-1.7634853285714287,openstreetmap-gb-extract,reference_agrees_within_50m,Dog Inn,2 Main Street,Whittington,WS14 9JU,52.671923,-1.763533,3.3,https://camra.org.uk/pubs/131741,O,2026-09-11
892,cock|woodseaves|st20 0np,England,Staffordshire,Cock,Woodseaves,ST20 0NP,Guest,2026 Q2,H,,venue,52.8254335,-2.2994591,food-standards-agency-fhrs,reference_agrees_within_50m,Cock Inn,Newport  Road,Woodseaves,ST20 0NP,52.825298309326,-2.2994999885559,15.3,https://camra.org.uk/pubs/145780,O,2026-09-11
893,crown|yoxall|de13 8nq,England,Staffordshire,Crown,Yoxall,DE13 8NQ,Perm,2026 Q2,H,,venue,52.766655370155,-1.790942915344,camra-pubs-location-audit,reference_agrees_within_50m,Crown Inn,Main Street,Yoxall,DE13 8NQ,52.766655370155,-1.790942915344,0.0,https://camra.org.uk/pubs/124011,C,2026-09-11
894,rising sun|bury st edmunds|ip33 3aa,England,Suffolk,Rising Sun,Bury St Edmunds,IP33 3AA,Guest,2026 Q3,H,,venue,52.2473704,0.7094386,openstreetmap-gb-extract,reference_agrees_within_50m,Rising Sun,98 Risbygate St,Bury St. Edmunds,IP33 3AA,52.247418,0.709412,5.6,https://camra.org.uk/pubs/125644,O,2026-09-11
895,waveney|lowestoft: oulton broad|nr32 3ln,England,Suffolk,Waveney,Lowestoft: Oulton Broad,NR32 3LN,Guest,2026 Q2,H,,venue,52.473285139999994,1.70988504,openstreetmap-gb-extract,reference_agrees_within_50m_postcode_conflict,Waveney,132-134 Bridge Rd,Oulton Broad,NR33 9JT,52.473223,1.709892,6.9,https://camra.org.uk/pubs/133832,O,2026-09-11
896,rising sun|epsom|kt18 5dx,England,Surrey,Rising Sun,Epsom,KT18 5DX,Guest,2025 Q4,H,,venue,51.3307962,-0.263292,openstreetmap-gb-extract,reference_agrees_within_50m,Rising Sun,14 Heathcote Road,Epsom,KT18 5DX,51.33085,-0.26324,7.0,https://camra.org.uk/pubs/179880,O,2026-09-11
897,bricklayers arms|hersham|kt12 5ls,England,Surrey,Bricklayers Arms,Hersham,KT12 5LS,Perm,2026 Q2,H,,venue,51.3663194,-0.4021628,openstreetmap-gb-extract,reference_agrees_within_50m,Bricklayers Arms,6-8 Queens Road,Hersham,KT12 5LS,51.366384254597,-0.402143033066,7.3,https://camra.org.uk/pubs/179729,O,2026-09-11
898,garibaldi|redhill|rh1 6pa,England,Surrey,Garibaldi,Redhill,RH1 6PA,Guest,2026 Q2,H,,venue,51.2338155,-0.1749955,openstreetmap-gb-extract,reference_agrees_within_50m,Garibaldi,29 Mill Street,Redhill,RH1 6PA,51.233775,-0.174982,4.6,https://camra.org.uk/pubs/191301,O,2026-09-11
899,beehive|reigate|rh2 8eg,England,Surrey,Beehive,Reigate,RH2 8EG,Guest,2025 Q4,H,,venue,51.2197126,-0.2009453,openstreetmap-gb-extract,reference_agrees_within_50m,Beehive,"90 Doversgreen Road, Woodhatch",Reigate,RH2 8EG,51.219608,-0.200889,12.3,https://camra.org.uk/pubs/191376,O,2026-09-11
900,claremont|bognor regis: central|po21 1uh,England,Sussex,Claremont,Bognor Regis: Central,PO21 1UH,Guest,2025 Q4,H,,venue,50.7824211120605,-0.68010801076889,food-standards-agency-fhrs,reference_agrees_within_50m,Dog & Duck at the Claremont,Scott Street,Bognor Regis,PO21 1UH,50.7824,-0.680097,2.5,https://camra.org.uk/pubs/135351,C,2026-09-11
901,kings arms|brighton|bn2 1rj,England,Sussex,Kings Arms,Brighton,BN2 1RJ,Guest,2026 Q2,H,,venue,50.8211532,-0.1345786,google-maps-named-place,no_unambiguous_reference,,,,,,,,,,2026-09-11
902,hillside|crawley: pund hill|rh10 7sx,England,Sussex,Hillside,Crawley: Pund Hill,RH10 7SX,Guest,2026 Q2,H,,venue,51.118312,-0.147809,food-standards-agency-fhrs,reference_agrees_within_50m,Hillside Inn,"Balcombe Road, Pound Hill",Crawley,RH10 7SX,51.118198394775,-0.14779999852181,12.6,https://camra.org.uk/pubs/160245,O,2026-09-11
903,cinque ports|seaford|bn25 1pp,England,Sussex,Cinque Ports,Seaford,BN25 1PP,Guest,2026 Q2,H,,venue,50.7716310375,0.1040883875,openstreetmap-gb-extract,reference_agrees_within_50m,Cinque Ports,49 High Street,Seaford,BN25 1PP,50.7715,0.104315,21.6,https://camra.org.uk/pubs/127497,O,2026-09-11
904,horse and groom|st leonards|tn38 0eb,England,Sussex,Horse and Groom,St Leonards,TN38 0EB,Guest,2026 Q2,H,,venue,50.85182001,0.5570353299999999,openstreetmap-gb-extract,reference_agrees_within_50m,Horse & Groom,4 Mercatoria,St. Leonards on Sea,TN38 0EB,50.851811853482,0.557189271164,10.8,https://camra.org.uk/pubs/182794,O,2026-09-11
905,quarry|cullercoats|ne25 8pl,England,Tyne and Wear,Quarry,Cullercoats,NE25 8PL,Perm,2026 Q3,H,,venue,55.03601792222222,-1.4428613222222222,openstreetmap-gb-extract,reference_agrees_within_50m,Quarry Inn,90 Marden Road South,Cullercoats,NE25 8PL,55.035992107067,-1.4427735754393,6.3,https://camra.org.uk/pubs/193605,O,2026-09-11
906,wardley|gateshead|ne10 0tt,England,Tyne and Wear,Wardley,Gateshead,NE10 0TT,Guest,2025 Q4,H,,venue,54.95796908,-1.5373867799999998,openstreetmap-gb-extract,reference_agrees_within_50m,Wardley,Brack Terrace,Bill Quay,NE10 0TT,54.9578092,-1.5378282,33.3,https://camra.org.uk/pubs/193294,O,2026-09-11
907,hunting lodge|monkseaton|ne25 9sx,England,Tyne and Wear,Hunting Lodge,Monkseaton,NE25 9SX,Guest,2026 Q2,H,"""one of the ales we use""",venue,55.034795160892,-1.4739452866012,camra-pubs-location-audit,reference_agrees_within_50m,Hunting Lodge,Earsdon Road,West Monkseaton,NE25 9SX,55.034795160892,-1.4739452866012,0.0,https://camra.org.uk/pubs/193740,O,2026-09-11
908,broad chare|newcastle: central|ne1 3dq,England,Tyne and Wear,Broad Chare,Newcastle: Central,NE1 3DQ,Perm,2026 Q3,H,,venue,54.9698036,-1.6045721,openstreetmap-gb-extract,reference_agrees_within_50m,Broad Chare,25 Broad Chare,Newcastle upon Tyne,NE1 3DQ,54.9699293,-1.6045694,14.0,https://camra.org.uk/pubs/193420,O,2026-09-11
909,old george|newcastle: central|ne1 1ez,England,Tyne and Wear,Old George,Newcastle: Central,NE1 1EZ,Perm,2026 Q2,H,,venue,54.9713633,-1.6128381,openstreetmap-gb-extract,reference_agrees_within_50m,Old George,Old George Yard,Newcastle upon Tyne,NE1 1EZ,54.9715485,-1.6125479,27.7,https://camra.org.uk/pubs/193137,O,2026-09-11
910,three bulls heads|newcastle: central|ne1 7rn,England,Tyne and Wear,Three Bulls Heads,Newcastle: Central,NE1 7RN,Perm,2026 Q2,H,,venue,54.9757581,-1.6165783,openstreetmap-gb-extract,reference_agrees_within_50m,Three Bulls Heads,57 Percy Street,Newcastle upon Tyne,NE1 7RN,54.975836323059,-1.6162540367707,22.4,https://camra.org.uk/pubs/193270,O,2026-09-11
911,millstone|newcastle: south gosforth|ne3 1ql,England,Tyne and Wear,Millstone,Newcastle: South Gosforth,NE3 1QL,Perm,2026 Q2,H,,venue,55.004738825000004,-1.60284115,openstreetmap-gb-extract,reference_agrees_within_50m,Millstone,Haddricks Mill Road,Newcastle upon Tyne,NE3 1QL,55.004786316485,-1.6029287790985,7.7,https://camra.org.uk/pubs/193083,O,2026-09-11
912,low lights tavern|north shields|ne30 1ll,England,Tyne and Wear,Low Lights Tavern,North Shields,NE30 1LL,Perm,2026 Q3,H,,venue,55.01070936363636,-1.4346136818181818,openstreetmap-gb-extract,reference_agrees_within_50m,Low Lights Tavern,Brewhouse Bank,North Shields,NE30 1LL,55.010756724882,-1.4346492290497,5.7,https://camra.org.uk/pubs/193074,O,2026-09-11
913,marine|south shields|ne33 2jq,England,Tyne and Wear,Marine,South Shields,NE33 2JQ,Perm,2026 Q3,H,,venue,55.00035771666666,-1.4241331666666666,openstreetmap-gb-extract,reference_agrees_within_50m,Marine,230 Ocean Road,South Shields,NE33 2JQ,55.000380793354,-1.4238479086303,18.4,https://camra.org.uk/pubs/192767,O,2026-09-11
914,salutation|tynemouth|ne30 4bt,England,Tyne and Wear,Salutation,Tynemouth,NE30 4BT,Guest,2025 Q4,H,,venue,55.0173607,-1.4234338,openstreetmap-gb-extract,reference_agrees_within_50m,Salutation,Front Street,Tynemouth,NE30 4BT,55.017363163877,-1.4233588895493,4.8,https://camra.org.uk/pubs/193256,O,2026-09-11
915,turks head (stuffed dog)|tynemouth|ne30 4dz,England,Tyne and Wear,Turks Head (Stuffed Dog),Tynemouth,NE30 4DZ,Perm,2026 Q1,H,,venue,55.0177454,-1.4220353,camra-pubs-location-audit,reference_agrees_within_50m,Turks Head,41 Front Street,Tynemouth,NE30 4DZ,55.0177454,-1.4220353,0.0,https://camra.org.uk/pubs/193172,O,2026-09-11
916,tynemouth wmc/social club (pmc)|tynemouth|ne30 4dx,England,Tyne and Wear,Tynemouth WMC/Social Club (PMC),Tynemouth,NE30 4DX,Perm,2026 Q3,H,"""non-members welcome""",venue,55.0177047,-1.4246349,camra-pubs-location-audit,reference_agrees_within_50m,Tynemouth Social Club,"15/16 Front Street,",Tynemouth,NE30 4DX,55.0177047,-1.4246349,0.0,https://camra.org.uk/pubs/193793,O,2026-09-11
917,tynemouth lodge hotel|tynemouth|ne30 4aa,England,Tyne and Wear,Tynemouth Lodge Hotel,Tynemouth,NE30 4AA,Perm,2026 Q2,H,,venue,55.01410421666666,-1.4336259666666666,openstreetmap-gb-extract,reference_agrees_within_50m,Tynemouth Lodge Hotel,Tynemouth Road,Tynemouth,NE30 4AA,55.014078752318,-1.4336031675339,3.2,https://camra.org.uk/pubs/193173,O,2026-09-11
918,rockcliffe arms|whitley bay|ne26 2dt,England,Tyne and Wear,Rockcliffe Arms,Whitley Bay,NE26 2DT,Guest,2026 Q2,H,Regular guest (Sep 25),venue,55.0405183,-1.4401766,openstreetmap-gb-extract,reference_agrees_within_50m,Rockcliffe Arms,Algernon Place,Whitley Bay,NE26 2DT,55.040561521151,-1.4401741851807,4.8,https://camra.org.uk/pubs/193090,O,2026-09-11
919,lord nelson|ansley|cv10 9pq,England,Warwickshire,Lord Nelson,Ansley,CV10 9PQ,Guest,2026 Q2,H,is guest 'sometimes',venue,52.519011681818185,-1.5568925636363637,openstreetmap-gb-extract,reference_agrees_within_50m,Lord Nelson Inn,Birmingham Road,Ansley,CV10 9PQ,52.519058,-1.556936,5.9,https://camra.org.uk/pubs/158197,O,2026-09-11
920,hat and beaver|atherstone|cv9 1af,England,Warwickshire,Hat and Beaver,Atherstone,CV9 1AF,Perm,2026 Q3,H,,venue,52.57659895,-1.543588725,openstreetmap-gb-extract,reference_agrees_within_50m,Hat & Beaver,130 Long Street,Atherstone,CV9 1AF,52.5768,-1.54408,40.0,https://camra.org.uk/pubs/131747,O,2026-09-11
921,maid of the mill|atherstone|cv9 2ab,England,Warwickshire,Maid of the Mill,Atherstone,CV9 2AB,Perm,2026 Q3,H,,venue,52.57361396666667,-1.5496871666666667,openstreetmap-gb-extract,reference_agrees_within_50m,Maid Of The Mill,83-85 Coleshill Road,Atherstone,CV9 2AB,52.5736,-1.54958,7.4,https://camra.org.uk/pubs/131583,O,2026-09-11
922,market tavern tap|atherstone|cv9 1et,England,Warwickshire,Market Tavern Tap,Atherstone,CV9 1ET,Guest,2026 Q1,H,,venue,52.5780806,-1.5460528,food-standards-agency-fhrs,reference_agrees_within_50m,Market Tavern Tap,21 Market Street,Atherstone,CV9 1ET,52.578103,-1.546118,5.1,https://camra.org.uk/pubs/131753,O,2026-09-11
923,white horse|atherstone|cv9 1ab,England,Warwickshire,White Horse,Atherstone,CV9 1AB,Guest,2025 Q4,H,,venue,52.5768712,-1.5454653,openstreetmap-gb-extract,reference_agrees_within_50m,White Horse,127 Long Street,Atherstone,CV9 1AB,52.576838061176,-1.545401138554,5.7,https://camra.org.uk/pubs/131590,O,2026-09-11
924,royal oak|attleborough|cv11 4jy,England,Warwickshire,Royal Oak,Attleborough,CV11 4JY,Perm,2026 Q3,H,,venue,52.5132,-1.4558,camra-pubs-location-audit,reference_agrees_within_50m,Royal Oak,The Square,Nuneaton,CV11 4JY,52.5132,-1.4558,0.0,https://camra.org.uk/pubs/158300,O,2026-09-11
925,bird in hand|austrey|cv9 3ee,England,Warwickshire,Bird in Hand,Austrey,CV9 3EE,Guest,2026 Q3,H,,venue,52.6531183,-1.5630947545454545,openstreetmap-gb-extract,reference_agrees_within_50m_postcode_conflict,Bird in Hand,Main Road,Austrey,CV9 3EB,52.653079153262,-1.563002536211,7.6,https://camra.org.uk/pubs/181770,O,2026-09-11
926,red lion|baddesley ensor|cv9 2bt,England,Warwickshire,Red Lion,Baddesley Ensor,CV9 2BT,Guest,2026 Q1,H,,venue,52.582426076207,-1.597803119049,camra-pubs-location-audit,reference_agrees_within_50m,Red Lion,The Common,Baddesley Ensor,CV9 2BT,52.582426076207,-1.597803119049,0.0,https://camra.org.uk/pubs/131750,O,2026-09-11
927,rose inn|baxterley|cv9 2le,England,Warwickshire,Rose Inn,Baxterley,CV9 2LE,Perm,2025 Q4,H,,venue,52.56963422857143,-1.5918123285714285,openstreetmap-gb-extract,reference_agrees_within_50m,Rose Inn,Main Road,Baxterley,CV9 2LE,52.569746,-1.591748,13.2,https://camra.org.uk/pubs/131783,O,2026-09-11
928,plough|bedworth heath|cv12 0lg,England,Warwickshire,Plough,Bedworth Heath,CV12 0LG,Guest,2026 Q1,H,,venue,52.476124,-1.509912,camra-pubs-location-audit,reference_agrees_within_50m,Plough Inn,343 Smorrall Lane,Bedworth,CV12 0LG,52.476124,-1.509912,0.0,https://camra.org.uk/pubs/158195,O,2026-09-11
929,horse and jockey|bentley|cv9 2hl,England,Warwickshire,Horse and Jockey,Bentley,CV9 2HL,Perm,2026 Q3,H,,venue,52.55863851111111,-1.5843752111111111,openstreetmap-gb-extract,reference_agrees_within_50m,Horse & Jockey,Coleshill Road,Bentley,CV9 2HL,52.558611,-1.584404,3.6,https://camra.org.uk/pubs/131761,O,2026-09-11
930,boat inn|birdingbury|cv23 8hq,England,Warwickshire,Boat Inn,Birdingbury,CV23 8HQ,Guest,2026 Q3,H,,venue,52.2830148,-1.3595510714285715,openstreetmap-gb-extract,reference_agrees_within_50m,Boat Inn,Birdingbury Wharf,Stockton,CV23 8HQ,52.283024383925,-1.359387947256,11.1,https://camra.org.uk/pubs/122333,O,2026-09-11
931,olde chequers inn|bulkington|cv12 9nh,England,Warwickshire,Olde Chequers Inn,Bulkington,CV12 9NH,Perm,2026 Q3,H,,venue,52.47524711538461,-1.425499553846154,openstreetmap-gb-extract,reference_agrees_within_50m,Olde Chequers Inn,Chequers Street,Bulkington,CV12 9NH,52.47539,-1.425462,16.1,https://camra.org.uk/pubs/158205,O,2026-09-11
932,weavers arms|bulkington|cv12 9jz,England,Warwickshire,Weavers Arms,Bulkington,CV12 9JZ,Perm,2026 Q3,H,,venue,52.478101,-1.414535,camra-pubs-location-audit,reference_agrees_within_50m,Weavers Arms,12 Long Street,Bulkington,CV12 9JZ,52.478101,-1.414535,0.0,https://camra.org.uk/pubs/158206,O,2026-09-11
933,salutation|chapel end|cv10 0pb,England,Warwickshire,Salutation,Chapel End,CV10 0PB,Perm,2026 Q3,H,,venue,52.53598934,-1.52152354,openstreetmap-gb-extract,reference_agrees_within_50m,Salutation,Chancery Lane,Chapel End,CV10 0PB,52.5362,-1.5218,30.0,https://camra.org.uk/pubs/158302,O,2026-09-11
934,green man|coleshill|b46 3ah,England,Warwickshire,Green Man,Coleshill,B46 3AH,Perm,2026 Q2,H,,venue,52.49977819090909,-1.7074198,openstreetmap-gb-extract,reference_agrees_within_50m,Green Man,68 High Street,Coleshill,B46 3AH,52.499802075095,-1.707220262566,13.8,https://camra.org.uk/pubs/131787,O,2026-09-11
935,bull and butcher|corley moor|cv7 8aq,England,Warwickshire,Bull and Butcher,Corley Moor,CV7 8AQ,Perm,2026 Q2,H,,venue,52.4623968,-1.5903994,openstreetmap-gb-extract,reference_agrees_within_50m,Bull & Butcher,Common Lane,Corley Moor,CV7 8AQ,52.462501525879,-1.5903400182724,12.3,https://camra.org.uk/pubs/140564,O,2026-09-11
936,great western|deppers bridge|cv47 2st,England,Warwickshire,Great Western,Deppers Bridge,CV47 2ST,Perm,2025 Q4,H,,venue,52.2339159,-1.4323514,official-venue-map-link,ambiguous_reference,,,,,,,,,,2026-09-11
937,dun cow|dunchurch|cv22 6nj,England,Warwickshire,Dun Cow,Dunchurch,CV22 6NJ,Perm,2026 Q3,H,reduced on Fridays (Sep 26),venue,52.3373872,-1.2895454,openstreetmap,reference_agrees_within_50m,Dun Cow,The Green,Dunchurch,CV22 6NJ,52.33730247,-1.289509535,9.7,https://camra.org.uk/pubs/148471,O,2026-09-11
938,royal oak|hartshill|cv10 0td,England,Warwickshire,Royal Oak,Hartshill,CV10 0TD,Perm,2026 Q3,H,,venue,52.541855822222225,-1.5227574444444445,openstreetmap-gb-extract,reference_agrees_within_50m,Royal Oak,56 Oldbury Road,Hartshill,CV10 0TD,52.541835,-1.522783,2.9,https://camra.org.uk/pubs/158210,O,2026-09-11
939,nags head|henley-in-arden|b95 5ba,England,Warwickshire,Nags Head,Henley-in-Arden,B95 5BA,Guest,2026 Q2,H,,venue,52.2913714,-1.7799349,openstreetmap-gb-extract,reference_agrees_within_50m,Nag's Head,161 High Street,Henley-in-Arden,B95 5BA,52.291400368977,-1.779936909227,3.2,https://camra.org.uk/pubs/147163,O,2026-09-11
940,red lion|hunningham|cv33 9dy,England,Warwickshire,Red Lion,Hunningham,CV33 9DY,Guest,2026 Q3,H,,venue,52.31381985,-1.4538630928571428,openstreetmap-gb-extract,reference_agrees_within_50m,Red Lion,Main Street,Hunningham,CV33 9DY,52.313808,-1.453938,5.3,https://camra.org.uk/pubs/122284,O,2026-09-11
941,clarendon arms|kenilworth|cv8 1nb,England,Warwickshire,Clarendon Arms,Kenilworth,CV8 1NB,Guest,2026 Q2,H,,venue,52.348839500000004,-1.5897321875000001,openstreetmap-gb-extract,reference_agrees_within_50m,Clarendon Arms,44 Castle Hill,Kenilworth,CV8 1NB,52.348828,-1.589594,9.5,https://camra.org.uk/pubs/140650,O,2026-09-11
942,engine inn|kenilworth|cv8 2hp,England,Warwickshire,Engine Inn,Kenilworth,CV8 2HP,Perm,2026 Q3,H,,venue,52.351446643554,-1.569599747658,camra-pubs-location-audit,reference_agrees_within_50m,Engine,8 Mill End,Kenilworth,CV8 2HP,52.351446643554,-1.569599747658,0.0,https://camra.org.uk/pubs/140576,O,2026-09-11
943,kenilworth sporting ground|kenilworth|cv8 1fa,England,Warwickshire,Kenilworth Sporting Ground,Kenilworth,CV8 1FA,Guest,2026 Q2,H,,venue,52.3310922,-1.5782505,google-maps-named-place,no_unambiguous_reference,,,,,,,,,,2026-09-11
944,anchor inn|leek wootton|cv35 7qx,England,Warwickshire,Anchor Inn,Leek Wootton,CV35 7QX,Perm,2026 Q2,H,,venue,52.31828455454545,-1.5770293272727272,openstreetmap-gb-extract,reference_agrees_within_50m,Anchor Inn,Warwick Road,Leek Wootton,CV35 7QX,52.318235740312,-1.576932754207,8.5,https://camra.org.uk/pubs/122317,O,2026-09-11
945,queens head|meriden|cv7 7jp,England,Warwickshire,Queens Head,Meriden,CV7 7JP,Perm,2026 Q2,H,,venue,52.43581940000001,-1.6314492454545453,openstreetmap-gb-extract,reference_agrees_within_50m,Queen's Head,Old Road,Meriden,CV7 7JP,52.435829433747,-1.631409504299,2.9,https://camra.org.uk/pubs/140697,O,2026-09-11
946,green man|middleton|b78 2an,England,Warwickshire,Green Man,Middleton,B78 2AN,Perm,2026 Q1,H,,venue,52.5819922047619,-1.7423813523809524,openstreetmap-gb-extract,reference_agrees_within_50m,Green Man,Church Lane,Middleton,B78 2AN,52.58203511321,-1.742205331526,12.8,https://camra.org.uk/pubs/131672,O,2026-09-11
947,bulls head|nailstone|cv13 0qe,England,Warwickshire,Bulls Head,Nailstone,CV13 0QE,Guest,2026 Q2,H,,venue,52.65975373333333,-1.3862997166666666,openstreetmap-gb-extract,reference_agrees_within_50m_postcode_conflict,Bulls Head,88 Main Street,Nailstone,CV13 0QB,52.65968,-1.38633,8.4,https://camra.org.uk/pubs/181822,O,2026-09-11
948,lost pug|north end|cv47 2tj,England,Warwickshire,Lost Pug,North End,CV47 2TJ,Perm,2026 Q1,H,,venue,52.16881857999999,-1.42976772,openstreetmap-gb-extract,reference_agrees_within_50m,Lost Pug,Bottom Street,Northend,CV47 2TJ,52.168864903945,-1.429700038029,6.9,https://camra.org.uk/pubs/122324,O,2026-09-11
949,chestnuts (pmc)|nuneaton: central|cv10 0ab,England,Warwickshire,Chestnuts (PMC),Nuneaton: Central,CV10 0AB,Perm,2026 Q1,H,,venue,52.527003175492,-1.460884957008,camra-pubs-location-audit,reference_agrees_within_50m,Chestnuts Club,32 Old Hinckley Road,Nuneaton,CV10 0AB,52.527003175492,-1.460884957008,0.0,https://camra.org.uk/pubs/196934,O,2026-09-11
950,crew and queens hall|nuneaton: central|cv11 5la,England,Warwickshire,Crew and Queens Hall,Nuneaton: Central,CV11 5LA,Perm,2026 Q3,H,,venue,52.522512,-1.473486,camra-pubs-location-audit,reference_agrees_within_50m,Crew,75 Queens Road,Nuneaton,CV11 5LA,52.522512,-1.473486,0.0,https://camra.org.uk/pubs/158264,O,2026-09-11
951,lord hop|nuneaton: central|cv11 5jx,England,Warwickshire,Lord Hop,Nuneaton: Central,CV11 5JX,Guest,2026 Q2,H,Once in a blue moon,venue,52.5224532,-1.4711416,openstreetmap-gb-extract,reference_agrees_within_50m,Lord Hop,38 Queens Road,Nuneaton,CV11 5JX,52.52253,-1.47103,11.4,https://camra.org.uk/pubs/158316,O,2026-09-11
952,royal oak|nuneaton: hartshill|cv10 0td,England,Warwickshire,Royal Oak,Nuneaton: Hartshill,CV10 0TD,Perm,2026 Q2,H,,venue,52.541855822222225,-1.5227574444444445,openstreetmap-gb-extract,reference_agrees_within_50m,Royal Oak,56 Oldbury Road,Hartshill,CV10 0TD,52.541835,-1.522783,2.9,https://camra.org.uk/pubs/158210,O,2026-09-11
953,royal oak|nuneaton: stockingford|cv10 7nq,England,Warwickshire,Royal Oak,Nuneaton: Stockingford,CV10 7NQ,Guest,2026 Q3,H,,venue,52.51567262857143,-1.5068433857142856,openstreetmap-gb-extract,reference_agrees_within_50m,Royal Oak,Arbury Road,Stockingford,CV10 7NQ,52.51561,-1.50683,7.0,https://camra.org.uk/pubs/158299,O,2026-09-11
954,whitestone|nuneaton: whitestone|cv11 6nf,England,Warwickshire,Whitestone,Nuneaton: Whitestone,CV11 6NF,Perm,2026 Q2,H,,venue,52.506044,-1.4290715,food-standards-agency-fhrs,reference_agrees_within_50m,Whitestone,Meadowside,Nuneaton,CV11 6NF,52.50597,-1.4292,12.0,https://camra.org.uk/pubs/158309,O,2026-09-11
955,miners arms|nuneaton: whittleford|cv10 9hu,England,Warwickshire,Miners Arms,Nuneaton: Whittleford,CV10 9HU,Guest,2026 Q3,H,,venue,52.5242217,-1.5096678,openstreetmap-gb-extract,reference_agrees_within_50m,Miner's Arms,Whittleford Road,Stockingford,CV10 9HU,52.5238,-1.5095,48.2,https://camra.org.uk/pubs/158289,O,2026-09-11
956,spread eagle|polesworth|b78 1dx,England,Warwickshire,Spread Eagle,Polesworth,B78 1DX,Guest,2026 Q2,H,,venue,52.6203512,-1.6129843,openstreetmap-gb-extract,reference_agrees_within_50m,Spread Eagle,11 High Street,Polesworth,B78 1DX,52.620363218683,-1.613007460327,2.1,https://camra.org.uk/pubs/131681,O,2026-09-11
957,white hart|ridge lane|cv10 0rb,England,Warwickshire,White Hart,Ridge Lane,CV10 0RB,Perm,2026 Q3,H,,venue,52.5521083,-1.5703267,openstreetmap-gb-extract,reference_agrees_within_50m,White Hart,Ridge Lane,Nuneaton,CV10 0RB,52.55213,-1.57032,2.5,https://camra.org.uk/pubs/158307,O,2026-09-11
958,bull|rugby|cv21 3bx,England,Warwickshire,Bull,Rugby,CV21 3BX,Guest,2026 Q1,H,,venue,52.371575,-1.2634034,openstreetmap-gb-extract,reference_agrees_within_50m,Bull,28 Sheep Street,Rugby,CV21 3BX,52.37170029,-1.263499975,15.4,https://camra.org.uk/pubs/148482,O,2026-09-11
959,merchants|rugby|cv21 3aw,England,Warwickshire,Merchants,Rugby,CV21 3AW,Guest,2026 Q1,H,,venue,52.3713166,-1.2614392,google-maps-named-place,reference_agrees_within_50m_postcode_conflict,Merchants Inn,5-7 Little Church Street,Rugby,CV21 3AN,52.371329,-1.261492,3.8,https://camra.org.uk/pubs/148458,O,2026-09-11
960,squirrel|rugby|cv21 3pu,England,Warwickshire,Squirrel,Rugby,CV21 3PU,Guest,2025 Q4,H,,venue,52.37249672222222,-1.2589317222222223,openstreetmap-gb-extract,reference_agrees_within_50m,Squirrel Inn,33 Church Street,Rugby,CV21 3PU,52.372505,-1.258937,1.0,https://camra.org.uk/pubs/148460,O,2026-09-11
961,black horse|sheepy magna|cv9 3qr,England,Warwickshire,Black Horse,Sheepy Magna,CV9 3QR,Perm,2025 Q4,H,,venue,52.609366079999994,-1.5192373,openstreetmap-gb-extract,reference_agrees_within_50m,Black Horse,Main Road,Sheepy Magna,CV9 3QR,52.609362,-1.519194,3.0,https://camra.org.uk/pubs/181833,O,2026-09-11
962,griffin|shustoke|b46 2lb,England,Warwickshire,Griffin,Shustoke,B46 2LB,Guest,2026 Q2,H,,venue,52.515446,-1.645283,camra-pubs-location-audit,reference_agrees_within_50m,Griffin Inn,Church Road,Shustoke,B46 2LB,52.515446,-1.645283,0.0,https://camra.org.uk/pubs/131752,O,2026-09-11
963,plough|shustoke|b46 2an,England,Warwickshire,Plough,Shustoke,B46 2AN,Perm,2026 Q1,H,,venue,52.51507148181818,-1.6664296818181819,openstreetmap-gb-extract,reference_agrees_within_50m,Plough,The Green,Shustoke,B46 2AN,52.515238310517,-1.666439823418,18.6,https://camra.org.uk/pubs/131689,O,2026-09-11
964,office at warton|warton|b79 0jn,England,Warwickshire,Office at Warton,Warton,B79 0JN,Perm,2026 Q3,H,,venue,52.6300627,-1.5836351,food-standards-agency-fhrs,reference_agrees_within_50m,Office At Warton,Church Road,Warton,B79 0JN,52.630049,-1.583749,7.8,https://camra.org.uk/pubs/131734,O,2026-09-11
965,roebuck|warwick|cv34 4hu,England,Warwickshire,Roebuck,Warwick,CV34 4HU,Guest,2026 Q3,H,,venue,52.2832636,-1.5822378,openstreetmap,reference_agrees_within_50m,Roebuck Inn,Smith Street,Warwick,CV34 4HU,52.283186,-1.582299,9.6,https://camra.org.uk/pubs/122352,O,2026-09-11
966,rainbow inn|allesley|cv5 9gt,England,West Midlands,Rainbow Inn,Allesley,CV5 9GT,Perm,2026 Q2,H,,venue,52.422902769230774,-1.5592147692307692,openstreetmap-gb-extract,reference_agrees_within_50m,Rainbow Inn,"73 Birmingham Road, Allesley",Coventry,CV5 9GT,52.422943,-1.559292,6.9,https://camra.org.uk/pubs/140644,O,2026-09-11
967,robin hood|amblecote|dy8 4eq,England,West Midlands,Robin Hood,Amblecote,DY8 4EQ,Guest,2026 Q3,H,"""we do often have it on as a guest""",venue,52.470798492432,-2.1465198993683,camra-pubs-location-audit,reference_agrees_within_50m,Robin Hood,196 Collis Street,Amblecote,DY8 4EQ,52.470798492432,-2.1465198993683,0.0,https://camra.org.uk/pubs/142686,O,2026-09-11
968,shakespeare (summer row)|birmingham: central|b3 1jj,England,West Midlands,Shakespeare (Summer Row),Birmingham: Central,B3 1JJ,Guest,2026 Q1,H,,venue,52.481477,-1.906951,camra-pubs-location-audit,reference_agrees_within_50m,Shakespeare,31 Summer Row,Birmingham,B3 1JJ,52.481477,-1.906951,0.0,https://camra.org.uk/pubs/121105,O,2026-09-11
969,woodman|birmingham: central|b4 7xg,England,West Midlands,Woodman,Birmingham: Central,B4 7XG,Perm,2026 Q3,H,,venue,52.4817553,-1.8868214,openstreetmap-gb-extract,reference_agrees_within_50m,Woodman,1 Curzon St,Birmingham,B4 7XG,52.481789,-1.886695,9.3,https://camra.org.uk/pubs/121303,O,2026-09-11
970,anchor|birmingham: digbeth|b5 6et,England,West Midlands,Anchor,Birmingham: Digbeth,B5 6ET,Guest,2026 Q3,H,,venue,52.47455752857143,-1.8885337999999998,openstreetmap-gb-extract,reference_agrees_within_50m,Anchor,308 Bradford Street,Birmingham,B5 6ET,52.47455,-1.888499,2.5,https://camra.org.uk/pubs/121107,O,2026-09-11
971,white swan|birmingham: digbeth|b12 0qy,England,West Midlands,White Swan,Birmingham: Digbeth,B12 0QY,Guest,2026 Q2,H,"""on as much as we can, difficult to get at times unfortunately""",venue,52.47373674000001,-1.8862870600000001,openstreetmap-gb-extract,reference_agrees_within_50m,White Swan,276 Bradford Street,Birmingham,B12 0QY,52.473656,-1.886311,9.1,https://camra.org.uk/pubs/121124,O,2026-09-11
972,selly park tavern|birmingham: selly oak|b29 7hq,England,West Midlands,Selly Park Tavern,Birmingham: Selly Oak,B29 7HQ,Guest,2026 Q3,H,,venue,52.44738715882353,-1.9131751588235295,openstreetmap-gb-extract,reference_agrees_within_50m,Selly Park Tavern,592 Pershore Road,Birmingham,B29 7HQ,52.447438,-1.913379,14.9,https://camra.org.uk/pubs/121100,O,2026-09-11
973,british oak|birmingham: stirchley|b30 2xs,England,West Midlands,British Oak,Birmingham: Stirchley,B30 2XS,Guest,2026 Q3,H,,venue,52.42817018666666,-1.9218949466666666,openstreetmap-gb-extract,reference_agrees_within_50m,British Oak,1364 Pershore Road,Birmingham,B30 2XS,52.428282,-1.922056,16.5,https://camra.org.uk/pubs/121097,O,2026-09-11
974,hearsall inn|coventry: chapelfields|cv5 8ds,England,West Midlands,Hearsall Inn,Coventry: Chapelfields,CV5 8DS,Perm,2026 Q3,H,,venue,52.407208100000005,-1.5316298400000001,openstreetmap-gb-extract,reference_agrees_within_50m,Hearsall Inn,45 Craven Street,Coventry,CV5 8DS,52.407208,-1.531653,1.6,https://camra.org.uk/pubs/140589,O,2026-09-11
975,gatehouse tavern|coventry: central|cv1 4an,England,West Midlands,Gatehouse Tavern,Coventry: Central,CV1 4AN,Perm,2026 Q3,H,,venue,52.41004765,-1.5170175625,openstreetmap-gb-extract,reference_agrees_within_50m,Gatehouse Tavern,44-46 Hill Street,Coventry,CV1 4AN,52.409801483154,-1.5168900489807,28.7,https://camra.org.uk/pubs/140571,O,2026-09-11
976,old windmill|coventry: central|cv1 3ba,England,West Midlands,Old Windmill,Coventry: Central,CV1 3BA,Perm,2026 Q3,H,,venue,52.40819796666667,-1.51787285,openstreetmap-gb-extract,reference_agrees_within_50m,Old Windmill,22-23 Spon Street,Coventry,CV1 3BA,52.408298492432,-1.5178999900818,11.3,https://camra.org.uk/pubs/140568,O,2026-09-11
977,open arms|coventry: cheylesmore|cv3 5dp,England,West Midlands,Open Arms,Coventry: Cheylesmore,CV3 5DP,Guest,2025 Q4,H,,venue,52.3917001,-1.5140943833333333,openstreetmap-gb-extract,reference_agrees_within_50m,Open Arms,Daventry Road,Coventry,CV3 5DP,52.391730281616,-1.514126705523,4.0,https://camra.org.uk/pubs/140639,O,2026-09-11
978,royal oak|coventry: earlsdon|cv5 6ej,England,West Midlands,Royal Oak,Coventry: Earlsdon,CV5 6EJ,Perm,2025 Q4,H,,venue,52.39936064444444,-1.5319574333333332,openstreetmap-gb-extract,reference_agrees_within_50m,Royal Oak,22 Earlsdon Street,Coventry,CV5 6EJ,52.399331,-1.531871,6.7,https://camra.org.uk/pubs/140651,O,2026-09-11
979,greyhound inn|coventry: sutton stop|cv6 6df,England,West Midlands,Greyhound Inn,Coventry: Sutton Stop,CV6 6DF,Perm,2026 Q2,H,,venue,52.45734366842105,-1.4690334894736843,openstreetmap-gb-extract,reference_agrees_within_50m,Greyhound Inn,"Sutton Stop, Hawkesbury Junction",Coventry,CV6 6DF,52.457401808489,-1.46919053596,12.5,https://camra.org.uk/pubs/140570,O,2026-09-11
980,green house|mere green|b74 2ud,England,West Midlands,Green House,Mere Green,B74 2UD,Guest,2026 Q1,H,,venue,52.583025580000005,-1.8278456466666666,openstreetmap-gb-extract,reference_agrees_within_50m,Green House,226 Lichfield Road,Four Oaks,B74 2UD,52.582995,-1.828091,16.9,https://camra.org.uk/pubs/131802,O,2026-09-11
981,fountain|lower gornal|dy3 2pe,England,West Midlands,Fountain,Lower Gornal,DY3 2PE,Guest,2026 Q2,H,,venue,52.5183902,-2.1253673,openstreetmap-gb-extract,reference_agrees_within_50m,Fountain Inn,8 Temple Street,Lower Gornal,DY3 2PE,52.518402365267,-2.125354588032,1.6,https://camra.org.uk/pubs/146471,O,2026-09-11
982,britannia|rowley regis|b91 3ju,England,West Midlands,Britannia,Rowley Regis,B91 3JU,Guest,2026 Q3,H,Guest+F Fieldhouse Solihull,venue,52.4737713,-2.0418834,openstreetmap,reference_agrees_within_50m_postcode_conflict,Britannia,124 Halesowen Street,Blackheath,B65 0ES,52.473759600117,-2.041905552149,2.0,https://camra.org.uk/pubs/146446,O,2026-09-11
983,queslett|streetly|b74 2ey,England,West Midlands,Queslett,Streetly,B74 2EY,Guest,2026 Q1,H,,venue,52.56594377777778,-1.8860381333333334,openstreetmap-gb-extract,reference_agrees_within_50m,Queslett,Queslett Road East,Streetly,B74 2EY,52.5659,-1.88606,5.1,https://camra.org.uk/pubs/131697,O,2026-09-11
984,dog inn|water orton|b46 1nw,England,West Midlands,Dog Inn,Water Orton,B46 1NW,Guest,2026 Q2,H,,venue,52.518961784615385,-1.7414023307692308,openstreetmap-gb-extract,reference_agrees_within_50m,Dog Inn,Marsh Lane,Water Orton,B46 1NW,52.519067,-1.741174,19.4,https://camra.org.uk/pubs/131737,O,2026-09-11
985,royal oak|wolverhampton: central|wv3 9ph,England,West Midlands,Royal Oak,Wolverhampton: Central,WV3 9PH,Guest,2026 Q3,H,,venue,52.585999214285714,-2.1443157,openstreetmap-gb-extract,reference_agrees_within_50m,Royal Oak,70 Compton Rd,Wolverhampton,WV3 9PH,52.585875,-2.144379,14.5,https://camra.org.uk/pubs/127031,O,2026-09-11
986,dog and gun|wolverhampton: tettenhall|wv6 8sb,England,West Midlands,Dog and Gun,Wolverhampton: Tettenhall,WV6 8SB,Guest,2026 Q2,H,,venue,52.59976045999999,-2.17228194,openstreetmap-gb-extract,reference_agrees_within_50m,Dog & Gun,"1 Wrottesley Road, Tettenhall",Wolverhampton,WV6 8SB,52.599778497396,-2.172328801258,3.7,https://camra.org.uk/pubs/127027,O,2026-09-11
987,corsham club (pmc)|corsham|sn13 0bh,England,Wiltshire,Corsham Club (PMC),Corsham,SN13 0BH,Perm,2025 Q4,H,,venue,51.43206,-2.187507,camra-pubs-location-audit,ambiguous_reference,,,,,,,,,,2026-09-11
988,three brewers|corsham|sn13 0as,England,Wiltshire,Three Brewers,Corsham,SN13 0AS,Perm,2026 Q2,H,,venue,51.4351814,-2.1902462,openstreetmap-gb-extract,reference_agrees_within_50m,Three Brewers,51 Priory Street,Corsham,SN13 0AS,51.435228997377,-2.190271403774,5.6,https://camra.org.uk/pubs/126962,O,2026-09-11
989,british lion|devizes|sn10 1lq,England,Wiltshire,British Lion,Devizes,SN10 1LQ,Guest,2026 Q1,H,"""regular basis but all ales are guests""",venue,51.352304556250004,-1.98958269375,openstreetmap-gb-extract,reference_agrees_within_50m,British Lion,9 Estcourt Street,Devizes,SN10 1LQ,51.352218,-1.989527,10.4,https://camra.org.uk/pubs/144026,O,2026-09-11
990,five bells|royal wootton bassett|sn4 7bd,England,Wiltshire,Five Bells,Royal Wootton Bassett,SN4 7BD,Guest,2025 Q4,H,,venue,51.541811457142856,-1.9061567285714285,openstreetmap-gb-extract,reference_agrees_within_50m,Five Bells,Wood Street,Royal Wootton Bassett,SN4 7BD,51.541872947964,-1.906048981476,10.1,https://camra.org.uk/pubs/138640,O,2026-09-11
991,deacons|salisbury|sp2 7qt,England,Wiltshire,Deacons,Salisbury,SP2 7QT,Guest,2026 Q1,H,,venue,51.0704984375,-1.802273025,openstreetmap-gb-extract,reference_agrees_within_50m,Deacons,118 Fisherton Street,Salisbury,SP2 7QT,51.07046,-1.8024,9.8,https://camra.org.uk/pubs/192193,O,2026-09-11
992,tuppeny|swindon|sn1 4bd,England,Wiltshire,Tuppeny,Swindon,SN1 4BD,Guest,2025 Q4,H,,venue,51.5519217,-1.77723,google-maps-named-place,no_unambiguous_reference,,,,,,,,,,2026-09-11
993,crown|kemerton|gl20 7hp,England,Worcestershire,Crown,Kemerton,GL20 7HP,Guest,2026 Q2,H,,venue,52.03298346666667,-2.0804984416666668,openstreetmap-gb-extract,reference_agrees_within_50m,Crown,High Street,Kemerton,GL20 7HP,52.033012574982,-2.080484211445,3.4,https://camra.org.uk/pubs/111193,O,2026-09-11
994,chester tavern|kidderminster|dy10 1tn,England,Worcestershire,Chester Tavern,Kidderminster,DY10 1TN,Guest,2026 Q2,H,,venue,52.3877286,-2.2337711,openstreetmap-gb-extract,reference_agrees_within_50m,Chester Tavern,211 Chester Road North,Kidderminster,DY10 1TN,52.387687712837,-2.233631372452,10.5,https://camra.org.uk/pubs/180891,O,2026-09-11
995,king and castle|kidderminster|dy10 1qx,England,Worcestershire,King and Castle,Kidderminster,DY10 1QX,Guest,2026 Q1,H,,venue,52.3844026,-2.2394602,openstreetmap-gb-extract,reference_agrees_within_50m,King & Castle,Comberton Hil,Kidderminster,DY10 1QX,52.384498596191,-2.2395100593567,11.2,https://camra.org.uk/pubs/180968,O,2026-09-11
996,fox & hounds|lulsley|wr6 5qt,England,Worcestershire,Fox & Hounds,Lulsley,WR6 5QT,Perm,2026 Q3,H,,venue,52.18888484666666,-2.382827413333333,openstreetmap-gb-extract,reference_agrees_within_50m,Fox & Hounds,,Lulsley,WR6 5QT,52.188913154841,-2.382947550926,8.8,https://camra.org.uk/pubs/111198,O,2026-09-11
997,old rose and crown|stourport|dy13 9pa,England,Worcestershire,Old Rose and Crown,Stourport,DY13 9PA,Guest,2026 Q3,H,,venue,52.33627441111111,-2.2687871888888886,openstreetmap-gb-extract,reference_agrees_within_50m,Old Rose & Crown,Worcester Road,Stourport-on-Severn,DY13 9PA,52.336200714111,-2.2687799930573,8.2,https://camra.org.uk/pubs/180807,O,2026-09-11
998,alestones|tardebigge|b97 6qw,England,Worcestershire,Alestones,Tardebigge,B97 6QW,Guest,2026 Q3,H,,venue,52.317959896445,-1.99702470444,camra-pubs-location-audit,reference_agrees_within_50m,Alestones,Unit 23 Tardebigge Court,Tardebigge,B97 6QW,52.317959896445,-1.99702470444,0.0,https://camra.org.uk/pubs/154126,O,2026-09-11
999,dead dove|worcester: central|wr1 2lt,England,Worcestershire,Dead Dove,Worcester: Central,WR1 2LT,Perm,2026 Q2,H,,venue,52.1886066,-2.2190526,google-maps-named-place,reference_agrees_within_50m_postcode_conflict,Dead Dove,25 College Street,Worcester,WR1 2LS,52.188610229756,-2.219052699117,0.4,https://camra.org.uk/pubs/111424,O,2026-09-11
1000,firefly|worcester: central|wr1 2se,England,Worcestershire,Firefly,Worcester: Central,WR1 2SE,Guest,2026 Q3,H,,venue,52.194636975,-2.2166840875,openstreetmap-gb-extract,reference_agrees_within_50m,Firefly,54 Lowesmoor,Worcester,WR1 2SE,52.19469833374,-2.2167000770569,6.9,https://camra.org.uk/pubs/111423,O,2026-09-11
1001,lyppard grange|worcester: lyppard grange|wr4 0dz,England,Worcestershire,Lyppard Grange,Worcester: Lyppard Grange,WR4 0DZ,Guest,2026 Q1,H,,venue,52.19969582,-2.1773817,openstreetmap-gb-extract,reference_agrees_within_50m,Lyppard Grange,Ankerage Green,Worcester,WR4 0DZ,52.2,-2.17792,49.9,https://camra.org.uk/pubs/111301,O,2026-09-11
1002,rose and crown|flamborough|yo15 1jy,England,East Yorkshire,Rose and Crown,Flamborough,YO15 1JY,Perm,2026 Q2,H,Permanent “when we can get it.” (Apr 26),venue,54.1182961,-0.12264,openstreetmap-gb-extract,reference_agrees_within_50m,Rose & Crown,High Street,Flamborough,YO15 1JY,54.118347,-0.122651,5.7,https://camra.org.uk/pubs/181017,O,2026-09-11
1003,goodmanham arms|goodmanham|yo43 3ja,England,East Yorkshire,Goodmanham Arms,Goodmanham,YO43 3JA,Guest,2026 Q3,H,,venue,53.877,-0.6467,camra-and-fsa-location-audit,reference_agrees_within_50m,Goodmanham Arms,Main Street,Goodmanham,YO43 3JA,53.877,-0.6467,0.0,https://camra.org.uk/pubs/181037,O,2026-09-11
1004,new inn|hornsea|hu18 1an,England,East Yorkshire,New Inn,Hornsea,HU18 1AN,Guest,2026 Q3,H,,venue,53.910724,-0.174372,food-standards-agency-fhrs,reference_agrees_within_50m,New Inn,21 Market Place,Hornsea,HU18 1AN,53.910704260172,-0.174095215939,18.3,https://camra.org.uk/pubs/181072,O,2026-09-11
1005,hed'on inn|hedon|hu12 8ez,England,East Yorkshire,Hed'On Inn,Hedon,HU12 8EZ,Guest,2026 Q3,H,,venue,53.740167,-0.198589,food-standards-agency-fhrs,reference_agrees_within_50m,Hed'On Inn,"7 Watmaughs Arcade, St Augustine Gate",Hedon,HU12 8EZ,53.740059,-0.198182,29.3,https://camra.org.uk/pubs/180637,O,2026-09-11
1006,avenue|hull|hu5 3ts,England,East Yorkshire,Avenue,Hull,HU5 3TS,Perm,2026 Q2,H,,venue,53.7552822,-0.3736256,openstreetmap-gb-extract,reference_agrees_within_50m,Avenue Hotel,100 Chanterlands Avenue,Hull,HU5 3TS,53.755243004299,-0.373768110451,10.3,https://camra.org.uk/pubs/181089,O,2026-09-11
1007,minerva|hull|hu1 1xe,England,East Yorkshire,Minerva,Hull,HU1 1XE,Guest,2026 Q1,H,,venue,53.737980718181824,-0.3349674181818182,openstreetmap-gb-extract,reference_agrees_within_50m,Minerva Hotel,Nelson Street,Hull,HU1 1XE,53.737962,-0.334838,8.8,https://camra.org.uk/pubs/181206,O,2026-09-11
1008,nolans|hull|hu1 1jg,England,East Yorkshire,Nolans,Hull,HU1 1JG,Perm,2026 Q3,H,,venue,53.7429929,-0.3334194,food-standards-agency-fhrs,reference_agrees_within_50m,Nolans,28 Silver Street,Hull,HU1 1JG,53.742894,-0.333358,11.7,https://camra.org.uk/pubs/180706,O,2026-09-11
1009,beech tree|kirk ella|hu10 7ls,England,East Yorkshire,Beech Tree,Kirk Ella,HU10 7LS,Guest,2026 Q1,H,,venue,53.74876998285714,-0.4413647514285714,openstreetmap-gb-extract,reference_agrees_within_50m,Beech Tree,South Ella Way,Kirk Ella,HU10 7LS,53.748584,-0.441693,29.9,https://camra.org.uk/pubs/181335,O,2026-09-11
1010,stamfords|pocklington|yo42 2jl,England,East Yorkshire,Stamfords,Pocklington,YO42 2JL,Perm,2026 Q1,H,,venue,53.931415,-0.77703,food-standards-agency-fhrs,reference_agrees_within_50m,Stamfords,12 Union Street,Pocklington,YO42 2JL,53.93153,-0.776781,20.7,https://camra.org.uk/pubs/123739,O,2026-09-11
1011,tiger inn|easington|ts13 4ne,England,North Yorkshire,Tiger Inn,Easington,TS13 4NE,Guest,2026 Q2,H,,venue,54.552611866666666,-0.8573451,openstreetmap-gb-extract,reference_agrees_within_50m,Tiger Inn,Whitby Road,Easington,TS13 4NE,54.552446528766,-0.8572835028956,18.8,https://camra.org.uk/pubs/184984,O,2026-09-11
1012,hales bar|harrogate|hg1 2rs,England,North Yorkshire,Hales Bar,Harrogate,HG1 2RS,Guest,2026 Q1,H,,venue,53.9938579,-1.5467719,openstreetmap-gb-extract,reference_agrees_within_50m,Hales Bar,1-3 Crescent Road,Harrogate,HG1 2RS,53.993836,-1.5467,5.3,https://camra.org.uk/pubs/181496,O,2026-09-11
1013,blind jacks|knaresborough|hg5 8al,England,North Yorkshire,Blind Jacks,Knaresborough,HG5 8AL,Perm,2026 Q1,H,,venue,54.0078371,-1.4670371,openstreetmap-gb-extract,reference_agrees_within_50m,Blind Jack's,19 Market Place,Knaresborough,HG5 8AL,54.007847,-1.467107,4.7,https://camra.org.uk/pubs/181539,O,2026-09-11
1014,crown inn|manfield|dl2 2rf,England,North Yorkshire,Crown Inn,Manfield,DL2 2RF,Guest,2026 Q3,H,"""long-term guest"" via pub Aug 2026",venue,54.516422,-1.6608422,openstreetmap-gb-extract,reference_agrees_within_50m,Crown Inn,Vicars Lane,Manfield,DL2 2RF,54.5167,-1.6612,38.6,https://camra.org.uk/pubs/186653,O,2026-09-11
1015,devonport hotel|middleton one row|dl2 1as,England,North Yorkshire,Devonport Hotel,Middleton One Row,DL2 1AS,Perm,2026 Q3,H,,venue,54.504289,-1.456022,food-standards-agency-fhrs,reference_agrees_within_50m,Devonport Hotel,17 The Front,Middleton One Row,DL2 1AS,54.5043,-1.456,1.9,https://camra.org.uk/pubs/186665,O,2026-09-11
1016,portly pig|ripon|hg4 1pa,England,North Yorkshire,Portly Pig,Ripon,HG4 1PA,Guest,2026 Q1,H,,venue,54.1352515,-1.5225486,openstreetmap-gb-extract,reference_agrees_within_50m,Portly Pig,5b Kirkgate,Ripon,HG4 1PA,54.1352,-1.52242,10.1,https://camra.org.uk/pubs/197236,O,2026-09-11
1017,beer engine|skipton|bd23 1jd,England,North Yorkshire,Beer Engine,Skipton,BD23 1JD,Guest,2026 Q1,H,,venue,53.9609075,-2.0192026,openstreetmap-gb-extract,reference_agrees_within_50m,Beer Engine,1-3 Albert Street,Skipton,BD23 1JD,53.96085,-2.0192,6.4,https://camra.org.uk/pubs/144053,O,2026-09-11
1018,three cups|stamford bridge|yo41 1ax,England,North Yorkshire,Three Cups,Stamford Bridge,YO41 1AX,Perm,2026 Q3,H,,venue,53.9920828,-0.9210368,openstreetmap-gb-extract,reference_agrees_within_50m,Three Cups,York Road,Stamford Bridge,YO41 1AX,53.99203,-0.920848,13.7,https://camra.org.uk/pubs/123730,O,2026-09-11
1019,little angel|whitby|yo21 3ba,England,North Yorkshire,Little Angel,Whitby,YO21 3BA,Guest,2026 Q3,H,,venue,54.4864246,-0.6161626,openstreetmap-gb-extract,reference_agrees_within_50m,Little Angel,18 Flowergate,Whitby,YO21 3BA,54.486388,-0.616214,5.3,https://camra.org.uk/pubs/185303,O,2026-09-11
1020,star inn|whitby|yo21 3pp,England,North Yorkshire,Star Inn,Whitby,YO21 3PP,Perm,2026 Q3,H/B,Bankers reported as not available in May 26,venue,54.48772372222223,-0.6148863666666666,openstreetmap-gb-extract,reference_agrees_within_50m,Star Inn,4 Haggersgate,Whitby,YO21 3PP,54.487799,-0.614925,8.7,https://camra.org.uk/pubs/185310,O,2026-09-11
1021,george and dragon|yarm|ts15 9ah,England,North Yorkshire,George and Dragon,Yarm,TS15 9AH,Guest,2026 Q1,H,,venue,54.50972713,-1.35420888,openstreetmap-gb-extract,reference_agrees_within_50m,George & Dragon,70 High Street,Yarm,TS15 9AH,54.509668,-1.354384,13.1,https://camra.org.uk/pubs/185027,O,2026-09-11
1022,ketton ox|yarm|ts15 9au,England,North Yorkshire,Ketton Ox,Yarm,TS15 9AU,Perm,2026 Q1,H,,venue,54.510583322727264,-1.3547657318181818,openstreetmap-gb-extract,reference_agrees_within_50m,Ketton Ox,98-100 High Street,Yarm,TS15 9AU,54.510555,-1.355236,30.5,https://camra.org.uk/pubs/185028,O,2026-09-11
1023,crooked tap|york: acomb|yo26 5ll,England,North Yorkshire,Crooked Tap,York: Acomb,YO26 5LL,Guest,2025 Q4,H,,venue,53.9555,-1.13045,camra-pubs-location-audit,reference_agrees_within_50m,Crooked Tap,"39, The Green",York,YO26 5LL,53.9555,-1.13045,0.0,https://camra.org.uk/pubs/123871,O,2026-09-11
1024,waggon and horses|york: central|yo10 3bp,England,North Yorkshire,Waggon and Horses,York: Central,YO10 3BP,Guest,2026 Q3,H,,venue,53.954948,-1.069101,openstreetmap-gb-extract,reference_agrees_within_50m,Waggon & Horses,19 Lawrence Street,York,YO10 3BP,53.95491,-1.069145,5.1,https://camra.org.uk/pubs/123471,O,2026-09-11
1025,leopard|doncaster|dn1 3aa,England,South Yorkshire,Leopard,Doncaster,DN1 3AA,Guest,2026 Q2,H,,venue,53.520660255555555,-1.1376811666666666,openstreetmap-gb-extract,reference_agrees_within_50m,Leopard,2 West Street,Doncaster,DN1 3AA,53.520662,-1.13765,2.1,https://camra.org.uk/pubs/145536,O,2026-09-11
1026,roadhouse bar and bottles|rotherham: broom|s60 3pt,England,South Yorkshire,Roadhouse Bar and Bottles,Rotherham: Broom,S60 3PT,Perm,2025 Q4,H,£4 a pint buy 6 get one free,venue,53.418474032818,-1.322624087334,camra-pubs-location-audit,reference_agrees_within_50m,Roadhouse Bar & Bottles,"(Unit 1, 154 Wickersley Road)",Rotherham,S60 3PT,53.418474032818,-1.322624087334,0.0,https://camra.org.uk/pubs/194365,O,2026-09-11
1027,stag|rotherham: broom|s60 4jn,England,South Yorkshire,Stag,Rotherham: Broom,S60 4JN,Guest,2026 Q2,H,,venue,53.41883813636364,-1.3211340999999999,openstreetmap-gb-extract,reference_agrees_within_50m,Stag,111 Wickersley Rd (A6021),Rotherham,S60 4JN,53.41888,-1.321181,5.6,https://camra.org.uk/pubs/149043,O,2026-09-11
1028,alder|sheffield: central|s3 8bt,England,South Yorkshire,Alder,Sheffield: Central,S3 8BT,Perm,2025 Q4,H,,venue,53.3919404,-1.4761471,openstreetmap-gb-extract,reference_agrees_within_50m_postcode_conflict,Alder,"Albyn Complex, Burton Road",Sheffield,S3 8BZ,53.392066348105,-1.476220991402,14.8,https://camra.org.uk/pubs/148045,O,2026-09-11
1029,foresters|sheffield: central|s1 4ge,England,South Yorkshire,Foresters,Sheffield: Central,S1 4GE,Guest,2025 Q4,H,,venue,53.37968578,-1.47509499,openstreetmap-gb-extract,reference_agrees_within_50m,Foresters,73-75 Division Street,Sheffield,S1 4GE,53.379771,-1.475231,13.1,https://camra.org.uk/pubs/147424,T,2026-09-11
1030,lord nelson|sheffield: central|s1 4re,England,South Yorkshire,Lord Nelson,Sheffield: Central,S1 4RE,Guest,2026 Q1,H,,venue,53.375000650000004,-1.4705533,openstreetmap-gb-extract,reference_agrees_within_50m,Lord Nelson,166 Arundel Street,Sheffield,S1 4RE,53.37507,-1.470502,8.4,https://camra.org.uk/pubs/147409,O,2026-09-11
1031,botanical arms|sheffield: ecclesall road|s11 8pr,England,South Yorkshire,Botanical Arms,Sheffield: Ecclesall Road,S11 8PR,Guest,2026 Q2,H,,venue,53.3688,-1.49693,camra-pubs-location-audit,reference_agrees_within_50m,Botanical Arms,507 Ecclesall Road,Sheffield,S11 8PR,53.3688,-1.49693,0.0,https://camra.org.uk/pubs/199580,O,2026-09-11
1032,prince of wales|sheffield: ecclesall road|s11 9ph,England,South Yorkshire,Prince of Wales,Sheffield: Ecclesall Road,S11 9PH,Perm,2026 Q2,H,,venue,53.35643010526316,-1.5105746894736842,openstreetmap-gb-extract,reference_agrees_within_50m,Prince of Wales,95 Ecclesall Road South,Sheffield,S11 9PH,53.356546528898,-1.510608630619,13.1,https://camra.org.uk/pubs/147512,O,2026-09-11
1033,brothers arms|sheffield: heeley|s8 9tz,England,South Yorkshire,Brothers Arms,Sheffield: Heeley,S8 9TZ,Guest,2026 Q2,H,,venue,53.361016553846156,-1.4698536538461537,openstreetmap-gb-extract,reference_agrees_within_50m,Brothers Arms,106 Well Road,Sheffield: South,S8 9TZ,53.361086603975,-1.469844608459,7.8,https://camra.org.uk/pubs/147577,O,2026-09-11
1034,exchange|bradford|bd1 1lh,England,West Yorkshire,Exchange,Bradford,BD1 1LH,Guest,2025 Q4,H,,venue,53.7942384,-1.7522669,openstreetmap-gb-extract,reference_agrees_within_50m,Exchange Craft Beer House,14 Market Street,Bradford,BD1 1LH,53.794088,-1.752182,17.6,https://camra.org.uk/pubs/126012,O,2026-09-11
1035,white cross|guiseley|ls20 8ly,England,West Yorkshire,White Cross,Guiseley,LS20 8LY,Perm,2026 Q2,H,,venue,53.8779001952381,-1.725076595238095,openstreetmap-gb-extract,reference_agrees_within_50m,White Cross Hotel,Otley Road,Guiseley,LS20 8LY,53.878031,-1.72535,23.1,https://camra.org.uk/pubs/177447,O,2026-09-11
1036,boons|horbury|wf4 6lp,England,West Yorkshire,Boons,Horbury,WF4 6LP,Guest,2026 Q1,H,,venue,53.65965,-1.555008,openstreetmap-gb-extract,reference_agrees_within_50m,Boons Horbury,6 Queen Street,Horbury,WF4 6LP,53.659654,-1.555123,7.6,https://camra.org.uk/pubs/135211,O,2026-09-11
1037,adelphi|leeds: central|ls10 1jq,England,West Yorkshire,Adelphi,Leeds: Central,LS10 1JQ,Guest,2026 Q1,H,,venue,53.7933039,-1.5409774,openstreetmap-gb-extract,reference_agrees_within_50m,Adelphi,3-5 Hunslet Road,Leeds,LS10 1JQ,53.793399,-1.541008,10.8,https://camra.org.uk/pubs/178273,O,2026-09-11
1038,whitelocks|leeds: central|ls1 6hb,England,West Yorkshire,Whitelocks,Leeds: Central,LS1 6HB,Guest,2026 Q1,H,,venue,53.7971655,-1.5428815,openstreetmap-gb-extract,not_yet_checked,,,,,,,,,,
1039,tawny|ossett|wf5 8af,England,West Yorkshire,Tawny,Ossett,WF5 8AF,Guest,2026 Q1,H,,venue,53.6788469,-1.5784645,openstreetmap-gb-extract,reference_agrees_within_50m,Tawny owl,21 Prospect Road,Ossett,WF5 8AF,53.678901672363,-1.5782999992371,12.4,https://camra.org.uk/pubs/135150,O,2026-09-11
1040,red shed|wakefield|wf1 1qx,England,West Yorkshire,Red Shed,Wakefield,WF1 1QX,Guest,2026 Q3,H,,venue,53.6838579,-1.4938305,google-maps-named-place,no_unambiguous_reference,,,,,,,,,,2026-09-11
1041,royal air forces association (pmc)|yeadon|ls19 7na,England,West Yorkshire,Royal Air Forces Association (PMC),Yeadon,LS19 7NA,Guest,2026 Q2,H,"""Anyone can be signed in 3 times after which you have to join""",venue,53.8633885,-1.6961053,google-maps-named-place,no_unambiguous_reference,,,,,,,,,,2026-09-11
1042,birch brewhouse|cardiff: birchgrove|cf14 4ae,Wales,Glamorgan,Birch Brewhouse,Cardiff: Birchgrove,CF14 4AE,Perm,2025 Q4,H,,venue,51.5104515,-3.2000277,food-standards-agency-fhrs,reference_agrees_within_50m,Birch Brewhouse,81 Caerphilly Road,Cardiff,CF14 4AE,51.5106,-3.2,16.6,https://camra.org.uk/pubs/198622,O,2026-09-11
1043,dinas rock hotel|glynneath|sa11 5ap,Wales,Glamorgan,Dinas Rock Hotel,Glynneath,SA11 5AP,Perm,2026 Q2,H,,venue,51.74779444687,-3.616894341278,camra-pubs-location-audit,reference_agrees_within_50m,Dinas Rock Hotel,High Street,Glynneath,SA11 5AP,51.74779444687,-3.616894341278,0.0,https://camra.org.uk/pubs/164938,O,2026-09-11
1044,prince of wales|kenfig|cf33 4pr,Wales,Glamorgan,Prince of Wales,Kenfig,CF33 4PR,Perm,2026 Q2,G,,venue,51.5224441,-3.7257973,openstreetmap-gb-extract,reference_agrees_within_50m,Prince of Wales,,Kenfig,CF33 4PR,51.522368,-3.725818,8.6,https://camra.org.uk/pubs/127903,O,2026-09-11
1045,beaufort arms|mumbles|sa3 5tf,Wales,Glamorgan,Beaufort Arms,Mumbles,SA3 5TF,Perm,2026 Q3,H,,venue,51.5800613,-4.0044685,openstreetmap-gb-extract,reference_agrees_within_50m,Beaufort Arms,1 Castle Road,Mumbles,SA3 5TF,51.58002,-4.004517,5.7,https://camra.org.uk/pubs/183750,O,2026-09-11
1046,pilot inn|mumbles|sa3 4el,Wales,Glamorgan,Pilot Inn,Mumbles,SA3 4EL,Perm,2026 Q2,H,,venue,51.571394,-3.987738,food-standards-agency-fhrs,reference_agrees_within_50m,Pilot Inn,726 Mumbles Road,Mumbles,SA3 4EL,51.571530334185,-3.987881982803,18.1,https://camra.org.uk/pubs/183760,O,2026-09-11
1047,victoria inn|mumbles|sa3 4db,Wales,Glamorgan,Victoria Inn,Mumbles,SA3 4DB,Perm,2026 Q2,H,,venue,51.57353864444444,-3.9996810999999997,openstreetmap-gb-extract,reference_agrees_within_50m,Victoria Inn,21 Westbourne Place,Mumbles,SA3 4DB,51.57341698933,-3.999708550926,13.7,https://camra.org.uk/pubs/183765,O,2026-09-11
1048,white rose|mumbles|sa3 4ar,Wales,Glamorgan,White Rose,Mumbles,SA3 4AR,Perm,2026 Q1,H,,venue,51.575664592857144,-3.9990594142857145,openstreetmap-gb-extract,reference_agrees_within_50m,White Rose,1-3 Newton Road,Mumbles,SA3 4AR,51.575762664504,-3.998961699406,12.8,https://camra.org.uk/pubs/183768,O,2026-09-11
1049,borough arms|neath|sa11 1ph,Wales,Glamorgan,Borough Arms,Neath,SA11 1PH,Guest,2026 Q3,H,,venue,51.65726,-3.80832,food-standards-agency-fhrs,reference_agrees_within_50m,Borough Arms,2 New Henry Street,Neath,SA11 1PH,51.65726939758,-3.808195337296,8.7,https://camra.org.uk/pubs/164850,O,2026-09-11
1050,red lion|penderyn|cf44 9jr,Wales,Glamorgan,Red Lion,Penderyn,CF44 9JR,Perm,2025 Q4,G,,venue,51.765700900000006,-3.5297038411764707,openstreetmap-gb-extract,reference_agrees_within_50m,Red Lion,Church Road,Penderyn,CF44 9JR,51.765627,-3.529671,8.5,https://camra.org.uk/pubs/170303,O,2026-09-11
1051,llanover arms|pontypridd|cf37 4pe,Wales,Glamorgan,Llanover Arms,Pontypridd,CF37 4PE,Guest,2026 Q2,H,,venue,51.6045,-3.3372,camra-pubs-location-audit,reference_agrees_within_50m,Llanover Arms,20 Bridge Street,Pontypridd,CF37 4PE,51.6045,-3.3372,0.0,https://camra.org.uk/pubs/170296,O,2026-09-11
1052,rock inn|porthcawl|cf36 3dt,Wales,Glamorgan,Rock Inn,Porthcawl,CF36 3DT,Guest,2026 Q2,H,,venue,51.4798128,-3.7031183,openstreetmap-gb-extract,reference_agrees_within_50m,Rock Hotel,98 John Street,Porthcawl,CF36 3DT,51.479885,-3.70308,8.5,https://camra.org.uk/pubs/127895,O,2026-09-11
1053,station hotel|abergavenny/y fenni|np7 5uh,Wales,Gwent,Station Hotel,Abergavenny/Y Fenni,NP7 5UH,Perm,2026 Q2,H,,venue,51.82502853333333,-3.024515522222222,openstreetmap-gb-extract,reference_agrees_within_50m,Station Hotel,37 Brecon Road,Abergavenny,NP7 5UH,51.82490158081,-3.0244901180267,14.2,https://camra.org.uk/pubs/161656,O,2026-09-11
1054,carpenters|newport|np20 1fq,Wales,Gwent,Carpenters,Newport,NP20 1FQ,Perm,2025 Q4,H,,venue,51.5896401,-2.996714,food-standards-agency-fhrs,reference_agrees_within_50m,Carpenters,9 High Street,Newport,NP20 1FQ,51.589672,-2.996738,3.9,https://camra.org.uk/pubs/161491,O,2026-09-11
1055,pen and wig|newport|np20 1jd,Wales,Gwent,Pen and Wig,Newport,NP20 1JD,Perm,2026 Q1,H,,venue,51.5873088,-2.9970498,openstreetmap-gb-extract,reference_agrees_within_50m,Pen & Wig,22-24 Stow Hill,Newport,NP20 1JD,51.587299346924,-2.9969201087952,9.0,https://camra.org.uk/pubs/161592,O,2026-09-11
1056,new court inn|usk|np15 1ad,Wales,Gwent,New Court Inn,Usk,NP15 1AD,Perm,2026 Q1,H,,venue,51.700518,-2.90189,camra-pubs-location-audit,reference_agrees_within_50m,New Court Inn,62 Maryport Street,Usk,NP15 1AD,51.700518,-2.90189,0.0,https://camra.org.uk/pubs/161716,O,2026-09-11
1057,aqueduct|froncysyllt|ll20 7py,Wales,Mid-Wales,Aqueduct,Froncysyllt,LL20 7PY,Guest,2026 Q2,H,,venue,52.963849,-3.087258,food-standards-agency-fhrs,reference_agrees_within_50m,Aqueduct Inn,Holyhead Road,Froncysyllte,LL20 7PY,52.963875,-3.087217,4.0,https://camra.org.uk/pubs/136708,O,2026-09-11
1058,kilverts|hay on wye|hr3 5ag,Wales,Mid-Wales,Kilverts,Hay on Wye,HR3 5AG,Guest,2026 Q2,H,,venue,52.0742621,-3.1245943,openstreetmap-gb-extract,reference_agrees_within_50m,Kilverts,The Bull Ring,Hay on Wye,HR3 5AG,52.074265,-3.124576,1.3,https://camra.org.uk/pubs/130257,O,2026-09-11
1059,mount inn|llanidloes|sy18 6ab,Wales,Mid-Wales,Mount Inn,Llanidloes,SY18 6AB,Perm,2026 Q2,H,,venue,52.44769096,-3.5407437,openstreetmap-gb-extract,reference_agrees_within_50m,Mount Inn,China Street,Llanidloes,SY18 6AB,52.44769,-3.5407,3.0,https://camra.org.uk/pubs/163309,O,2026-09-11
1060,railway tavern|newtown/y drenewydd|sy16 1bh,Wales,Mid-Wales,Railway Tavern,Newtown/Y Drenewydd,SY16 1BH,Perm,2025 Q4,H,,venue,52.51336228,-3.3107303000000003,openstreetmap-gb-extract,reference_agrees_within_50m,Railway Tavern,Old Kerry Road,Newtown,SY16 1BH,52.51332,-3.31067,6.2,https://camra.org.uk/pubs/163344,O,2026-09-11
1061,ancient briton|pen-y-cae|sa9 1yy,Wales,Mid-Wales,Ancient Briton,Pen-y-cae,SA9 1YY,Perm,2026 Q2,H,,venue,51.8058586,-3.6845355,openstreetmap-gb-extract,reference_agrees_within_50m,Ancient Briton,Brecon Road,Penycae,SA9 1YY,51.805838,-3.684539,2.3,https://camra.org.uk/pubs/164873,O,2026-09-11
1062,sun inn|eryrys|ch7 4bx,Wales,North-East Wales,Sun Inn,Eryrys,CH7 4BX,Guest,2026 Q2,H,,venue,53.112121936363636,-3.1909252272727273,openstreetmap-gb-extract,reference_agrees_within_50m,Sun Inn,Village Rd,Eryrys,CH7 4BX,53.112093,-3.190959,3.9,https://camra.org.uk/pubs/136676,O,2026-09-11
1063,aqueduct inn|froncysyllte|ll20 7py,Wales,North-East Wales,Aqueduct Inn,Froncysyllte,LL20 7PY,Guest,2025 Q4,H,,venue,52.96387882222222,-3.0871566555555554,openstreetmap-gb-extract,reference_agrees_within_50m,Aqueduct Inn,Holyhead Road,Froncysyllte,LL20 7PY,52.963875,-3.087217,4.1,https://camra.org.uk/pubs/136708,O,2026-09-11
1064,crown|llandegla|ll11 3ad,Wales,North-East Wales,Crown,Llandegla,LL11 3AD,Guest,2026 Q3,H,,venue,53.05711,-3.198999,camra-pubs-location-audit,reference_agrees_within_50m,Crown Hotel,Pen-y-Stryt,Llandegla,LL11 3AD,53.05711,-3.198999,0.0,https://camra.org.uk/pubs/136774,O,2026-09-11
1065,hq pencadlys|prestatyn|ll19 9dt,Wales,North-East Wales,HQ Pencadlys,Prestatyn,LL19 9DT,Perm,2026 Q1,H,,venue,53.33281,-3.398726,camra-pubs-location-audit,reference_agrees_within_50m,HQ Pencadlys,17 Gronant Road,Prestatyn,LL19 9DT,53.33281,-3.398726,0.0,https://camra.org.uk/pubs/136447,O,2026-09-11
1066,fox|ysceifiog|ch8 8nj,Wales,North-East Wales,Fox,Ysceifiog,CH8 8NJ,Perm,2026 Q3,H,,venue,53.2341643,-3.2724737,food-standards-agency-fhrs,reference_agrees_within_50m,Fox,Ysceifiog Village Road,Ysceifiog,CH8 8NJ,53.234156,-3.272396,5.3,https://camra.org.uk/pubs/136549,O,2026-09-11
1067,paddys|bangor|ll57 2he,Wales,North-West Wales,Paddys,Bangor,LL57 2HE,Guest,2025 Q4,H,,venue,53.2282206,-4.1346757,google-maps-named-place,no_unambiguous_reference,,,,,,,,,,2026-09-11
1068,bulls head|beaumaris|ll58 8ap,Wales,North-West Wales,Bulls Head,Beaumaris,LL58 8AP,Guest,2026 Q2,H,Usually on Friday/Saturday,venue,53.2634289,-4.0919821,google-maps-named-place,no_unambiguous_reference,,,,,,,,,,2026-09-11
1069,castle court hotel|beaumaris|ll58 8da,Wales,North-West Wales,Castle Court Hotel,Beaumaris,LL58 8DA,Guest,2026 Q1,H,,venue,53.263836,-4.090117,food-standards-agency-fhrs,reference_agrees_within_50m,Castle Court Hotel,Castle Square,Beaumaris,LL58 8DA,53.2638,-4.0902,6.8,https://camra.org.uk/pubs/146121,O,2026-09-11
1070,black boy|caernarfon|ll55 1rw,Wales,North-West Wales,Black Boy,Caernarfon,LL55 1RW,Perm,2026 Q3,H,,venue,53.1410102844238,-4.27580976486206,food-standards-agency-fhrs,reference_agrees_within_50m,Black Boy Inn,Stryd Pedwar a Chwech,Caernarfon,LL55 1RW,53.141100154982,-4.276095713544,21.5,https://camra.org.uk/pubs/146145,O,2026-09-11
1071,yr alex|caernarfon|ll55 1ba,Wales,North-West Wales,Yr Alex,Caernarfon,LL55 1BA,Guest,2026 Q3,H,,venue,53.1443,-4.271,camra-pubs-location-audit,reference_agrees_within_50m,Yr Alex,North Road,Caernarfon,LL55 1BA,53.1443,-4.271,0.0,https://camra.org.uk/pubs/146148,O,2026-09-11
1072,white horse inn / tafarn penllan|capel garmon|ll26 0rw,Wales,North-West Wales,White Horse Inn / Tafarn Penllan,Capel Garmon,LL26 0RW,Perm,2026 Q1,H,,venue,53.0829,-3.7695,camra-pubs-location-audit,reference_agrees_within_50m,Tafarn Penllan,,Capel Garmon,LL26 0RW,53.0829,-3.7695,0.0,https://camra.org.uk/pubs/115768,O,2026-09-11
1073,bank of conwy|conwy|ll32 8ht,Wales,North-West Wales,Bank of Conwy,Conwy,LL32 8HT,Guest,2026 Q2,H,,venue,53.280478933333335,-3.8306694,openstreetmap-gb-extract,reference_agrees_within_50m,Bank of Conwy,1 Lancaster Square,Conwy,LL32 8HT,53.2806,-3.83093,21.9,https://camra.org.uk/pubs/115701,O,2026-09-11
1074,liverpool arms|conwy|ll32 8be,Wales,North-West Wales,Liverpool Arms,Conwy,LL32 8BE,Perm,2026 Q3,H,,venue,53.282044799999994,-3.828120127272727,openstreetmap-gb-extract,reference_agrees_within_50m,Liverpool Arms,Lower Gate Street,Conwy,LL32 8BE,53.282,-3.8281,5.2,https://camra.org.uk/pubs/115781,O,2026-09-11
1075,anchorage hotel|four mile bridge (anglesey)|ll65 2ez,Wales,North-West Wales,Anchorage Hotel,Four Mile Bridge (Anglesey),LL65 2EZ,Guest,2026 Q3,H,,venue,53.2723,-4.58746,camra-pubs-location-audit,reference_agrees_within_50m,Anchorage Hotel,,Four Mile Bridge,LL65 2EZ,53.2723,-4.58746,0.0,https://camra.org.uk/pubs/146181,O,2026-09-11
1076,snowdon|llandudno|ll30 2hb,Wales,North-West Wales,Snowdon,Llandudno,LL30 2HB,Perm,2026 Q3,H,,venue,53.3266934,-3.8339768,openstreetmap-gb-extract,reference_agrees_within_50m,Snowdon,11 Tudno Street,Llandudno,LL30 2HB,53.326678,-3.834003,2.4,https://camra.org.uk/pubs/115817,O,2026-09-11
1077,miners arms|meliden|ll19 8la,Wales,North-West Wales,Miners Arms,Meliden,LL19 8LA,Guest,2025 Q4,H,,venue,53.31716198947369,-3.408864205263158,openstreetmap-gb-extract,reference_agrees_within_50m,Miners Arms,23 Ffordd Talargoch,Meliden,LL19 8LA,53.317138,-3.408879,2.8,https://camra.org.uk/pubs/136397,O,2026-09-11
1078,red lion|old colwyn|ll29 9pl,Wales,North-West Wales,Red Lion,Old Colwyn,LL29 9PL,Guest,2025 Q4,H,,venue,53.2895136,-3.6994564,openstreetmap-gb-extract,reference_agrees_within_50m,Red Lion,385 Abergele Road,Old Colwyn,LL29 9PL,53.289503,-3.69941,3.3,https://camra.org.uk/pubs/115842,O,2026-09-11
1079,cross keys|penrhynside|ll30 3dd,Wales,North-West Wales,Cross Keys,Penrhynside,LL30 3DD,Guest,2026 Q3,H,,venue,53.31756,-3.78107,camra-pubs-location-audit,reference_agrees_within_50m,Cross Keys Inn,Pendre Road (off B5115),Penrhynside,LL30 3DD,53.31756,-3.78107,0.0,https://camra.org.uk/pubs/115848,O,2026-09-11
1080,tafarn pencei|porthmadog|ll49 9at,Wales,North-West Wales,Tafarn Pencei,Porthmadog,LL49 9AT,Perm,2026 Q2,H,,venue,52.92407745833333,-4.130946366666667,openstreetmap-gb-extract,reference_agrees_within_50m,Tafarn Pencei,17-18 Corn Hill,Porthmadog,LL49 9AT,52.924007,-4.130847,10.3,https://camra.org.uk/pubs/146275,O,2026-09-11
1081,ship inn|red wharf bay|ll75 8rj,Wales,North-West Wales,Ship Inn,Red Wharf Bay,LL75 8RJ,Guest,2026 Q3,H,,venue,53.30554,-4.20905,camra-pubs-location-audit,reference_agrees_within_50m,Ship Inn,,Red Wharf Bay,LL75 8RJ,53.30554,-4.20905,0.0,https://camra.org.uk/pubs/146287,O,2026-09-11
1082,snowdonia parc|waunfawr|ll55 4aq,Wales,North-West Wales,Snowdonia Parc,Waunfawr,LL55 4AQ,Guest,2026 Q2,H,,venue,53.106580859999994,-4.20249418,openstreetmap-gb-extract,reference_agrees_within_50m,Snowdonia Parc,Beddgelert Road,Waunfawr,LL55 4AQ,53.1065,-4.20249,9.0,https://camra.org.uk/pubs/146316,O,2026-09-11
1083,stag and pheasant|carmarthen|sa31 1jq,Wales,West Wales,Stag and Pheasant,Carmarthen,SA31 1JQ,Guest,2025 Q4,H,,venue,51.85698505384615,-4.3041469153846155,openstreetmap-gb-extract,reference_agrees_within_50m_postcode_conflict,Stag & Pheasant,34 Spilman Street,Carmarthen,SA31 1LQ,51.856912,-4.304004,12.7,https://camra.org.uk/pubs/133424,O,2026-09-11
1084,fishguard arms|fishguard|sa65 9hj,Wales,West Wales,Fishguard Arms,Fishguard,SA65 9HJ,Perm,2026 Q2,G,,venue,51.9941523,-4.9744534,openstreetmap-gb-extract,reference_agrees_within_50m,Fishguard Arms,24 Main Street,Fishguard,SA65 9HJ,51.9941,-4.9744,6.9,https://camra.org.uk/pubs/160002,O,2026-09-11
1085,ship inn|fishguard|sa65 9nd,Wales,West Wales,Ship Inn,Fishguard,SA65 9ND,Perm,2026 Q2,H,,venue,51.99529908888889,-4.968044133333333,openstreetmap-gb-extract,reference_agrees_within_50m,Ship Inn,"Newport Road, Lower Town",Fishguard,SA65 9ND,51.9954,-4.9682,15.5,https://camra.org.uk/pubs/160008,O,2026-09-11
1086,glen|haverfordwest|sa61 1xa,Wales,West Wales,Glen,Haverfordwest,SA61 1XA,Guest,2026 Q3,H,,venue,51.794044,-4.978174,food-standards-agency-fhrs,reference_agrees_within_50m,Glen,Merlins Hill,Haverfordwest,SA61 1XA,51.794,-4.9782,5.2,https://camra.org.uk/pubs/160028,O,2026-09-11
1087,swan inn|little haven|sa62 3ul,Wales,West Wales,Swan Inn,Little Haven,SA62 3UL,Perm,2026 Q2,G,,venue,51.77381425714286,-5.108562257142857,openstreetmap-gb-extract,reference_agrees_within_50m,Swan Inn,Point Road,Little Haven,SA62 3UL,51.77382,-5.108539,1.7,https://camra.org.uk/pubs/159757,O,2026-09-11
1088,y sgwâr (was ivy bush)|newcastle emlyn|sa38 9bg,Wales,West Wales,Y Sgwâr (was Ivy Bush),Newcastle Emlyn,SA38 9BG,Perm,2026 Q3,H,,venue,52.037091,-4.469749,camra-pubs-location-audit,reference_agrees_within_50m,Y Sgwâr,Emlyn Square,Newcastle Emlyn,SA38 9BG,52.037091,-4.469749,0.0,https://camra.org.uk/pubs/131517,O,2026-09-11
1089,pelican inn/tafarn y pelican|newcastle emlyn|sa38 9ap,Wales,West Wales,Pelican Inn/Tafarn Y Pelican,Newcastle Emlyn,SA38 9AP,Perm,2026 Q2,G,,venue,52.038507,-4.4678,food-standards-agency-fhrs,reference_agrees_within_50m,Pelican Inn,Sycamore Street,Newcastle Emlyn,SA38 9AP,52.038222,-4.468132,39.0,https://camra.org.uk/pubs/131523,O,2026-09-11
1090,dyffryn arms|pontfaen|sa65 9se,Wales,West Wales,Dyffryn Arms,Pontfaen,SA65 9SE,Perm,2026 Q2,J,,venue,51.96981703333333,-4.874571944444444,openstreetmap-gb-extract,reference_agrees_within_50m,Dyffryn Arms,,Pontfaen,SA65 9SE,51.969819,-4.874598,1.8,https://camra.org.uk/pubs/159867,O,2026-09-11
1091,corvus|st clears|sa33 4bg,Wales,West Wales,Corvus,St Clears,SA33 4BG,Perm,2026 Q2,H,,venue,51.820427,-4.493559,food-standards-agency-fhrs,reference_agrees_within_50m,Corvus Hotel,Station Road,St. Clears,SA33 4BG,51.820274,-4.493655,18.2,https://camra.org.uk/pubs/133594,O,2026-09-11
1092,cask and barrel|edinburgh: central|eh1 3rz,Scotland,,Cask and Barrel,Edinburgh: Central,EH1 3RZ,Guest,2026 Q2,H,"""semi-perm guest"" (April 2026)",venue,55.95908,-3.1903346,openstreetmap-gb-extract,reference_agrees_within_50m,Cask & Barrel,115 Broughton Street,Edinburgh,EH1 3RZ,55.959220469468,-3.190418373016,16.5,https://camra.org.uk/pubs/151292,O,2026-09-11
1093,deacon brodies tavern|edinburgh: central|eh1 2nt,Scotland,,Deacon Brodies Tavern,Edinburgh: Central,EH1 2NT,Guest,2025 Q4,H,,venue,55.9495349,-3.1929486,openstreetmap-gb-extract,reference_agrees_within_50m,Deacon Brodies Tavern,435 Lawnmarket,Edinburgh,EH1 2NT,55.949535421355,-3.192914520168,2.1,https://camra.org.uk/pubs/149924,O,2026-09-11
1094,kenilworth|edinburgh: central|eh2 3jd,Scotland,,Kenilworth,Edinburgh: Central,EH2 3JD,Guest,2026 Q2,H,,venue,55.9517885,-3.2022759,openstreetmap-gb-extract,reference_agrees_within_50m,Kenilworth,152-154 Rose Street,Edinburgh,EH2 3JD,55.9519,-3.2017,37.9,https://camra.org.uk/pubs/150749,O,2026-09-11
1095,stockbridge tap|edinburgh: stockbridge|eh4 1hn,Scotland,,Stockbridge Tap,Edinburgh: Stockbridge,EH4 1HN,Guest,2026 Q2,H,,venue,55.95895,-3.2099661,openstreetmap-gb-extract,reference_agrees_within_50m,Stockbridge Tap,2-4 Raeburn Place,Edinburgh,EH4 1HN,55.958968,-3.20999,2.5,https://camra.org.uk/pubs/151125,O,2026-09-11
1096,cloisters|edinburgh: tollcross|eh3 9jh,Scotland,,Cloisters,Edinburgh: Tollcross,EH3 9JH,Guest,2026 Q2,H,,venue,55.943473815918,-3.20246410369873,food-standards-agency-fhrs,reference_agrees_within_50m,Cloisters Bar,26 Brougham Street,Edinburgh,EH3 9JH,55.943282,-3.20193,39.5,https://camra.org.uk/pubs/151322,O,2026-09-11
1097,drum and monkey|glasgow: central|g2 5tf,Scotland,,Drum and Monkey,Glasgow: Central,G2 5TF,Guest,2026 Q2,H,,venue,55.8613702,-4.2564904,openstreetmap-gb-extract,reference_agrees_within_50m,Drum & Monkey,91 St Vincent Street,Glasgow,G2 5TF,55.861402,-4.256614,8.5,https://camra.org.uk/pubs/168762,O,2026-09-11
1098,tennents|glasgow: hillhead|g12 8tn,Scotland,,Tennents,Glasgow: Hillhead,G12 8TN,Perm,2026 Q2,H,,venue,55.874348,-4.29507,food-standards-agency-fhrs,reference_agrees_within_50m,Tennent's,191 Byres Rd,Glasgow,G12 8TN,55.874159,-4.295057,21.0,https://camra.org.uk/pubs/168855,O,2026-09-11
1099,crown liquor saloon|belfast|bt2 7ba,Northern Ireland,,Crown Liquor Saloon,Belfast,BT2 7BA,Guest,2026 Q3,H,,venue,54.5947112,-5.9341412,camra-pubs-location-audit,reference_agrees_within_50m,Crown,46 Great Victoria Street,Belfast,BT2 7BA,54.5947112,-5.9341412,0.0,https://camra.org.uk/pubs/117572,O,2026-09-11
1100,"old smugglers inn|st brelade, jersey|je3 8aw",Channel Islands,,Old Smugglers Inn,"St Brelade, Jersey",JE3 8AW,Guest,2025 Q4,H,Was taken out May 25 after email from pub but spotted again Dec 25,venue,49.1762334,-2.1833808,manual-openstreetmap-review,reference_agrees_within_50m,Old Smugglers Inn,Le Mont du Ouaisne,St Brelade,JE3 8AW,49.176286,-2.183535,12.6,https://camra.org.uk/pubs/174655,O,2026-09-11
1101,"royal|st martin, jersey|je3 6ug",Channel Islands,,Royal,"St Martin, Jersey",JE3 6UG,Guest,2025 Q4,H,,venue,49.217922,-2.050394,camra-pubs-location-audit,reference_agrees_within_50m,Royal,La Grande Route de Faldouet,St Martin,JE3 6UG,49.217922,-2.050394,0.0,https://camra.org.uk/pubs/174669,O,2026-09-11
1102,trafalgar hotel|ramsey|im8 1dw,Isle of Man,,Trafalgar Hotel,Ramsey,IM8 1DW,Guest,2025 Q4,H,,venue,54.3219539,-4.381877,manual-openstreetmap-review,reference_agrees_within_50m,Trafalgar Hotel,8 West Quay,Ramsey,IM8 1DW,54.321973566694,-4.381827831268,3.9,https://camra.org.uk/pubs/175757,O,2026-09-11
