country,area,pub_name,place_name,postcode,pg,last,dispense,notes,venue_id
England,Bedfordshire,Barton Rovers Social (PMC),Barton le Clay,MK45 4SD,Guest,2026 Q3,H,Bar open 7 days a week; memberships £5,v-1dd21f62-1893-575a-bdad-15ce9c50ac90
England,Bedfordshire,Wellington Arms,Bedford,MK40 2JX,Guest,2026 Q1,H,,v-e35fcbdb-afcc-5ba3-ad05-cec8a8eced3f
England,Bedfordshire,Black Lion,Leighton Buzzard,LU7 1EA,Perm,2026 Q2,H,,v-32cdcd84-bedf-56cb-b73f-dbb1b819d7ca
England,Bedfordshire,Bricklayers Arms,Luton,LU2 0DD,Perm,2026 Q3,H,,v-e75db084-5f0c-5888-bed2-3c4146bcfaef
England,Bedfordshire,Well,Luton,LU2 0BW,Guest,2026 Q3,H,,v-d1404754-8a33-5150-a8b0-6f9346d56857
England,Bedfordshire,Sir William Peel,Sandy,SG19 1AG,Guest,2026 Q2,H,,v-d27ec810-3e94-52ee-bf27-bd38691ef656
England,Berkshire,Uncle Toms Cabin,Cookham Dean,SL6 9NT,Guest,2026 Q1,H,,v-bb6ba8ca-176e-57ab-adfe-7fab1710fd1a
England,Berkshire,Lord Grenfell,Maidenhead,SL6 1TW,Guest,2026 Q2,H,,v-0b55e886-416b-576a-a081-ac4d36816613
England,Berkshire,Corner House,Windsor,SL4 1BG,Guest,2026 Q1,H,,v-eea3d86a-9388-5ea9-9736-52d5bc80f972
England,Buckinghamshire,Bell,Aston Clinton,HP22 5HP,Guest,2025 Q4,H,,v-a1222805-f3da-560b-81d4-9f85604ad014
England,Buckinghamshire,Bell and Bear,Emberton,MK46 5DH,Guest,2026 Q1,H,,v-2ac4f045-bef9-520b-8af8-7d9252dad6d6
England,Buckinghamshire,Bugle Horn,Hartwell,HP17 8QP,Guest,2026 Q2,H,,v-852ca206-bf9a-5daf-9e98-6e415532acfe
England,Buckinghamshire,Chequers,Fenny Stratford,MK2 2BY,Guest,2026 Q3,H,,v-04a60775-79f9-599b-beec-0caebb09b25b
England,Buckinghamshire,Nut and Squirrel,Westcroft,MK4 4DD,Guest,2026 Q2,H,,v-a037b41d-7588-53df-8d1b-0dc9a382eab8
England,Cambridgeshire,Kingston Arms,Cambridge,CB1 2NU,Perm,2026 Q3,H,,v-6f596460-a688-5196-acb3-b4fdc1f6f6cd
England,Cambridgeshire,The Rad (was St Radegund),Cambridge,CB1 1LD,Guest,2026 Q3,H,,v-9ce795c2-762b-5724-843b-9477738f1a90
England,Cambridgeshire,Black Bull,Godmanchester,PE29 2AQ,Perm,2026 Q3,H,Newly re-opened 2026 Q3 and Bass back on,v-39d9e9c3-3b34-5919-84db-1301c4022b08
England,Cambridgeshire,Hare and Hounds,Harlton,CB23 1ES,Guest,2026 Q1,H,,v-89e87eb9-f76f-51a2-9451-37b0d60465ab
England,Cambridgeshire,Blue Bell,Helpston,PE6 7ED,Guest,2026 Q2,H,,v-532b1388-63e1-5b1d-b72b-8f72b038b744
England,Cambridgeshire,Palmerston Arms,Peterborough,PE2 9PA,Guest,2026 Q3,H,,v-1488af46-baed-520b-89f3-b68543720635
England,Cambridgeshire,Green Man,Trumpington,CB2 9HZ,Guest,2026 Q1,H,,v-f23f9c20-13f1-52d3-b9d7-ef6a0831f65e
England,Cheshire,Lodge Inn,Alsager,ST7 2JA,Perm,2026 Q2,H,,v-746b8c68-94ab-58c0-ae78-077c2838325c
England,Cheshire,Cotton Tree,Bollington,SK10 5RE,Perm,2026 Q2,H,,v-f0e22bbe-c2b1-5a49-b35a-da7233cf951d
England,Cheshire,Golden Eagle,Chester,CH1 2DS,Perm,2026 Q1,H,,v-a2f4f386-84dc-5088-8639-51459b34ad96
England,Cheshire,Olde Cottage,Chester,CH1 3DZ,Guest,2026 Q3,H,,v-cab05bf0-cc9b-5c82-a7d4-146787ae933f
England,Cheshire,Brownlow Inn,Congleton,CW12 4TH,Guest,2026 Q1,H,,v-6b2379e1-0215-5562-bb8c-9401a238f7db
England,Cheshire,Castle Inn,Congleton,CW12 3LP,Guest,2026 Q2,H,,v-42916c51-c65c-5cc0-b28c-d514db7e5790
England,Cheshire,Congleton Rugby Club (PMC),Congleton,CW12 1EG,Perm,2026 Q1,H,,v-e70663f9-4841-5eb5-8426-1b7e902d06c4
England,Cheshire,Farmers,Congleton,CW12 1JY,Guest,2025 Q4,H,,v-ae9e3a30-7e8e-52fb-96ac-087eab4dc8de
England,Cheshire,Olde Kings Arms,Congleton,CW12 1BN,Guest,2026 Q3,H,"Wednesdays all 3 different cask ales are £2.50 a pint, all day",v-d8553110-f596-5e7f-998c-21f1718f340b
England,Cheshire,Queens Head Hotel,Congleton,CW12 3DE,Perm,2026 Q2,H,,v-14167d8a-1571-5e7b-b69d-8bdf89455ff5
England,Cheshire,Throstles Nest,Congleton,CW12 2DW,Perm,2026 Q3,H,,v-fb780640-7395-5d55-bae3-4019e8e68eb2
England,Cheshire,Hanging Gate,Higher Sutton,SK11 0NG,Guest,2026 Q1,H,,v-7acff0ac-109f-5c52-83e8-add11cb06319
England,Cheshire,Charles Roe,Macclesfield,SK11 6DY,Perm,2026 Q2,H,,v-5b7a8e74-1d57-5edf-a58b-f3445daf1ea1
England,Cheshire,Chester Road Tavern,Macclesfield,SK11 8DG,Guest,2026 Q2,H,,v-d40a1876-e06d-530f-b9d3-8aa4e469a8e3
England,Cheshire,GJ Muckers,Macclesfield,SK11 7NE,Perm,2026 Q3,H,,v-573bbf31-9cce-52ea-aac7-85a05e14a682
England,Cheshire,Jolly Sailor,Macclesfield,SK11 6HN,Perm,2026 Q2,H,,v-27a36d27-0add-582e-86ca-8e1169128669
England,Cheshire,Old Swan,Madeley Heath,CW3 9LD,Guest,2026 Q2,H,,v-2c63d2c6-3539-5152-b5b7-a7eb8d98a657
England,Cheshire,White Bear,Middlewich,CW10 9AG,Guest,2026 Q2,H,,v-46d4e6a8-2503-564e-9f1e-8229e93de130
England,Cheshire,Wickstead Arms,Nantwich,CW5 5ST,Guest,2026 Q1,H,,v-0a7ef8e5-1066-532d-95cb-2f882d415987
England,Cheshire,Stretton Fox,Stretton,WA4 4NU,Guest,2025 Q4,H,,v-750b560a-6efe-5ea6-ba1b-b2548bbcf5a5
England,Cheshire,Coach and Horses,Timbersbrook,CW12 3PL,Perm,2026 Q3,H,,v-58556e60-3506-5f01-9941-3c27d85f3d98
England,Cheshire,Barley Mow,Warrington,WA1 1QB,Guest,2026 Q2,H,,v-95d94665-5861-5cdc-8887-327f26853459
England,Cheshire,Wilmslow Conservative Club,Wilmslow,SK9 5EG,Guest,2026 Q3,H,,v-907056b1-7744-5174-8871-52dc93927a88
England,Cornwall,Hole in the Wall,Bodmin,PL31 2DS,Perm,2026 Q3,H,,v-ae3a0059-759b-56f5-99bc-53f04186e188
England,Cornwall,Seven Stars,Falmouth,TR11 3QA,Perm,2026 Q2,G,,v-6e90968f-4cae-505d-9fbe-5de8b2b5d1a1
England,Cornwall,Cornubia Inn,Hayle,TR27 4DX,Guest,2026 Q1,H,,v-ba603f1a-269f-5745-9612-e8174e799b4d
England,Cornwall,Globe Inn,Looe,PL13 1HN,Perm,2025 Q4,H,,v-9516fb66-53e8-53a8-9bb0-922e7be7580f
England,Cornwall,Yacht Inn,Penzance,TR18 4AU,Perm,2026 Q1,H,,v-86bdde5b-1bfe-5f34-8a0c-cc12d2d16579
England,Cornwall,Old Inn,St Breward,PL30 4PP,Guest,2025 Q4,H,,v-f621ab84-5068-5cee-b212-96ee77960bdb
England,Cornwall,Harbour Pool Club (PMC),St Ives,TR26 1LF,Guest,2025 Q4,H,,v-ad92f484-649e-5618-98b2-57eab539a803
England,Cornwall,Coryton Arms,St Mellion,PL12 6RJ,Guest,2026 Q3,H,,v-1efcc2b8-fdff-5c09-81da-d206826f4e1e
England,Cornwall,St John Inn,St John,PL11 3AW,Perm,2026 Q2,H,,v-be9dbe44-47a2-500f-9f21-4c931bc24d34
England,Cornwall,Mason Brewing Taproom,Threemilestone,TR4 9LD,Guest,2025 Q4,H,,v-b18f1637-d2f0-5caf-9933-06efb8916f5e
England,Cornwall,Old Ale House,Truro,TR1 2HD,Perm,2026 Q3,H,Confirmed perm Sep 25,v-50a2ff67-fd6e-5abc-9624-821b80575e72
England,Cornwall,New Inn,Tywardreath,PL24 2QP,Perm,2026 Q3,G,,v-fa521ab0-a824-5979-9f85-b6ea884f185a
England,Cumbria,Silloth On Solway Golf Club (PMC),Silloth,CA7 4BL,Guest,2026 Q1,H,,v-eea3abfd-0bbc-5138-8def-dfc09a6bb22f
England,Derbyshire,Bear Inn,Alderwasley,DE56 2RD,Perm,2026 Q1,G/H,,v-0ac1d35e-94cb-567a-8a1c-6aea34d6be01
England,Derbyshire,Victoria Inn,Alfreton,DE55 7GL,Perm,2025 Q4,H,,v-e8dac826-c3c9-5615-8b07-36f9f17c8f30
England,Derbyshire,Brass Button,Ashbourne,DE6 1EU,Guest,2026 Q2,H,,v-77c88bf5-cdfa-5f69-9a85-6d9500e5b776
England,Derbyshire,Coach and Horses,Ashbourne,DE6 1GF,Perm,2026 Q1,H,Previously the Haig Club. It is not a PMC.,v-f5fe3c75-9372-5c5b-ad97-c2a9d3b158de
England,Derbyshire,Hug and Heave,Ashbourne,DE6 1GP,Perm,2026 Q3,H,,v-35854177-dcea-5a78-88ed-b35277ce9ee9
England,Derbyshire,Pavilion,Ashbourne,DE6 1EJ,Perm,2026 Q1,H,,v-ee8c2a42-5592-5cd7-b8b0-cf83d1433ecd
England,Derbyshire,Smiths Tavern,Ashbourne,DE6 1GH,Perm,2025 Q4,H,,v-e939bbc5-104d-5967-bb40-cf7029349c8b
England,Derbyshire,Wheel Inn,Ashbourne,DE6 1BX,Perm,2026 Q3,H,,v-de2ec786-9fab-576b-a8db-3aa287f8b5ef
England,Derbyshire,Queens Arms,Bakewell,DE45 1DS,Perm,2026 Q3,H,Perm as of Spring 26; replaced Pedi.,v-e615f8dc-310d-5594-8b9c-dd63c30bb7b3
England,Derbyshire,Brookfield (Barrow Social Club),Barrow upon Trent,DE73 7HG,Perm,2026 Q3,H,,v-606ed382-96eb-537b-b81c-c995f62186e7
England,Derbyshire,White Hart,Belper: Bargate,DE56 0JA,Perm,2026 Q3,H,,v-300cdecf-0171-5ebf-8123-5fb33d0783cb
England,Derbyshire,Arkwrights,Belper: Central,DE56 1UP,Perm,2026 Q3,H,,v-d8f002a1-4ed3-5ffb-8de9-c9cdbef55a1b
England,Derbyshire,Belper House,Belper: Central,DE56 1EY,Perm,2026 Q2,H,,v-daf05614-68d7-51cb-810d-549409054f62
England,Derbyshire,Cross Keys,Belper: Central,DE56 1FZ,Guest,2026 Q3,H,,v-da368401-dfbb-5300-8382-e75e3237f5db
England,Derbyshire,George and Dragon,Belper: Central,DE56 1BA,Perm,2025 Q4,H,,v-a4884649-8729-514c-a80c-6cb22bece019
England,Derbyshire,Old Kings Head,Belper: Central,DE56 1NP,Perm,2026 Q2,H,"v1 'once a year'. Newand re-entries on the list are coloured gold.This directory couldn't have happened without Ian Thurman, Pub Curmudgeon (RIP), Retired Martin, Britain Beer Mat and Ian Webster.The directory is now kept updated by Quinten Taylor AKA Watney Mann (Fb). All content copyright Quinten Taylor.",v-9c760e20-4078-55f6-b4c4-84dd7452638a
England,Derbyshire,Tavern,Belper: Central,DE56 1UU,Perm,2026 Q2,H,,v-9903dca3-83ca-5f0d-99d7-d0ce46692de2
England,Derbyshire,Thorn Tree Inn,Belper: Central,DE56 1FF,Perm,2026 Q3,H,,v-5b19fe32-b19e-5945-9af1-459583a88d2f
England,Derbyshire,Waterloo,Biggin,SK17 0DH,Guest,2026 Q1,H,,v-60cbad75-5bdf-57da-ae6f-91718f40ac7e
England,Derbyshire,Black Lion,Blackfordby,DE11 8AB,Guest,2026 Q3,H,,v-e5e5f85f-93de-512e-8fd6-11d2a72c10d3
England,Derbyshire,Windmill,Breadsall,DE21 4FY,Guest,2026 Q2,H,,v-e4c27846-67c7-53b3-a224-aa715a6a73f9
England,Derbyshire,Navigation,Breaston,DE72 3BP,Perm,2025 Q4,H,,v-f46f3203-92c8-588b-b523-8e0a32ee1524
England,Derbyshire,Burton Golf Club (PMC),Bretby,DE15 0PS,Perm,2026 Q1,H,,v-8427c0da-bdf7-5db8-9be9-0a7d5981de31
England,Derbyshire,Barrel Inn,Breton,S32 5QD,Guest,2026 Q2,H,,v-7deef57e-74e9-5154-b94e-32380988c487
England,Derbyshire,New Inn,Buxton,SK17 6EB,Perm,2026 Q3,H,,v-cbfe73d0-8255-595c-a177-d2ab969041d8
England,Derbyshire,Swan,Buxton,SK17 6HB,Perm,2026 Q2,H,,v-1d6b0673-6a76-5c00-b89e-e0edef98a229
England,Derbyshire,Vault,Buxton,SK17 6EU,Guest,2026 Q2,H,,v-51fc7d3b-e50e-5d5c-83c1-0068fb4919f6
England,Derbyshire,Mount Pleasant Inn,Castle Gresley,DE11 9JE,Perm,2026 Q3,H,,v-6bd49cd0-7be5-52b0-a714-be39cb377356
England,Derbyshire,Castle,Castleton,S33 8WG,Guest,2025 Q4,H,,v-3a52a126-41ff-5d4d-b9bf-1c68fd53197a
England,Derbyshire,Crossbar,Chellaston,DE73 6TQ,Guest,2026 Q1,H,,v-e134de4c-f72e-5e95-b15b-76b3d65b224a
England,Derbyshire,New Pin,Chellaston,DE73 5UA,Guest,2026 Q1,H,,v-0342b90c-d4c1-5faf-996a-58dc2512e334
England,Derbyshire,R and Rs Sports Bar,Chellaston,DE73 5SA,Perm,2025 Q4,H,,v-d5bba08a-9618-5a95-a5be-b61edae08a42
England,Derbyshire,Pig and Pump,Chesterfield: Central,S41 7TJ,Guest,2026 Q2,H,,v-00e4f998-bbbf-5827-9a65-ffbc37655195
England,Derbyshire,Royal Oak,Chesterfield: Central,S40 1PX,Guest,2026 Q3,H,,v-2090a0d8-15ac-5a92-99c3-a342b10adef7
England,Derbyshire,Chesterfield Arms,Chesterfield: Newbold,S41 7PH,Perm,2026 Q3,H,,v-793bea47-0978-5182-b472-e441735f2b6b
England,Derbyshire,Drum and Monkey,Castle Gresley,DE11 9LH,Perm,2026 Q2,H,,v-5f8dfaaa-7830-5af0-807f-d03a9b69c6d2
England,Derbyshire,Holly Bush,Church Broughton,DE65 5AS,Guest,2026 Q3,H,,v-64de191e-b0d6-56c5-b367-6a142d3f746c
England,Derbyshire,Miners Arms,Church Gresley,DE11 9NT,Perm,2026 Q3,H,,v-e1f5511f-cbbb-556a-ae99-ee2609c8de6c
England,Derbyshire,Rising Sun,Church Gresley,DE11 9LY,Guest,2025 Q4,H,,v-cd9c571f-ae55-5d76-9afd-6c4ee3724019
England,Derbyshire,Marquis,Codnor,DE5 9SP,Guest,2025 Q4,H,,v-f797074d-acfe-51e1-b5b4-4aa1f314785b
England,Derbyshire,Black Horse,Coton in the Elms,DE12 8HJ,Perm,2026 Q2,H,,v-c838c45e-07b2-5869-9123-5998491b167e
England,Derbyshire,Cliff Inn,Crich,DE4 5DP,Guest,2026 Q1,H,,v-3c4faad2-ac27-5dbb-99aa-18012b9dcbed
England,Derbyshire,Old Black Swan,Crich,DE4 5DD,Guest,2026 Q2,H,,v-ab01088f-5062-5b84-b768-e5727529aaab
England,Derbyshire,Boat,Cromford,DE4 3QF,Perm,2026 Q3,H,,v-68fdd6da-3328-5d9a-9b1c-91e7f0444b97
England,Derbyshire,Carpenters Arms,Dale Abbey,DE7 4PP,Perm,2026 Q3,H,,v-3f744776-452f-524a-b0d2-91df5e38fdb8
England,Derbyshire,Grouse Inn,Darley Dale,DE4 2FT,Guest,2026 Q3,H,,v-0d4203e8-3483-5683-893a-ef4bd63e6c15
England,Derbyshire,Allestree Club,Derby: Allestree,DE22 2FS,Perm,2026 Q1,H,Not a PMC - just cheaper if you are a member,v-7c97cc32-0b5c-5fd8-9c5c-e0f1b99c5a90
England,Derbyshire,Markeaton,Derby: Allestree,DE22 2TF,Guest,2026 Q1,H,,v-57e603be-1c07-568c-90c0-396a69c29929
England,Derbyshire,Red Cow,Derby: Allestree,DE22 2DZ,Perm,2026 Q2,H,,v-02295f76-e15c-5dcf-9f3a-5a8b4db6a87b
England,Derbyshire,Woodlands Hotel,Derby: Allestree,DE22 2GP,Perm,2026 Q2,H,,v-fadd40fe-da6a-5a74-b250-abd4416569be
England,Derbyshire,Needles,Derby: Alvaston,DE24 0UQ,Guest,2026 Q2,H,,v-9ee32030-d38f-51bb-94b7-64a11d601650
England,Derbyshire,Bless,Derby: Central,DE1 3GU,Guest,2026 Q2,H,,v-9b9623ec-19a3-5912-987b-13ad5a1babe8
England,Derbyshire,Brunswick,Derby: Central,DE1 2RU,Guest,2026 Q1,H,,v-9ce1b251-866a-561b-8d1a-0b8adc0da01f
England,Derbyshire,Five Lamps,Derby: Central,DE1 3BH,Perm,2026 Q2,H,,v-c0a35a01-7c4c-5bd1-9a00-f30043a1e758
England,Derbyshire,Flowerpot,Derby: Central,DE1 3DZ,Perm,2026 Q3,H,,v-ad9b7a7a-a959-5388-8463-6d01cf2e255c
England,Derbyshire,Greyhound,Derby: Central,DE1 1FN,Perm,2026 Q3,H,,v-4da1164e-8693-5978-a306-17b5847ca7fe
England,Derbyshire,Horse and Groom,Derby: Central,DE1 3HN,Perm,2025 Q4,H,,v-f69d5b68-d534-5b6f-9d70-7a31d62e75af
England,Derbyshire,Neptune,Derby: Central,DE1 2HR,Perm,2026 Q3,H,,v-c63814fd-52c2-5e7a-bca3-131e9aa35dfa
England,Derbyshire,Old Bell Hotel,Derby: Central,DE1 3NQ,Perm,2026 Q3,H,,v-7bc1560c-56a6-5502-abc7-837eac873a9f
England,Derbyshire,Old Silk Mill,Derby: Central,DE1 3AF,Perm,2026 Q3,H,,v-a1bb1afa-66b1-5a56-a73a-b61b008b9cda
England,Derbyshire,Peacock Inn,Derby: Central,DE1 3QS,Guest,2026 Q2,G/H,"""barrel on bar Derby home games"" (June 25). Quality warning May 26",v-953856c6-66a8-5c4c-bdb1-a826dfd578a7
England,Derbyshire,Royal Standard,Derby: Central,DE1 2ED,Guest,2026 Q3,H,,v-d3dbdae2-caf5-55b6-98db-ed067364dbdc
England,Derbyshire,Smithfield,Derby: Central,DE1 2BH,Perm,2026 Q3,H,,v-900ce44d-0c06-59aa-93cf-9a76794ab584
England,Derbyshire,Seven Stars,Derby: Central,DE1 3EE,Perm,2026 Q2,H,,v-a2773d06-ab00-5df7-97fa-8c293478e218
England,Derbyshire,White Horse,Derby: Central,DE1 2AW,Perm,2026 Q3,H,,v-90e95fa4-3dbe-5cbe-96ec-da41123f2ead
England,Derbyshire,Ye Olde Dolphin Inne,Derby: Central,DE1 3DL,Perm,2025 Q4,H,,v-7b7219e5-71e0-524f-8e83-8546cb6673bd
England,Derbyshire,Chaddesen Park Social Club (PMC),Derby: Chaddesden,DE21 6PD,Perm,2026 Q3,H,,v-552acf01-151c-5ab2-8479-b5c3eaeea9cb
England,Derbyshire,Hoppy Place,Derby: Chaddesden,DE21 6PF,Perm,2026 Q2,H,,v-5cae6524-8692-5bc8-ab3a-c225240143f3
England,Derbyshire,Toby Carvery,Derby: Chaddesden,DE21 6LZ,Perm,2026 Q3,H,,v-99d40c92-25dc-507f-8ef9-633316fdbe56
England,Derbyshire,Coach and Horses,Derby: Chester Green,DE1 3RF,Perm,2026 Q3,H,,v-51927edf-73db-5fe7-b74b-3307b9ec27ec
England,Derbyshire,New Zealand Arms,Derby: New Zealand,DE22 3GL,Perm,2026 Q1,H,Bass is used for the fish & chip batter!,v-d436c9a5-d394-528f-86e8-96c99ecbd4ee
England,Derbyshire,Norman Arms,Derby: Normanton,DE23 8DF,Perm,2026 Q3,H,,v-74dbf71c-c14e-5864-b00a-8517cff77270
England,Derbyshire,Oak and Acorn,Derby: Oakwood,DE21 2HT,Guest,2026 Q2,H,,v-30bde428-0b9d-560f-b64b-cc5d7f621110
England,Derbyshire,Liberal Club (PMC),Derby: Spondon,DE21 7EA,Perm,2026 Q3,H,,v-9174bee8-338b-54f6-9f95-2f7be830455b
England,Derbyshire,Village/Conservative Club (PMC),Derby: Spondon,DE21 7JP,Perm,2026 Q3,H,,v-99412060-4aa7-5602-85e3-0ddf38526a87
England,Derbyshire,White Swan,Derby: Spondon,DE21 7EA,Perm,2026 Q1,H,,v-205527a4-8a84-5408-a12f-af0fb20195bc
England,Derbyshire,Woodlark,Derby: West End,DE1 3LA,Perm,2026 Q3,H,,v-47250f29-d624-5085-a03e-de38e00c6d3f
England,Derbyshire,Coach and Horses,Draycott,DE72 3PS,Guest,2026 Q2,H,"""due to a high price from supplier we only occasionally have it""",v-8b64d7db-7ac9-5869-b948-483a60a39650
England,Derbyshire,Chevin Golf Club (PMC),Duffield,DE56 4EE,Perm,2026 Q2,H,,v-a8fae68c-ef98-5209-9725-d3954024f006
England,Derbyshire,Kings Head,Duffield,DE56 4EH,Guest,2026 Q2,H,,v-5bed8554-b468-584d-aa2f-e7ab466f2320
England,Derbyshire,Hawk and Buckle,Etwall,DE65 6LP,Guest,2026 Q2,H,,v-f37066e0-dd8f-5917-b980-2c0a8adc9424
England,Derbyshire,Spread Eagle,Etwall,DE65 6LP,Perm,2026 Q3,H,,v-637a846e-2e98-5d5c-9c88-c43a158f3b27
England,Derbyshire,Bluebell,Farnah Green,DE56 2UP,Perm,2026 Q3,H,,v-15d0db44-4cbb-5e63-8d45-873665894ada
England,Derbyshire,Commercial,Glossop,SK13 7SH,Guest,2026 Q1,H,,v-8ad1822b-757a-588b-bc8c-554fc8580a41
England,Derbyshire,Star Inn,Glossop,SK13 7DD,Guest,2026 Q2,H,Alternates with TTL (Sep 25),v-8a1d60ba-6769-52e9-8280-2e566a44ef3a
England,Derbyshire,Devonshire Arms,Hartington,SK17 0AL,Guest,2026 Q2,H,,v-c2a3a5ae-e11a-55a2-ba17-b47d2793f2ed
England,Derbyshire,Admiral Rodney,Hartshorne,DE11 7ES,Perm,2026 Q2,H,,v-b609342b-02d8-5a22-ad62-a02a50c2f76d
England,Derbyshire,Mill Wheel,Hartshorne,DE11 7AS,Perm,2026 Q2,H,,v-dccf5b1d-e34e-5468-b42c-d448fdde6136
England,Derbyshire,Doveside Social Club (PMC),Hatton,DE65 5EZ,Perm,2025 Q4,H,,v-091efd15-63db-5d18-be76-f8a0abaa5c6a
England,Derbyshire,Tavern,Hatton,DE65 5EH,Perm,2026 Q3,H,,v-987fcc7a-f8d9-5347-9919-b45b4a520d5a
England,Derbyshire,Eagle Tavern,Heage,DE56 2HU,Perm,2026 Q3,H,,v-0976863b-da58-5155-b32b-ba3b74195783
England,Derbyshire,Drunken Dog,Heanor,DE75 7EF,Guest,2026 Q3,H,,v-62c1c92b-14d0-5967-801f-35f03d3cb24f
England,Derbyshire,Jolly Colliers,Heanor,DE75 7QL,Guest,2025 Q4,H,,v-5852e82b-8b37-5674-9779-d668b3a8c4d6
England,Derbyshire,Redemption Ale House,Heanor,DE75 7GE,Guest,2026 Q3,H,,v-81b026f2-0fdf-5f62-a2b2-95e3e3cd9c14
England,Derbyshire,Hourglass,Hilton,DE65 5GP,Perm,2026 Q3,H,,v-db9df189-c856-5dc4-916d-8c83c4c56001
England,Derbyshire,Dead Poets Inn,Holbrook,DE56 0TQ,Perm,2026 Q2,H/J,,v-52a12f7c-0669-503c-bb15-8e1b988ccd10
England,Derbyshire,Spotted Cow,Holbrook,DE56 0TA,Guest,2026 Q3,H,,v-4cd9e602-4ee0-5b20-bb0a-2d2119a6cfab
England,Derbyshire,Red Lion,Hollington,DE6 3HA,Perm,2026 Q2,H,,v-40c30c47-e75b-5792-822e-294c324271fb
England,Derbyshire,Coach and Horses,Horsley,DE21 5BQ,Perm,2026 Q2,H,,v-5743485b-71dc-57b2-a6be-e986697bd4cd
England,Derbyshire,Sitwell Arms,Horsley Woodhouse,DE7 6BN,Perm,2026 Q2,H,,v-98b6b0c0-8ddc-562e-a444-76f0f07c19c6
England,Derbyshire,Royal Oak,Hurdlow,SK17 9QJ,Guest,2026 Q3,H,,v-ea5559e6-e599-531a-9723-9c3975c92ee9
England,Derbyshire,General Havelock,Ilkeston,DE7 5FW,Guest,2026 Q3,H,,v-d50273b9-7779-5611-9f47-9713cfd19420
England,Derbyshire,Rutland Cottage,Ilkeston,DE7 8TE,Guest,2026 Q1,H,,v-32bebf96-9a7c-5c13-b5e6-214c22a6a6e8
England,Derbyshire,John Thompson Inn,Ingleby,DE73 7HW,Perm,2026 Q2,H,,v-05f27f28-8a8a-5653-83c7-15e3cf7bc2e1
England,Derbyshire,Hunters Arms,Kilburn,DE56 0LU,Perm,2025 Q4,H,,v-2aef880b-a959-5ffb-83cc-e930ecc4b567
England,Derbyshire,Hardinge Arms,Kings Newton,DE73 8BX,Perm,2026 Q2,H,,v-a931934c-04a6-5c62-9e77-c493603da229
England,Derbyshire,Red Lion,Kniveton,DE6 1JH,Guest,2026 Q2,H,"""regular guest"" (Dec 25)",v-1bf34620-f64f-5271-9684-ae4b0c95b4f1
England,Derbyshire,Jug and Glass,Lea,DE4 5GJ,Perm,2026 Q2,H,,v-37880b55-26dd-518b-a31f-17f42d71a286
England,Derbyshire,Colliery Smokehouse,Linton,DE12 6PB,Guest,2026 Q3,H,,v-b89a416f-f3fd-5773-b692-0a6c06497864
England,Derbyshire,Red Lion,Linton,DE12 6PZ,Perm,2026 Q3,H,,v-98217540-8d77-5352-aff2-83846e1183a8
England,Derbyshire,Half Moon,Littleover,DE23 6FN,Perm,2026 Q1,H,,v-7066d811-b7d5-5474-b3b2-63463ab56991
England,Derbyshire,Bell and Harp,Little Eaton,DE21 5AE,Perm,2026 Q3,H,,v-3812a807-304d-5adf-b134-5306b3874319
England,Derbyshire,Sawley Junction,Long Eaton,NG10 3JU,Guest,2026 Q3,G,,v-01dd87fe-80c7-51ce-8410-45c3664e8b45
England,Derbyshire,Colvile Arms,Lullington,DE12 8EG,Perm,2026 Q2,H,,v-86e19a4c-2c6a-5dbf-aecc-02f4ee85d993
England,Derbyshire,Queens Head,Marlpool,DE75 7NJ,Guest,2026 Q3,H,,v-cd0de5c3-353f-509e-9016-344a9d177fcf
England,Derbyshire,Crown Inn,Marston Montgomery,DE6 2FF,Guest,2026 Q1,H,,v-d7a5ca84-76d7-5f19-ad38-9b3f8bc3e3f3
England,Derbyshire,Laburnum,Matlock,DE4 2PW,Guest,2026 Q2,H,,v-d4791829-cd62-5610-8557-722e5a52f60a
England,Derbyshire,Red Lion,Matlock,DE4 3BT,Perm,2026 Q3,H,,v-2a9c653c-1cca-55f6-8947-0798ff330a91
England,Derbyshire,Remarkable Hare,Matlock,DE4 3LT,Guest,2025 Q4,H,,v-d7300833-ce48-5a1c-bbc6-14569b3c9f24
England,Derbyshire,Sycamore Inn,Matlock,DE4 3HZ,Perm,2026 Q2,H,,v-480b4393-e759-5c8f-b5a9-025e3248e323
England,Derbyshire,Thorn Tree,Matlock,DE4 3JQ,Perm,2026 Q2,H,,v-a320c851-72ca-5aeb-b37a-c571db357b8c
England,Derbyshire,Alma,Melbourne,DE73 8FE,Guest,2025 Q4,H,,v-05ecdc63-f0af-56cd-9527-fe42e469d02d
England,Derbyshire,Boot,Melbourne,DE73 8FE,Perm,2026 Q2,H,Nee Harpurs (June 2026),v-e01e6670-6c03-55e3-9d57-5f25a7a8fbdf
England,Derbyshire,Melbourne Inn,Melbourne,DE73 8GJ,Perm,2026 Q3,H,,v-56182c3d-4872-5983-bf48-6b6c3fed530e
England,Derbyshire,White Swan,Melbourne,DE73 8DY,Perm,2026 Q2,H,,v-d2147d3f-8019-5d09-8a57-c89066ba899c
England,Derbyshire,Binary,Mickleover,DE3 0GR,Guest,2026 Q2,H,,v-4ac48ba1-f454-50cb-a1e9-a069589c6d0c
England,Derbyshire,Mickleover Golf Club,Mickleover,DE3 9AD,Perm,2026 Q2,H,,v-d1ebb606-4099-5e4d-806d-00b3e462178e
England,Derbyshire,Vine,Mickleover,DE3 0DA,Perm,2026 Q2,H,,v-b1ed2bf8-2858-5ace-80c6-3c5ae0e5d74c
England,Derbyshire,Rising Sun,Middleton by Wirksworth,DE4 4LS,Perm,2026 Q2,H,,v-94bf26b6-c5ee-5cd7-a314-7bde4e022a94
England,Derbyshire,King William,Milford,DE56 0RR,Perm,2026 Q3,G/J,,v-4ed42a9e-8002-5a1a-88c2-89b1286f6f33
England,Derbyshire,Milford Sunshine Social Club (PMC),Milford,DE56 0QH,Perm,2026 Q3,G/H,,v-166e22b5-0dd9-5054-8886-250d96144750
England,Derbyshire,Swan Inn,Milton,DE65 6EF,Perm,2026 Q2,H,,v-a59604b7-f6a6-56bb-9338-723cc17f70b0
England,Derbyshire,Spanker,Nether Heage,DE56 2AT,Guest,2026 Q1,H,,v-6e2c75bb-4b00-5749-9b3b-386f6d79fe28
England,Derbyshire,Netherseal Sports Club (PMC),Netherseal,DE12 8DB,Perm,2025 Q4,H,Confirmed by Fb,v-99666259-d5e0-5ce1-8326-5a1bf39d96d8
England,Derbyshire,Anchor,Newhall,DE11 0EA,Perm,2026 Q1,H,,v-82d3d17e-9f81-558d-afd7-e71bc5c4cdf4
England,Derbyshire,Crown,Newhall,DE11 0SN,Perm,2026 Q2,H,,v-f36e6753-2a3a-5fee-8193-8b66f7d4088f
England,Derbyshire,Thorn Tree,Newhall,DE11 0LL,Perm,2026 Q3,H,,v-7b076fbe-dd74-5ecc-b3d0-a40953c97eae
England,Derbyshire,Brickmakers Arms,Newton Solney,DE15 0SJ,Perm,2026 Q3,H,,v-a00eabec-0246-562d-9640-f31752f67b33
England,Derbyshire,Unicorn,Newton Solney,DE15 0SG,Perm,2026 Q3,H,,v-09dbc79b-fbb4-5467-bd73-16ff9f2b3ac9
England,Derbyshire,Royal Oak,Ockbrook,DE72 3SE,Perm,2026 Q3,H,,v-a481cb7b-0c34-54b2-a3a2-c28f20d017bf
England,Derbyshire,Shoulder of Mutton,Osmaston,DE6 1LW,Perm,2026 Q3,H,,v-12e7c15f-af85-5060-a657-046b316d29a0
England,Derbyshire,Dog,Pentrich,DE5 3RE,Perm,2026 Q2,H,Bass is used for the fish & chip batter!,v-e27927a2-937a-5a15-bd14-200b5d039498
England,Derbyshire,Ye Olde Butchers Arms,Reapsmoor,SK17 0LL,Perm,2026 Q3,H,,v-61793663-b18f-5023-b24d-b2a4d9dd46ba
England,Derbyshire,Boot Inn,Repton,DE65 6FT,Guest,2026 Q3,H,,v-2e7ac9bd-d921-57e3-bf97-7d6ea77240a0
England,Derbyshire,Red Lion,Repton,DE65 6FL,Perm,2026 Q2,H,,v-e146d618-c9ba-5fa4-8427-d3a81da5ea85
England,Derbyshire,Talbot Taphouse,Ripley: Central,DE5 3LT,Guest,2026 Q3,H,,v-ac778227-1ccd-5f63-98cd-f4744b9915cf
England,Derbyshire,Amber Hotel,Ripley: Oakerthorpe,DE55 7LL,Perm,2026 Q3,H,,v-a130b558-0e74-5f25-bf27-3a0ac1c18b7c
England,Derbyshire,Groovers Arms,Ripley: Peasehill,DE5 3JN,Guest,2026 Q3,G,,v-d6a59038-f5ef-5bc9-b298-68f7798fe8c6
England,Derbyshire,Bulls Head,Rosliston,DE12 8JU,Perm,2026 Q3,H,,v-30313510-91a5-5adf-b5da-4f48d83379f8
England,Derbyshire,Roston Inn,Roston,DE6 2EE,Guest,2026 Q2,H,,v-cdb2a668-ae06-569d-8e71-df37f469157f
England,Derbyshire,White Lion,Sawley,NG10 3AT,Perm,2026 Q3,H,,v-20f51e9a-6832-53fd-bfe2-bb665751af38
England,Derbyshire,Horse and Groom,Scarcliffe,S44 6SU,Perm,2026 Q3,H,,v-ac895bd4-69fd-53ea-89d8-97307a9112c5
England,Derbyshire,Boathouse,Shardlow,DE72 2GL,Perm,2025 Q4,H,,v-03e2d759-5c7f-57ff-82a5-a8b8905e4281
England,Derbyshire,Navigation,Shardlow,DE72 2WA,Perm,2026 Q3,H,No longer selling from gravity June 2026,v-9b0214b5-0b89-530a-9485-b8662012f510
England,Derbyshire,Old Crown,Shardlow,DE72 2HL,Perm,2026 Q2,H,,v-2dc8cf4e-3a7e-5a08-b3da-10bfb7180ca5
England,Derbyshire,Shakespeare Inn,Shardlow,DE72 2GP,Perm,2025 Q4,H,,v-31ec017a-013e-520a-b394-1b72c94b330a
England,Derbyshire,Globe Inn,Snarestone,DE12 7DB,Guest,2026 Q2,H,,v-671e9e71-677b-5e94-b837-e50d3484667c
England,Derbyshire,Devonshire Arms,Somercotes,DE55 4HX,Guest,2026 Q2,H,,v-edbf046b-76d8-5df9-9d71-3d63d37148e6
England,Derbyshire,Old Yew Tree,South Wingfield,DE55 7NH,Perm,2026 Q3,H,,v-f51409ae-6c10-56d6-b50d-905553899e16
England,Derbyshire,White Hart,Stanley,DE7 6EX,Perm,2026 Q1,H,,v-0e76b9e4-8cad-5e08-9cf0-b4b79a820e2e
England,Derbyshire,Flying Childers,Stanton in Peak,DE4 2LW,Perm,2026 Q2,H,,v-8acf2d3a-8936-57c2-91ca-fe4928e34b3b
England,Derbyshire,Bubble Inn,Stenson,DE73 7HL,Perm,2026 Q2,H,,v-ead349df-157a-56af-b920-d4356a2f638b
England,Derbyshire,Vernon Arms,Sudbury,DE6 5HS,Guest,2026 Q3,H,,v-52e70e00-9f64-5e14-9372-9a80d1798c6e
England,Derbyshire,Belmont Services Club (PMC),Swadlincote: Central,DE11 8JU,Perm,2026 Q1,H,,v-a9fafd22-94c0-5b69-baf6-d9f513ce90ce
England,Derbyshire,Constitutional Club (PMC),Swadlincote: Central,DE11 0AN,Perm,2026 Q2,H,,v-54a1b390-c593-5828-a06e-52905548f5ca
England,Derbyshire,Wheel,Swadlincote: Midway,DE11 0DH,Perm,2026 Q2,H,,v-0a05f37e-5e08-5a3c-acc9-d33d38fd4e49
England,Derbyshire,Steampacket Inn,Swanwick,DE55 1AB,Perm,2026 Q3,H,,v-cb904e48-d976-5d4a-bc44-142901151a85
England,Derbyshire,Harrington Arms,Thulston,DE72 3EY,Perm,2025 Q4,H,,v-8e5b2393-cd3c-521b-9166-47d76c920c2b
England,Derbyshire,Gate,Tansley,DE4 5FN,Guest,2026 Q3,H,,v-79e75ee7-d08c-5954-8c2e-4abe4061a8bd
England,Derbyshire,Chequers,Ticknall,DE73 7JH,Perm,2026 Q3,H,,v-25db9c48-c55a-5c1b-9c9d-351c6e520400
England,Derbyshire,Thorn Tree,Waingroves,DE5 9TE,Guest,2026 Q3,H,,v-41188e63-e68d-5eae-a835-80b99125664e
England,Derbyshire,Coopers Arms,Weston on Trent,DE72 2BJ,Perm,2026 Q2,H,,v-5f7e16b2-688b-58c3-8cbd-db2f2320ec3d
England,Derbyshire,Compamigos (was Boardwalk),Willington,DE65 6DW,Guest,2025 Q4,H,,v-f0c3dedc-dab9-5032-8693-e06df4d33298
England,Derbyshire,Dragon,Willington,DE65 6BP,Perm,2026 Q1,H,,v-d6613461-a4b6-5497-9232-48f62c18fb88
England,Derbyshire,Green Man,Willington,DE65 6BQ,Perm,2026 Q1,H,,v-d4ae7288-15b0-57dd-815a-74d153746742
England,Derbyshire,Miners Standard,Winster,DE4 2DR,Guest,2026 Q2,H,"""We sell draught Bass intermittently alongside Pedigree""",v-773a6db4-ab20-5f3f-99c7-d4d030f53c9e
England,Derbyshire,Lime Kiln,Wirksworth,DE4 4FR,Perm,2026 Q2,H,,v-32beb565-ed3a-5330-a1c1-23421ac706ac
England,Derbyshire,Quarryman,Wirksworth,DE4 4ET,Perm,2026 Q1,H,,v-67013296-99b4-57d1-ab62-78ed1bf2852a
England,Derbyshire,Royal Oak,Wirksworth,DE4 4FG,Perm,2026 Q2,H,,v-add2cda9-beda-5275-b0a0-5a0f80708a78
England,Derbyshire,Wheatsheaf,Wirksworth,DE4 4DS,Perm,2026 Q1,H,,v-126daf8a-4846-5d52-8a19-8f91497a3e88
England,Derbyshire,Bulls Head,Wilson,DE73 8AE,Perm,2026 Q1,H,,v-8a80a845-00a3-5f40-af35-ca6ea84d9153
England,Derbyshire,Greyhound,Woodville,DE11 7BU,Perm,2025 Q4,H,,v-c31ee814-63f4-513d-8d38-fad12edad41f
England,Derbyshire,Bulls Head,Youlgrave,DE45 1UR,Guest,2026 Q3,H,"""only as an ocassional special"" Jun 26",v-ccbf78d9-f908-5ee3-b55d-b3150dafbb97
England,Derbyshire,George,Youlgrave,DE45 1UW,Guest,2026 Q2,H,,v-dad6e94b-cfa7-5d07-8d8e-4143a122d2a1
England,Devon,New Inn,Alphington,EX2 8TA,Guest,2026 Q2,H,,v-40fc3b82-12fd-5717-aa50-3bfcb637af43
England,Devon,Cork and Bottle,Barnstaple,EX31 1JB,Guest,2025 Q4,H,,v-f263b801-f5a1-5a23-beed-bf6c067f28b2
England,Devon,Corner House,Barnstaple,EX31 1SY,Perm,2025 Q4,H,,v-4ad341c2-694e-516d-8712-ea25094b8d1d
England,Devon,Bridford Inn,Bridford,EX6 7HT,Guest,2026 Q3,H,"""regular guest; pair of Bass hunters who we ring when it’s going on""",v-813a838f-ed8d-514d-9a9a-d192591cfe49
England,Devon,Bear and Blacksmith,Chillington,TQ7 2LD,Guest,2025 Q4,H,,v-6c26f61d-1154-538e-b753-06443e82f0af
England,Devon,Drum Inn,Cockington,TQ2 6XA,Guest,2026 Q3,H,,v-4dbabe03-50ea-525d-9475-23a8e722eaad
England,Devon,Gerrard Arms,Colyton,EX24 6JN,Guest,2025 Q4,H,every Friday until gone (Oct 25),v-2fa20a34-70a3-540a-a712-7998a5e117ce
England,Devon,Wild Goose,Combeinteignhead,TQ12 4RA,Guest,2026 Q1,H,,v-7a093ea0-089c-531d-99d2-a29cac75fb65
England,Devon,Pony and Trap,Cullompton,EX15 1DJ,Perm,2026 Q1,H,,v-fe30654c-6eda-5367-99e7-211b1d88ec8b
England,Devon,Jack Rabbit,Derriford,PL6 8BD,Guest,2026 Q2,H,,v-77fe1223-0617-5e9e-8d73-cfa8e4dd14bf
England,Devon,Beach,Exmouth,EX8 1DR,Perm,2026 Q3,H,,v-25c8ed6f-bb10-5204-a12d-a706011d440d
England,Devon,Heanton Court,Heanton,EX31 4AX,Guest,2025 Q4,H,,v-5ba8d7df-e13a-5b21-b51d-4eb8fe434688
England,Devon,Ship and Pilot,Ilfracombe,EX34 9EE,Perm,2026 Q3,H,,v-f11c4c2f-c649-589b-8470-da497a5265ff
England,Devon,Wellington,Ilfracombe,EX34 9QE,Guest,2026 Q3,H,,v-5ddc0a4c-1901-5073-946a-674c74a082b8
England,Devon,Carpenters Arms,Ilsington,TQ13 9RG,Perm,2026 Q1,H,,v-48a81b2b-55c8-55a4-a952-41a881ed7ddf
England,Devon,King of Prussia,Kingsbridge,TQ7 1JB,Guest,2026 Q2,H,"""rotate it on every other firkin""",v-eb425970-07fc-52d0-995d-c0d13a473973
England,Devon,Hotel Mount Batten,"Mount Batten, Turnchapel",PL9 9SJ,Guest,2026 Q2,H,,v-a08db6fd-59a5-51ea-84e3-7c9f4ca95768
England,Devon,Railway Brewhouse,Newton Abbot,TQ12 2BS,Perm,2026 Q3,H,,v-bd246278-e4f8-5207-a42a-5fc51626dc5e
England,Devon,Henrys Bar,Paignton,TQ4 6AJ,Guest,2026 Q2,H,,v-994e2b34-f768-5cab-8d73-34ff2ba30bab
England,Devon,Dolphin Hotel,Plymouth: Barbican,PL1 2LS,Perm,2026 Q3,G,,v-df6d2b46-d775-57a3-9172-6ab51e523b58
England,Devon,Bank,Plymouth: Central,PL1 2TG,Guest,2025 Q4,H,,v-6cf25b1c-c028-5b56-8074-1b6c1a910a77
England,Devon,Lounge,Plymouth: Devonport,PL1 4QT,Perm,2026 Q2,H,,v-da1ab1f7-22cf-5624-b84c-63141fdd4ce1
England,Devon,St Levan Inn,Plymouth: Dockyard,PL2 1JJ,Perm,2026 Q2,H,,v-851df8e3-dfd8-5a84-9b07-6c94e5f85d8f
England,Devon,Artillery Arms,Plymouth: Stonehouse,PL1 3RH,Perm,2026 Q2,H,,v-e799550e-04a8-5b7c-8f01-2e24ea9b0374
England,Devon,London Inn,Plympton,PL7 1NH,Perm,2026 Q3,H,,v-1a28aea9-7f77-5dea-9deb-48833794dc32
England,Devon,Ferryboat,Shaldon,TQ14 0DL,Guest,2025 Q4,H,,v-03d890f5-a34e-5b58-ba83-e997a6dad0a7
England,Devon,Stoke Canon,Stoke Canon,EX5 4AR,Guest,2026 Q3,H,,v-d662d0c4-a468-53cd-89b2-f7305f033e3c
England,Devon,Market Inn,Tavistock,PL19 9BB,Guest,2026 Q2,H,,v-f7b45209-1b0e-5523-95d9-81f8739b35f0
England,Devon,Village Inn,Thurlestone,TQ7 3NN,Guest,2026 Q2,H,,v-d52d342a-fc8f-59b6-91df-7519b422e432
England,Devon,Tides Out,Woolacombe,EX34 7BP,Guest,2026 Q2,H,,v-b0c6fb73-49cd-5fdf-b936-ee8fbd0ac4c6
England,Dorset,Tiger,Bridport,DT6 3LY,Perm,2026 Q1,H,,v-de3630ba-38b6-59f8-b5fb-01e545c5be29
England,Dorset,Iford Bridge,Bournemouth: Iford,BH6 5RG,Guest,2026 Q2,H,,v-f255d139-c9b9-53fa-9237-07ec27a1de5b
England,Dorset,Bakers Arms,Dorchester,DT1 2DH,Perm,2026 Q3,H,,v-09dae140-4e14-5f3c-bc1c-0065c472f9c6
England,Dorset,King Charles,Poole,BH15 1JN,Guest,2025 Q4,H,"""order it whenever it’s on supplier’s list - sells really well"" (Oct 25)",v-a85befda-a05a-5b5a-b360-5ee70601ef2d
England,Dorset,Butchers Dog,Wimborne,BH21 1DS,Guest,2025 Q4,H,,v-ba1133cc-ec62-59c1-9d0e-30ff4a62067f
England,Durham,Butchers Arms,Chester-le-Street,DH3 3QD,Guest,2026 Q3,H,,v-5a7eafa6-1e23-50da-804e-e75569ac961f
England,Durham,Grey Horse,Consett,DH8 6NF,Guest,2026 Q2,H,,v-97a6ff26-33a9-521e-8875-2fa9a26e5f68
England,Durham,Britannia,Darlington,DL3 6LR,Guest,2026 Q3,H,,v-3a2409e8-82cc-54b2-9977-6fada3654ecc
England,Durham,Half Moon,Durham,DH1 3AQ,Perm,2026 Q3,H,,v-df554200-c89f-5066-8998-b693c85f9a24
England,Durham,Station House,Durham,DH1 4SE,Guest,2026 Q1,H,"""2-3 times a year""",v-acf4b991-4002-5440-bd13-feef66257a48
England,Durham,Ye Old Elm Tree,Durham,DH1 4PS,Guest,2026 Q2,H,"""every now and again, try to get some for National Bass Day""",v-a829ca94-ad6b-5ad5-856e-65e75b429b0d
England,Durham,Cleveland Bay,Eaglescliffe,TS16 0JE,Perm,2026 Q2,H,,v-de06f22a-12d8-5910-b35e-9d8129aad5a9
England,Durham,Masham,Hartburn,TS18 5DR,Perm,2026 Q2,H,,v-71419ae0-7dd1-5e40-bc1b-511231648ba0
England,Durham,Hardwick Arms Hotel,Sedgefield,TS21 2AZ,Perm,2026 Q3,H,incorporates Herd Grill,v-59bedf56-036b-5a16-ba9c-a07870b4d01f
England,Durham,Crown and Crossed Swords,Shotley Bridge,DH8 0HU,Guest,2026 Q2,H,,v-e6679625-95b2-50be-92e0-187d41170ed6
England,Durham,Frog and Ferret,Spennymoor,DL16 7RS,Guest,2026 Q2,H,,v-2904c335-a108-5c93-a91c-a25b8969c92c
England,Durham,Sun,Stockton-on-Tees,TS18 1SU,Perm,2026 Q3,H/B,Available Banked,v-24b4549e-4e9e-5f4f-ab73-472f158c67f6
England,Durham,Victoria Inn,Witton le Wear,DL14 0AS,Guest,2026 Q2,H,,v-d0c9c31a-54fa-53e6-9991-737605b36ad3
England,Durham,Wellington Inn,Wolviston,TS22 5JY,Perm,2026 Q2,H/B,Available Banked,v-e0384b05-0761-5511-ad08-8bef2af3049c
England,Essex,Crooked Billet,Leigh on Sea: Old Leigh,SS9 2EP,Guest,2026 Q1,H,,v-32646a4c-94da-52da-a73d-1125b6d05ce9
England,Essex,Kings Head,North Weald,CM16 6BU,Guest,2026 Q3,H,,v-71fc939a-ab26-5da5-a03b-420f0b9dfcc9
England,Gloucs & Bristol,Three Brooks,Bradley Stoke,BS32 8EF,Guest,2026 Q2,H,,v-6b125009-409e-5ffd-9ebe-965459e8880e
England,Gloucs & Bristol,Brunel,Bristol: Bedminster,BS3 5AZ,Guest,2025 Q4,H,,v-fa31be84-d89d-52b9-92ff-45e9742963ad
England,Gloucs & Bristol,Bristol Flyer,Bristol: Bishopston,BS7 8BN,Perm,2026 Q1,H,"""Barman did not know whether perm but have had it for some time""",v-c86ec1b8-bc7e-5a25-ba5f-d4d8e7687ed9
England,Gloucs & Bristol,Sandringham,Bristol: Brislington,BS4 3PE,Perm,2026 Q1,E,,v-415bf6f0-040f-527c-b702-f49301dba957
England,Gloucs & Bristol,Bank Tavern,Bristol: Central,BS1 2HR,Perm,2026 Q3,H,,v-14f09ec5-7f12-5bf8-8fde-2ba3821e38c4
England,Gloucs & Bristol,Mall,Bristol: Clifton,BS8 4DR,Guest,2026 Q1,H,,v-446b9fc7-c4e0-5040-91f3-8dbe02bb46a1
England,Gloucs & Bristol,Nova Scotia,Bristol: Cumberland Basin,BS1 6XJ,Perm,2026 Q1,H,,v-687a0434-26b7-5b35-b774-ef8e42d70b8a
England,Gloucs & Bristol,Myrtle Tree,Bristol: Hotwells,BS1 5UW,Perm,2026 Q1,G,,v-6c7763f7-b7cb-5b12-a428-b453c924e35f
England,Gloucs & Bristol,Rose of Denmark,Bristol: Hotwells,BS8 4QL,Perm,2026 Q2,H,,v-5aadb27e-f515-5709-a407-a0509aaf5d76
England,Gloucs & Bristol,Crown and Horseshoe,Bristol: Oldland Common,BS30 8TU,Guest,2025 Q4,H,,v-ced39a90-4441-5fad-a18e-8f2d5085e51a
England,Gloucs & Bristol,Red Monkey,Bristol: Redlands,BS6 6PF,Guest,2026 Q2,H,,v-399d86f9-f10f-51a5-aca2-2a7d139ed2ca
England,Gloucs & Bristol,Horse and Jockey,Bristol: St George,BS5 8LW,Perm,2026 Q2,E,,v-7d14bf86-375e-557a-b241-ef5aee6794f8
England,Gloucs & Bristol,Pied Horse,Bristol: St George,BS5 8JS,Perm,2025 Q4,H,,v-7469f07d-0c11-533f-a97f-9ce4948358fb
England,Gloucs & Bristol,Crown Tavern,Bristol: St Judes,BS2 0DY,Perm,2026 Q3,H,"""Bass club, buy 5 Bass, 6th free""",v-8c3e5348-b35e-555b-b9fa-042bc86d6686
England,Gloucs & Bristol,Avon Packet,Bristol: Southville,BS3 1RF,Perm,2025 Q4,E,,v-67f0c4b1-5e42-5159-8987-4abf521447fc
England,Gloucs & Bristol,Royal British Legion (PMC),Bristol: Whitchurch,BS14 0QF,Guest,2026 Q2,H,,v-0bf6d728-dc07-530e-9784-fbd9a3bb00f0
England,Gloucs & Bristol,Harry Cook Free House,Cheltenham,GL50 1SD,Guest,2025 Q4,H,,v-c60b06d1-3fa4-572f-b64c-d009ca792a1b
England,Gloucs & Bristol,Grapes,Chipping Sodbury,BS37 6AS,Guest,2026 Q2,H,,v-600d8503-7c5b-5676-8228-2202dec44abc
England,Gloucs & Bristol,Horseshoe,Chipping Sodbury,BS37 6AH,Guest,2026 Q1,H,,v-09253a78-877d-51d9-bcf3-2189fa846e2b
England,Gloucs & Bristol,Cross House,Doynton,BS30 5TF,Perm,2026 Q1,H,,v-5c982fb1-848c-5b01-ba8e-e86d8420002f
England,Gloucs & Bristol,Imperial Inn,Gloucester,GL1 2AG,Perm,2026 Q2,H,,v-a133f55b-7780-5435-a9a1-4f3b52e1acbe
England,Gloucs & Bristol,King William IV,Hallen,BS10 7RZ,Perm,2026 Q2,H,,v-56d162bc-5e13-58fa-9aec-a23ab8871ab2
England,Gloucs & Bristol,Kings Arms,Newent,GL18 1BD,Guest,2026 Q1,H,,v-d50e8515-7788-542c-8eb8-b448a556ce3b
England,Gloucs & Bristol,Anchor Inn,Oldbury-on-Severn,BS35 1QA,Perm,2026 Q1,H,,v-ec13b2c3-01a7-5b02-8729-8cfc02ae51bf
England,Gloucs & Bristol,Berkeley Arms,Purton,GL13 9HU,Guest,2026 Q2,H,,v-8e4d52f7-a08e-5539-90c0-615752999e22
England,Gloucs & Bristol,Cross House Tavern,Tewkesbury,GL20 5AB,Guest,2026 Q3,H,,v-6d104889-387c-5da6-bcf2-f6ad2052f64a
England,Gloucs & Bristol,BMI Club,Upton St Leonards,GL4 8AG,Guest,2026 Q2,H,,v-a9e1dc0d-5b9d-5447-8768-2f4adcd3e232
England,Gloucs & Bristol,Post Office Tavern,Westbury on Trym,BS9 3AG,Perm,2025 Q4,G,,v-cbd5bf6c-bc9e-5dfb-9ecf-d81705270701
England,Gloucs & Bristol,White Lion,Westbury on Trym,BS9 3HN,Guest,2026 Q3,H,,v-11077285-835a-5a9b-a349-b53ae45f7f52
England,Hampshire,Chilworth Arms,Chilworth,SO16 7JZ,Guest,2026 Q1,H,,v-b0b00604-bff6-58c1-915c-fa3e9eb4292b
England,Hampshire,Ebenezers,Hythe,SO45 6AR,Guest,2026 Q2,H,,v-79d5023b-81d8-59fe-af28-3713e8df2c1e
England,Hampshire,Pembroke,Portsmouth,PO1 2NR,Perm,2025 Q4,H,,v-9530734d-95e2-5236-9ff9-1abe95990a64
England,Hampshire,Kings Arms,Whitchurch,RG28 7AB,Guest,2026 Q1,H,,v-ceae4c50-fc62-580c-b6de-a0769bf742b2
England,Herefordshire,Lichfield Vaults,Hereford,HR1 2LR,Perm,2026 Q2,H,,v-fb706a32-15b9-5843-85a5-c89d47678ba3
England,Herefordshire,Weston Cross,Weston-under-Penyard,HR9 7NU,Perm,2026 Q2,H,,v-dc03b99c-c5e0-5026-917a-16ad1f5c1bff
England,Hertfordshire,Old Shepherd,Chorleywood,WD3 5JH,Guest,2026 Q2,H,,v-1f850182-5b88-5193-839d-2e32bb379602
England,Hertfordshire,King William IV,St Albans: Bernards Heath,AL1 4AH,Guest,2026 Q1,H,,v-b9af171c-fefd-5cea-83c9-87c1beba94ec
England,Hertfordshire,Boot,St Albans: Central,AL3 5DG,Guest,2026 Q2,H,,v-8d2818cb-e170-5dac-b542-68f88c22abd1
England,Hertfordshire,Verulam Arms,St Albans: Central,AL3 4QE,Guest,2026 Q2,H,,v-d571346c-3991-578a-855c-37a93c47aaa3
England,Hertfordshire,Essex Arms,Watford: Cassiobury,WD17 3EG,Guest,2025 Q4,H,,v-27db8714-ffd3-5660-a96b-cc3f55e0193d
England,Hertfordshire,O'Neills,Watford: Centre,WD17 1ET,Guest,2026 Q2,H,Quality warning May 2026,v-f68c7857-d1cd-5200-95ac-e129a28874b4
England,Isle of Wight,Wheatsheaf,Brading,PO36 0DQ,Guest,2026 Q2,H,,v-29ccd3db-ade7-5997-a028-2726603f1580
England,Isle of Wight,Newport Ale House,Newport,PO30 5AZ,Guest,2026 Q3,H,,v-3925df2c-0a5b-5692-9cdb-ad609c4da147
England,Isle of Wight,King Lud,Ryde,PO33 2DY,Guest,2026 Q2,H,,v-3baeda2d-b302-56ba-8aee-917c716c81db
England,Lancashire,Beer Box,Bamber Bridge,PR5 6LA,Guest,2026 Q2,H,,v-d4f48241-43f7-5ed3-a525-833a8e5ca650
England,Lancashire,Highfield,Blackpool:Merton,FY4 3LA,Guest,2026 Q1,H,,v-50f53699-d961-5e47-8532-bd33cdb7c8a8
England,Lancashire,Devonshire Arms,Blackpool: North Shore,FY2 0TL,Guest,2026 Q1,H,,v-5e3cc4d8-313b-5db8-b4d5-3f4cb880bc14
England,Lancashire,Sun Inn,Blackpool: South Shore,FY1 6AA,Perm,2026 Q2,H,,v-c13ddfa5-e07c-5ada-be8a-58b49b43b4a1
England,Lancashire,Cricket Club,Blackpool: Stanley Park,FY3 9EQ,Guest,2026 Q1,H,,v-101e22ce-2e15-5d8d-8f40-64e6ead91ee8
England,Lancashire,Saddle Inn,Blackpool: Stanley Park,FY3 9PH,Perm,2026 Q3,H,,v-fc2c48c0-a296-51ac-b5db-89d187700d7d
England,Lancashire,Flat Iron,Chorley,PR7 1BH,Guest,2026 Q1,H,,v-e8284c87-dd05-565a-8112-3742ea66b55e
England,Lancashire,Shepherds Hall Ale House,Chorley,PR7 1BS,Guest,2026 Q1,H,,v-c62f31b0-c5b0-546c-979e-12fac920a47a
England,Lancashire,Hive,Hesketh Bank,PR4 6SN,Guest,2026 Q2,H,,v-0e203d6f-5b71-5bfa-815b-76bf8b65cc7e
England,Lancashire,Pleasant Retreat,Lostock Hall,PR5 5RU,Guest,2025 Q4,H,,v-fb877ea9-b634-5b22-a097-418cb5ed68d3
England,Lancashire,County Hotel,Lytham St Annes,FY8 5LH,Guest,2026 Q3,H,,v-e5e26c8d-c7bc-5424-81ba-32a0b892b3eb
England,Lancashire,Fairhaven,Lytham St Annes,FY8 1YD,Guest,2026 Q1,H,,v-175a24db-4014-523b-b0fc-54194c96e3d7
England,Lancashire,Lytham Cricket Sports Club (PMC),Lytham St Annes,FY8 5QD,Guest,2026 Q3,H,"""open to all during sporting events, public sign-in by member otherwise""",v-1eeb9ca3-ff17-56b1-8201-b90e0123d8d2
England,Lancashire,Stocks Tavern,Parbold,WN8 7NN,Perm,2026 Q3,H,,v-43f8c5b8-55b0-58aa-98cc-fef3699fe311
England,Lancashire,Bull,Poulton-le-Fylde,FY6 7DH,Perm,2026 Q3,H,,v-0b67ddb0-cbe4-5035-b8cc-2299517e872f
England,Lancashire,Hesketh Arms,Rufford,L40 1SB,Guest,2026 Q2,H,,v-80b46aa7-9588-5a45-ad24-96f24abad31d
England,Lancashire,Black Bull,Tockholes,BB3 0LL,Guest,2025 Q4,H,Home of Three Bs Brewery,v-2861940b-2f1c-5c25-a923-5190ff3b8aa0
England,Leicestershire,Mushroom Hall,Albert Village,DE11 8EN,Guest,2026 Q2,H,Rotates with Pedi,v-68d9eea7-9a49-525a-942f-1ae1c09e9057
England,Leicestershire,Black Horse,Appleby Magna,DE12 7AH,Guest,2025 Q4,H,,v-c9f94240-e4fd-5a58-b892-dc907a24d011
England,Leicestershire,Blue Bell,Ashby-de-la-Zouch,LE65 2JG,Perm,2025 Q4,H,,v-38f41236-c983-592a-9dc9-c73b335e2736
England,Leicestershire,Ivanhoe Social Club (PMC),Ashby-de-la-Zouch,LE65 2GW,Guest,2026 Q2,H,,v-6e62d9c7-aa04-5175-9a9e-cbaebb8bd359
England,Leicestershire,Plough,Ashby-de-la-Zouch,LE65 1JU,Guest,2026 Q2,H,,v-9544f8e7-832b-50cf-aeab-28934ae4f0bf
England,Leicestershire,Queens Head,Ashby-de-la-Zouch,LE65 1AH,Guest,2025 Q4,H,,v-455a0f22-c4a2-5f4f-9cc6-07f5eaad63f4
England,Leicestershire,Railway Tavern,Ashby-de-la-Zouch,LE65 2PW,Perm,2026 Q3,H,,v-99376d26-255f-5a56-bf82-18e850c579ac
England,Leicestershire,Cross Keys,Barwell,LE9 8DD,Perm,2026 Q2,H,,v-b9e27a79-683c-558f-b128-d5acbbd98a3d
England,Leicestershire,Queens Head,Belton,LE12 9TP,Guest,2026 Q3,H,,v-82777cf0-8056-52f2-a4a8-5ddd173fcfac
England,Leicestershire,Royal,Broughton Astley,LE9 6QB,Guest,2026 Q2,H,,v-ded2483d-e3d6-5fcb-b861-5cdf3b53b664
England,Leicestershire,Plough,Bruntingthorpe,LE17 5QE,Perm,2026 Q1,H,,v-e5f92e78-749b-524c-b4d7-5d92abab2099
England,Leicestershire,Constitutional Club (PMC),Burbage,LE10 2DE,Perm,2026 Q3,H,,v-81c9b5aa-f6be-589b-b9e0-b5fe40ab9ef9
England,Leicestershire,Red Lion,Burbage,LE10 2EF,Perm,2025 Q4,H,,v-2147c2d1-f406-58f5-8226-6b32e965cdd5
England,Leicestershire,Sycamores,Burbage,LE10 2EF,Perm,2026 Q3,H,,v-aae48608-f3fd-5bf4-8e5d-ae4405430ebc
England,Leicestershire,Gate Hangs Well,Carlton,CV13 0DB,Perm,2026 Q1,H,,v-37770843-214d-5aec-9864-3b50c8dba389
England,Leicestershire,Apiary,Castle Donington,DE74 2LA,Guest,2026 Q1,H,,v-a208704f-eaba-5d22-b334-4e86f70f9cd4
England,Leicestershire,Jolly Potters,Castle Donington,DE74 2NH,Perm,2026 Q2,H,,v-03bc8f64-3b00-5f13-afac-96f8eab41004
England,Leicestershire,George Inn,Coleorton,LE67 8HF,Perm,2026 Q1,H,Unable to find on CAMRA site - use Facebook,v-06c00503-a853-59d7-9f3c-6a81833d25be
England,Leicestershire,Horse and Jockey,Congerstone,CV13 6LY,Perm,2026 Q3,H,,v-f125c679-7d63-5918-bbeb-542436703866
England,Leicestershire,Railway,Countesthorpe,LE8 5TD,Guest,2026 Q1,H,,v-37ebcfb2-01d9-5d6e-9aa4-6409d19b6a39
England,Leicestershire,Plough,Diseworth,DE74 2QJ,Perm,2026 Q2,H,,v-178e9924-7d6e-5be4-a7f6-8602ed509683
England,Leicestershire,Donington Arms,Donington Le Heath,LE67 2GE,Perm,2026 Q3,H,,v-7fff2567-68e6-58dd-b061-268c6b24cbe7
England,Leicestershire,Halfway House,Donisthorpe,DE12 7PX,Perm,2026 Q2,H,,v-de4bb4cf-ba26-5249-bc8a-2d255fabb89c
England,Leicestershire,Red Lion,Earl Shilton,LE9 7LQ,Perm,2026 Q3,H,,v-1e6c0956-c0d8-5c42-9da0-9cf6b803f949
England,Leicestershire,Shilton Vaults,Earl Shilton,LE9 7NA,Perm,2026 Q1,H,,v-b8d9f35f-2695-5316-9b49-ee5e6a6c0523
England,Leicestershire,Shoulder of Mutton,Foxton,LE16 7RB,Guest,2026 Q2,H,,v-0ce3e50d-74cd-57eb-9f44-9c7e9fb7d6bd
England,Leicestershire,Glenhills Sports And Social Club (PMC),Glen Parva,LE2 9JB,Perm,2026 Q2,H,,v-70ac1347-920f-543d-950a-2efe32f28d95
England,Leicestershire,Railway,Glenfield,LE3 8BR,Perm,2026 Q2,H,,v-b48e22cf-70bc-5642-97c1-91fc1f7d693f
England,Leicestershire,Black Horse,Grimston,LE14 3BZ,Perm,2026 Q2,H,,v-696657d8-51ba-5487-b16e-7f3546bfd125
England,Leicestershire,Dew Drop Inn,Hathern,LE12 5HY,Perm,2026 Q3,H,,v-9acf6cbe-1e88-5904-af35-f28c20b53738
England,Leicestershire,Crown,Heather,LE67 2QP,Perm,2026 Q3,H,,v-6e90bbbc-26af-5e5e-9ec7-6e42bbdb1a7c
England,Leicestershire,Jolly Sailor,Hemington,DE74 2RB,Perm,2026 Q3,H,,v-b76449b3-8eb9-5c8e-9249-700762f5d8a3
England,Leicestershire,Ashby Tavern,Hinckley,LE10 1SL,Guest,2025 Q4,H,,v-37ce061c-4278-5999-9e12-18871f6248ab
England,Leicestershire,Citizens Club (PMC),Hinckley,LE10 1AE,Perm,2026 Q2,H,,v-af9dc0fc-3a8a-50ea-b904-00ad2e7e51de
England,Leicestershire,Greyhound,Hinckley,LE10 1HN,Perm,2026 Q3,H,,v-80a40ed0-e1a5-5f75-a9b5-9bf0859cdd70
England,Leicestershire,New Baron,Hinckley,LE10 0AZ,Guest,2026 Q1,H,,v-13ff4a41-2ee6-5385-ae2b-22af01b93cf9
England,Leicestershire,Pestle and Mortar,Hinckley,LE10 1DA,Perm,2026 Q3,H,,v-00a08839-2b8a-5782-b6c7-0bdce4cddb2f
England,Leicestershire,Queens Head,Hinckley,LE10 1RJ,Perm,2026 Q3,H,,v-71e35bfa-6e25-5d89-a45d-f0dc746c8d96
England,Leicestershire,Wharf Inn,Hinckley,LE10 0NQ,Guest,2026 Q2,H,,v-d63ce0bc-e06c-5cae-a586-ef5e0978d05a
England,Leicestershire,Gate Inn,Hugglescote,LE67 2HG,Perm,2026 Q3,H,,v-f20419be-325a-5f06-bbac-876206d3b735
England,Leicestershire,Ram,Ibstock,LE67 6LG,Guest,2026 Q3,H,,v-cd85cbec-e0e7-5800-9a26-83ab76cb6461
England,Leicestershire,Waggon and Horses,Ibstock,LE67 6LA,Perm,2026 Q3,H,,v-1180d481-648a-5e00-bc95-6b4c0e4693f0
England,Leicestershire,Cap and Stocking,Kegworth,DE74 2FF,Perm,2026 Q3,H/G,,v-c79188c3-7d08-555c-863c-68d48d6dd6ce
England,Leicestershire,Red Lion,Kegworth,DE74 2DA,Guest,2026 Q3,H,,v-7f64dd0a-d18a-5285-83fe-52741ba89a21
England,Leicestershire,Coach and Horses,Kibworth Harcourt,LE8 0NN,Perm,2026 Q3,H,,v-34d0ad6f-212b-560b-a6c2-59b434c9eb31
England,Leicestershire,Blackbird,Leicester: Abbey Park,LE4 0FW,Guest,2025 Q4,H,,v-7e9b8405-bcad-56e8-b09f-6bb18b7f4648
England,Leicestershire,Cricketers,Leicester: Aylestone,LE2 8AD,Guest,2026 Q2,H,,v-9db08c01-435f-5d69-acd6-b69f4bcf6d1a
England,Leicestershire,Castle,Leicester: Central,LE1 5WH,Guest,2026 Q3,H,,v-056cb1cd-9119-5f04-b907-6edd29c4349e
England,Leicestershire,Cherry Tree,Leicester: Central,LE1 4SX,Perm,2026 Q3,H,,v-8e2917d0-bd2b-5c1b-89dd-67bb7c8d5f66
England,Leicestershire,Old Horse,Leicester: Central,LE2 1NE,Guest,2026 Q2,H,,v-06881285-f96c-5a29-8e8a-360e1849ab6f
England,Leicestershire,1852 Brewery Co,Leicester: South Wigston,LE18 2DH,Perm,2026 Q1,H,Quality warnings 2026 Q1,v-a4214a8a-8fc3-5cdd-8d93-5d34d666836b
England,Leicestershire,Oat,Little Bowden,LE16 8AN,Guest,2026 Q2,H,Quality warning (May 26),v-539bf7df-26bd-5550-a414-a2b92947c993
England,Leicestershire,Old Inn,Littlethorpe,LE19 2HX,Perm,2026 Q3,H,,v-265dae46-affd-5062-a6b2-36f4d4418190
England,Leicestershire,Generous Briton,Loughborough,LE11 3AB,Perm,2026 Q3,H,,v-b0609207-be43-5211-b898-e320bafe5410
England,Leicestershire,Needle and Pin,Loughborough,LE11 5BG,Guest,2026 Q3,H,"""Once every couple of months"" (July 2026)",v-b2a1d45e-8e0b-5274-acf9-fa3a099ee5dc
England,Leicestershire,Peacock Inn,Loughborough,LE11 1AL,Perm,2026 Q2,H,,v-81b22492-143c-5193-98ab-361b21915dbb
England,Leicestershire,White Hart,Loughborough,LE11 1UD,Guest,2026 Q2,H,,v-95b88dcf-eb87-53c8-8629-a0630c553722
England,Leicestershire,Fox,Lutterworth,LE17 4BN,Guest,2026 Q2,H,,v-ff3f62d5-c10b-5e2d-806b-9768ad39bc55
England,Leicestershire,Unicorn,Lutterworth,LE17 4AE,Perm,2026 Q3,H,,v-0a4c4c27-092f-5435-af38-cbf015c51ce1
England,Leicestershire,Admiral Nelson,Market Harborough,LE16 9AX,Perm,2026 Q2,H,,v-4daa7cd1-f719-59de-b7d9-0fff79c03028
England,Leicestershire,White Hart,Measham,DE12 7LG,Perm,2026 Q2,H,,v-70415615-af92-517d-b22e-d258066aad2d
England,Leicestershire,Boat Inn,Melton Mowbray,LE13 1AF,Perm,2026 Q3,H,,v-77056a66-be9a-52b4-9bbe-fadd4e67fa6f
England,Leicestershire,Crown,Melton Mowbray,LE13 1AE,Guest,2026 Q2,H/J,,v-a335016e-08a4-5de4-a98f-2dbdb2bb3b99
England,Leicestershire,Railway Inn,Moira,DE12 6DJ,Perm,2026 Q3,H,,v-d24206aa-4b02-5048-a6b8-80360b5add02
England,Leicestershire,Rawdon Arms,Moira,DE12 6AL,Perm,2026 Q1,H,,v-4f09947a-0bd9-5b32-ae9c-bd17066e74d5
England,Leicestershire,Cross Keys,Newbold Coleorton,LE67 8PJ,Perm,2026 Q2,H,,v-b088a7b3-bc1a-5ce6-a40d-b201c951b00e
England,Leicestershire,Gelsmoor,Newbold Coleorton,LE67 8HP,Guest,2025 Q4,H,,v-353455f9-f2a2-5c28-9e4b-dbc87406aa0f
England,Leicestershire,Belper Arms,Newton Burgoland,LE67 2SE,Perm,2026 Q1,H,,v-6c418917-db16-5f58-9555-1e89e05a18ec
England,Leicestershire,Royal British Legion,Oadby,LE2 5QA,Perm,2026 Q1,H,,v-72c779fa-81b2-55c0-af15-06c7b57722e7
England,Leicestershire,Crown,Old Dalby,LE14 3LF,Perm,2025 Q4,H,,v-7ad6671f-7834-57cb-9096-bbd8d85669f1
England,Leicestershire,New Storey,Osgathorpe,LE12 9TA,Perm,2025 Q4,H,,v-6e6a3ef8-0baa-5d53-927c-a5d1b1044c85
England,Leicestershire,New Inn,Peggs Green,LE67 8JE,Perm,2025 Q4,J,,v-4288a224-ba85-52e6-9109-f4fcd9766a9a
England,Leicestershire,Anchor,Plungar,NG13 0JJ,Perm,2025 Q4,H,,v-a90efc8f-8a8b-5d51-a1a7-0acfc8419476
England,Leicestershire,Apple Tree,Quorn,LE12 8BU,Perm,2026 Q2,H,,v-ddfb023e-eca4-5ec5-bc0b-3bbc2a8c8aeb
England,Leicestershire,Manor House,Quorn,LE12 8AL,Perm,2026 Q3,H,,v-a19b34aa-f6de-58c5-8c27-314b8d16cf69
England,Leicestershire,Gate Inn,Ratcliffe Culey,CV9 3NY,Perm,2026 Q2,H,,v-cb5ee8c1-df24-54c2-9ba6-2a919ee2d15a
England,Leicestershire,Windmill Inn,Redmile,NG13 0GA,Guest,2025 Q4,H,,v-b9fbc170-13b0-57f9-9464-0116f2597289
England,Leicestershire,Woodmans Stroke,Rothley,LE7 7PD,Perm,2026 Q3,H,,v-c0a02608-e7fd-5af5-9f04-60cb38385a5b
England,Leicestershire,Blue Dog,Sewstern,NG33 5RG,Perm,2025 Q4,H,,v-f3fbb260-c795-5928-b0fe-47d33f48ea87
England,Leicestershire,Rising Sun,Shackerstone,CV13 6NN,Perm,2025 Q4,H,,v-1cd55db5-d1e4-547d-a5b5-0411990a6676
England,Leicestershire,Chandlers,Shearsby,LE17 6PL,Perm,2026 Q3,H,,v-5f2024a2-7c58-56fd-9a94-3f1066e9ccc1
England,Leicestershire,Black Swan,Shepshed,LE12 9DL,Perm,2025 Q4,H,,v-edd61b7b-25fd-5aae-8260-ca2d3e0c5025
England,Leicestershire,Horse,Shepshed,LE12 9EF,Perm,2026 Q3,H,,v-eebdc521-43a7-58d7-86cf-a32100d80904
England,Leicestershire,Horse and Trumpet,Sileby,LE12 7LP,Perm,2026 Q3,H,,v-8bf82b3e-44d5-57d8-aae9-86f083fa56c7
England,Leicestershire,Tap House,Smisby,LE65 2TA,Perm,2026 Q1,H,,v-fed988ec-6912-5b1f-a736-cecd832c8230
England,Leicestershire,Three Horseshoes,Stoke Golding,CV13 6HE,Perm,2026 Q3,H,,v-8cde8d00-9411-5b53-8eb9-fac4cce54dab
England,Leicestershire,Robin Hood,Swannington,LE67 8QQ,Perm,2026 Q2,H,,v-12016874-b271-5032-9ed9-e7c2669740f3
England,Leicestershire,Station Inn,Swannington,LE67 8RE,Guest,2026 Q1,H,,v-1d20ec43-7322-51f1-87f4-86272f796d0c
England,Leicestershire,George and Dragon,Thringstone,LE67 8UH,Guest,2026 Q2,H,,v-f51208c4-412a-5581-9e4d-cc17a72caaac
England,Leicestershire,Star,Thrussington,LE7 4UH,Guest,2026 Q1,H,,v-4d22b50b-c092-5327-b7b6-ba13dfea3e03
England,Leicestershire,Swan,Ullesthorpe,LE17 5BT,Guest,2025 Q4,H,,v-550340f5-bace-5f0d-9e9e-03d587634c4f
England,Leicestershire,Black Horse,Walcote,LE17 4JU,Perm,2026 Q2,H,,v-926efac4-fe55-551e-b125-191f29abd599
England,Leicestershire,Anchor Inn,Walton on the Wolds,LE12 8HT,Perm,2026 Q3,H,,v-bd6bb3de-ed02-51e8-abcc-6dfabb5f1bd9
England,Leicestershire,Black Horse,Whitwick,LE67 5DN,Perm,2025 Q4,H,,v-65289afd-0cc6-53a0-b6db-c2f3620317ec
England,Leicestershire,Man Within Compass,Whitwick,LE67 5AS,Perm,2026 Q2,H,,v-2cf64590-d5a5-5dde-aa18-2bb88a2e8021
England,Leicestershire,Three Horseshoes (Pollys),Whitwick,LE67 5GN,Perm,2026 Q1,H,,v-93765f1e-9190-594b-9c77-6b96456e5433
England,Leicestershire,Old Bulls Head,Woodhouse Eaves,LE12 8RZ,Perm,2026 Q2,H,Quality warning (May 2026),v-3523bd42-6eb0-59b6-8911-30887c06db82
England,Leicestershire,Three Crowns,Wymeswold,LE12 6TZ,Perm,2026 Q1,H,,v-0a6c48e0-630f-5676-bb29-f16729916bea
England,Lincolnshire,Royal Oak,Aubourn,LN5 9DT,Guest,2026 Q2,H,,v-af3b8421-13d9-59af-a20a-60d22faa409a
England,Lincolnshire,Five Horseshoes,Barholm,PE9 4RA,Perm,2026 Q2,H,,v-127772d1-4ac7-5386-bf8a-8dae262bbc03
England,Lincolnshire,Five Bells,Bassingham,LN5 9JZ,Perm,2026 Q3,H,,v-e897ef78-09c1-5f86-a813-d6050bc043bc
England,Lincolnshire,Red Lion,Broughton,DN20 0HY,Guest,2026 Q2,H,,v-1c5553ae-f896-5b2e-ae71-9e62972431bf
England,Lincolnshire,White Hart,Burgh Le Marsh,PE24 5JL,Perm,2026 Q1,H,,v-7b90e553-98bb-5704-956d-ac5077bae36a
England,Lincolnshire,Yarborough Hunt,Brigg,DN20 8NS,Guest,2025 Q4,H,,v-1fe0e66b-5d3f-51d8-93e1-0afb52d7cc6f
England,Lincolnshire,No 1 Pub,Cleethorpes,DN35 8AX,Perm,2026 Q3,H,,v-88baf1bf-439e-5f70-9c45-1cacab7a6c20
England,Lincolnshire,Signal Box,Cleethorpes,DN35 0AG,Guest,2026 Q3,H,,v-60bf53be-fa5d-5d1d-8312-0e242acae533
England,Lincolnshire,Tempest Arms,Coleby,LN5 0AG,Perm,2026 Q3,H,,v-8194a310-e6f2-5a66-a125-ab7d7f72c127
England,Lincolnshire,Crown,Glentham,LN8 2EQ,Guest,2026 Q2,H,,v-77092c69-962d-5c97-94aa-77f46ca88e4f
England,Lincolnshire,Beehive,Grantham,NG31 6SE,Perm,2025 Q4,H,,v-93eda61b-c099-5fac-83ba-752cd354e7de
England,Lincolnshire,Nobody Inn,Grantham,NG31 6NU,Guest,2026 Q1,H,,v-4cd928b7-58a2-5b97-be2a-54c98d6fd811
England,Lincolnshire,Barge,Grimsby,DN31 1NH,Perm,2026 Q3,H,Confirmed perm Aug 26,v-11bc49a7-dcc1-599f-90cf-8a904dfde143
England,Lincolnshire,Duke of Wellington,Grimsby,DN31 1QD,Guest,2026 Q1,H,,v-6b6d13f7-e246-54b9-9f62-2070c4bdaad8
England,Lincolnshire,Hope and Anchor,Grimsby,DN31 1NX,Guest,2026 Q1,H,,v-3b377d5b-3017-5d17-97cb-7265374c9398
England,Lincolnshire,Rose and Crown,Grimsby: Scartho,DN33 2HR,Guest,2026 Q1,H,,v-22be00dc-148b-58ee-bdd5-b4bcfcc5ccca
England,Lincolnshire,Bell,Halton Holegate,PE23 5NY,Guest,2026 Q1,H,"""Regular guest beer""",v-7ecdc061-3850-5388-865f-f697462bbc10
England,Lincolnshire,Nags Head,Keelby,DN41 8EF,Guest,2026 Q1,H,,v-0977d392-c24b-5079-bfce-4e3aca2dbbab
England,Lincolnshire,Golden Eagle,Lincoln,LN5 8BD,Guest,2026 Q1,H,,v-516c81ec-e064-5ab2-878d-c8025355bebf
England,Lincolnshire,Strugglers,Lincoln,LN1 3BG,Guest,2025 Q4,H,,v-06af85db-e7c2-508a-b5b6-2d3bed73d7cc
England,Lincolnshire,Tower Hotel,Lincoln,LN1 3BD,Guest,2025 Q4,H,,v-e9047638-573d-53df-994a-6bd287f5236c
England,Lincolnshire,Royal Oak,Little Cawthorpe,LN11 8LZ,Guest,2026 Q2,H,,v-f2d26093-e5ae-5c53-b055-7cdbf64a45a7
England,Lincolnshire,Boars Head,Louth,LN11 9HH,Guest,2026 Q2,H,,v-64f7c857-b9fd-51d9-8efa-dbdbac907d2a
England,Lincolnshire,Cobbles Bar,Louth,LN11 9PU,Guest,2026 Q2,H,,v-2eeb3337-a558-57ca-8f95-3662542801cf
England,Lincolnshire,Olde Whyte Swanne,Louth,LN11 9NP,Perm,2026 Q2,H,,v-5cebdfe8-553b-598e-afa8-1b1510a63c90
England,Lincolnshire,Wheatsheaf,Louth,LN11 9YD,Perm,2026 Q2,H,,v-a8358fc8-7e3f-5546-be32-b35472d438b7
England,Lincolnshire,White Horse Inn,Louth,LN11 8EG,Perm,2026 Q2,H,,v-f919086c-3b90-501a-a57e-9531ef1f8805
England,Lincolnshire,Vine,Market Deeping,PE6 8AN,Guest,2026 Q1,H,,v-5b09269f-2a90-5c3d-91a7-30a9f7ab7ab4
England,Lincolnshire,Black Horse,Nettleham,LN2 2NX,Guest,2026 Q3,H,,v-8ad8017a-37a9-5cf0-972d-0e10f27e7455
England,Lincolnshire,Bottle and Glass,Normanby,LN8 2HE,Perm,2026 Q2,H,,v-6ac38966-0828-5ba1-b8cb-c2edab36afa1
England,Lincolnshire,New Inn,North Thoresby,DN36 5QS,Guest,2026 Q2,H,,v-bb2bede7-bcfa-547b-b302-fe75e69f1abe
England,Lincolnshire,Fox and Hounds,Reepham,LN3 4DN,Guest,2026 Q1,H,,v-79e55486-096e-540b-8cdc-ac76e94f6f9c
England,Lincolnshire,Dambusters,Scampton,LN1 2SD,Guest,2025 Q4,H,,v-151c6a0f-d18e-5884-868f-b95b6d6c6f14
England,Lincolnshire,Rose and Crown,Scartho,DN33 2HR,Guest,2026 Q2,H,,v-0abe58cd-4094-5740-a354-9ecfe44df2bc
England,Lincolnshire,Scartho Bowling Club (PMC),Scartho,DN33 2ND,Guest,2025 Q4,H,,v-c454113d-0bb8-5d61-9239-d0b3b7be5c3b
England,Lincolnshire,Crafty Local Ale House,Skegness,PE25 2AH,Guest,2026 Q1,H,,v-1099e58b-6e60-5619-b6b7-d5943139f761
England,Lincolnshire,Carre Arms Hotel,Sleaford,NG34 7JP,Perm,2026 Q2,H,,v-44818631-c2ca-546d-a097-25ded2897bc1
England,Lincolnshire,Hole in the Wall,Spalding,PE11 1AT,Guest,2026 Q3,H,,v-55997300-50cf-57cd-ba3b-70422b32101f
England,Lincolnshire,Red Lion,Spalding,PE11 1SU,Perm,2026 Q3,H,,v-cc4be9e4-0760-5865-a0bd-4c279c6fc777
England,Lincolnshire,Green Man,Stamford,PE9 2YQ,Perm,2026 Q2,H,,v-8842f4ca-7548-55fc-8210-5671f0439035
England,Lincolnshire,Beach Bar,Sutton-on-Sea,LN12 2ET,Perm,2026 Q2,H,,v-6df443fa-8094-5f69-987b-9e06ac45d71c
England,Lincolnshire,Sutton Social Club (PMC),Sutton-on-Sea,LN12 2LT,Perm,2026 Q1,H,,v-02b75231-eb50-56ba-a3fc-58acca81eead
England,Lincolnshire,Crown and Anchor,Tetney Lock,DN36 5UW,Guest,2026 Q3,H,"""on regularly"" Oct 25",v-6014c479-d96a-5eaf-a7d1-3a3b68eaa7ff
England,Lincolnshire,Railway Inn,Thorpe on the Hill,LN6 9BS,Guest,2026 Q3,H,,v-308bea48-116e-53d7-92f0-61677bf4b4ce
England,Lincolnshire,Red Lion,Wellingore,LN5 0HW,Guest,2026 Q1,H,,v-c9e11474-128f-555c-8988-f4002725ad26
England,Lincolnshire,Carpenters Arms,Westwoodside,DN9 2AT,Guest,2026 Q3,H,,v-4ad99162-ec0b-5942-9dd9-ffcfc7d58c55
England,Lincolnshire,George Inn,Winterton,DN15 9PT,Perm,2026 Q2,H,,v-08e8080f-42e8-57dd-99c8-1d37f71e26cc
England,Lincolnshire,Lancaster Inn,Woodhall Spa,LN10 6ST,Guest,2026 Q1,H,,v-fd97cf72-faf0-54aa-bce6-e9fd40262cc0
England,Lincolnshire,Ivy,Wragby,LN8 5QU,Perm,2026 Q2,H,,v-4fdbbe30-ceca-579f-be80-35ec84942cdf
England,Greater London,Hand and Shears,Barbican EC1A,EC1A 7JA,Perm,2026 Q2,H,,v-2cd5a629-617c-5b91-b526-87934aee4d0c
England,Greater London,Toby Carvery,Beckenham BR3,BR3 3HQ,Guest,2026 Q1,H,,v-640a3ec6-ce7e-59da-8d9c-6073e61fb6c2
England,Greater London,Washington,Belsize Park NW3,NW3 4UE,Perm,2026 Q1,H,,v-6a9f4899-30a2-5547-bd63-f6b3a619de3c
England,Greater London,Kings Arms,Bethnal Green E2,E2 6EY,Guest,2026 Q3,H,"""rotation; every few months or so""",v-2a7a5a49-6d37-59f0-b157-ae0bb3fdcb0b
England,Greater London,Black Friar,Blackfriars EC4V,EC4V 4EG,Perm,2026 Q2,H,,v-135d3035-b596-53c6-8c4d-0414770ab49f
England,Greater London,Railway,Blackheath SE3,SE3 9LE,Perm,2026 Q1,H,,v-19004299-a349-5ac8-8b9c-fc7322612211
England,Greater London,Royal Standard,Blackheath SE3,SE3 7JQ,Guest,2026 Q3,H,,v-3d5a1f1a-f4e1-5ac3-989d-37dd14f29688
England,Greater London,Lord Clyde,Borough SE1,SE1 1ER,Perm,2026 Q2,H,,v-5a95a168-a3c7-5982-9894-f43159860666
England,Greater London,Ship,Borough SE1,SE1 1DX,Guest,2026 Q3,H,,v-856326d7-01df-540b-844b-ed814125487b
England,Greater London,Express Tavern,Brentford TW8,TW8 0EW,Perm,2026 Q3,H,,v-759334c0-b5fe-5f5b-ba51-143fad86ee71
England,Greater London,Crown Tavern,Clerkenwell EC1R,EC1R 0EG,Guest,2026 Q1,H,,v-8e9d5935-31f8-5f60-8cb8-48ca3ce652d7
England,Greater London,White Hart,Crystal Palace SE19,SE19 2EZ,Perm,2026 Q3,H,,v-f3585e2e-c407-55f1-92d3-15438d5e9cd6
England,Greater London,Park Tavern,Eltham SE9,SE9 5DA,Guest,2025 Q4,H,,v-7e253d83-3630-5991-8d7c-2826a5cff194
England,Greater London,Castle,Farringdon EC1M,EC1M 6DB,Guest,2026 Q1,H,,v-50323fa5-8304-5c72-972b-8d83a5347feb
England,Greater London,Jackalope,Fitzrovia W1G,W1G 7EQ,Guest,2026 Q1,H,,v-94f8ab82-2c06-58c9-8f82-839909efc207
England,Greater London,Green Man,Fitzrovia W1W,W1W 7EP,Guest,2026 Q2,H,,v-bce3e3e9-f10b-5024-b926-e52be4c9aeba
England,Greater London,Gipsy Moth,Greenwich SE10,SE10 9BL,Guest,2026 Q3,H,,v-9deb64c7-aa8b-5896-a1c7-625f80fd50fc
England,Greater London,Observatory,Greenwich North SE10,SE10 0DY,Guest,2025 Q4,H,,v-e857350c-4542-52a4-9ce4-b96a8b968f17
England,Greater London,Swan,Hammersmith W6,W6 0DZ,Guest,2025 Q4,H,,v-96145f00-98dc-5156-9107-87f8a8d393f9
England,Greater London,Fox,Hanwell W7,W7 2PJ,Perm,2026 Q2,H,,v-995e22b2-23af-510c-b426-397671b7f6dd
England,Greater London,Duke of St Albans,Highgate NW5,NW5 1QX,Guest,2026 Q1,H,,v-31b7b1f6-77b9-5cb5-a0ad-4d8dd163894c
England,Greater London,Winchester,Highgate N6,N6 5BA,Perm,2026 Q2,H,,v-32292597-5327-5dc9-8b92-c9d1f100e51a
England,Greater London,Macbeth,Hoxton N1,N1 6LP,Perm,2026 Q2,H,,v-f27abe13-4a8d-532e-a994-a395b08b9c07
England,Greater London,Compton Arms,Islington N1,N1 2XD,Guest,2026 Q3,H,,v-5616593b-8a99-527f-97aa-bb5eb490b5dd
England,Greater London,Hen and Chickens,Islington N1,N1 2NA,Guest,2026 Q1,H,,v-90e9e12b-90b5-53e5-bc5c-3d46371e3d91
England,Greater London,Island Queen,Islington N1,N1 8HD,Guest,2026 Q3,H,,v-c3c6a0c9-ece6-5d38-911c-a19caae36408
England,Greater London,Drayton Arms,Kensington SW5,SW5 0LJ,Guest,2025 Q4,H,,v-5257d2e7-8145-5a04-b9f4-df7c64865f97
England,Greater London,Mall Tavern,Kensington W8,W8 4RU,Guest,2026 Q1,H,,v-09a66ddd-fb90-590c-87ed-b8c57b96ff41
England,Greater London,Bear and Staff,Leicester Square WC2H,WC2H 7AX,Guest,2025 Q4,H,,v-7f81b9c6-a044-51d2-952f-c0d4fb4c2f51
England,Greater London,Rake,London Bridge SE1,SE1 9AG,Guest,2025 Q4,H,,v-f71811e8-d2fa-5386-97c2-4498f23d48c5
England,Greater London,Williamsons Tavern,Mansion House EC4M,EC4M 9EH,Guest,2026 Q2,H,,v-fd115553-cf17-5115-8e6d-d1b1d77c52dd
England,Greater London,Ship,Monument EC3V,EC3V 0BP,Guest,2026 Q3,H,,v-6512be82-eaf9-5497-a883-facd3ddd1b60
England,Greater London,Railway Tavern,Richmond TW9,TW9 1DN,Guest,2025 Q4,H,,v-ef979f54-ac3e-5feb-b2be-31a38112e58e
England,Greater London,Woodman,Ruislip,HA4 7SE,Guest,2025 Q4,H,,v-972262d8-2123-5b03-ac18-53bc56b2cb93
England,Greater London,Clachan,Soho W1B,W1B 5QH,Guest,2026 Q1,H,,v-60c963ee-8aa8-5392-95bc-ef90d15abb5e
England,Greater London,Argyll Arms,Soho W1F,W1F 7TP,Guest,2026 Q2,H,,v-e68ede49-f87d-5c23-ba09-269eafa95b85
England,Greater London,Crown and Two Chairmen,Soho W1D,W1D 3SB,Guest,2026 Q3,H,,v-e1ce989b-4625-5d8d-93a9-1c92fad41e6a
England,Greater London,Devonshire,Soho W1D,W1D 7HW,Guest,2026 Q2,H,,v-fa3089d7-c4fd-5718-a3dd-1cb08d6e6efb
England,Greater London,Lyric,Soho W1D,W1D 7LT,Guest,2026 Q1,H,,v-99323f9b-d7d1-52dd-983f-88664b7f99b0
England,Greater London,Ye Olde Watling,St Pauls,EC4M 9BR,Guest,2026 Q3,H,,v-839b62df-ea58-53d1-9b38-174b5695addc
England,Greater London,Duchess,Stamford Brook,W6 0XF,Guest,2026 Q1,H,,v-e81d21cc-04bb-56f0-9987-0d081b8c6d47
England,Greater London,Coach and Horses,Stoke Newington N16,N16 7JL,Guest,2026 Q2,H,,v-efc2da67-492d-5b1d-a964-d773328a09df
England,Greater London,Railway,Streatham SW16,SW16 5SD,Guest,2026 Q1,H,,v-5484c00f-b349-5ea4-a378-8ab7b98cb386
England,Greater London,Dolphin,Sydenham SE26,SE26 5HB,Guest,2025 Q4,H,,v-d3613a8d-2c5b-50c5-83fb-fcd0902c9c14
England,Greater London,Flowerpot,Walthamstow E17,E17 3HX,Perm,2025 Q4,H,,v-42bee9d3-42f7-57d3-94c2-addff8ba2a4b
England,Greater Manchester,Ladybrook,Bramhall,SK7 2NP,Guest,2026 Q2,H,,v-135ca874-2542-5da4-a0b9-7c783ceb513e
England,Greater Manchester,White Hart,Cheadle,SK8 1PX,Perm,2026 Q1,H,,v-53f97947-824b-5e72-b0dc-68455d481ce3
England,Greater Manchester,Heaton Hops,Heaton Chapel,SK4 5DE,Guest,2026 Q1,H,,v-0d158b4e-ec82-5f08-9ed0-6913ee6c4c29
England,Greater Manchester,Plough,Heaton Moor,SK4 4NZ,Guest,2025 Q4,H,,v-81717618-fc1c-5f8d-97b2-a3cace3caad0
England,Greater Manchester,Rams Head,Lowton,WA3 2EY,Guest,2026 Q2,H,,v-24865350-c8b8-5220-878f-27452e3d1a13
England,Greater Manchester,Bay Horse,Manchester: Central,M4 1NA,Guest,2026 Q3,H,,v-fc135083-8abe-55be-9e39-9ffd628c7aea
England,Greater Manchester,Britons Protection,Manchester: Central,M1 5LE,Perm,2026 Q3,H,,v-2a149c38-2364-5f19-b6ec-22707a1c00e4
England,Greater Manchester,Unicorn,Manchester: Central,M4 1PN,Guest,2026 Q3,H,Regular quality warnings,v-494b3af4-e3ee-5247-ac00-5a6740924868
England,Greater Manchester,Waldorf,Manchester: Central,M1 3AQ,Guest,2026 Q1,H,,v-fb5ddb66-cc8e-53b3-bed6-c35c165091be
England,Greater Manchester,Commercial,Mossley,OL5 0AA,Guest,2025 Q4,H,,v-55927154-ec6c-5e25-94d7-695b2a12cdfd
England,Greater Manchester,Fox and Pine,Oldham,OL1 1AD,Perm,2026 Q3,H,,v-589d300c-8a09-531b-8f26-090bc1fff390
England,Greater Manchester,Anglesey,Salford,M3 5DF,Guest,2026 Q1,H,,v-baab4f7f-7a7e-57bd-b902-8967f59f3867
England,Greater Manchester,New Oxford,Salford,M3 6DB,Perm,2026 Q3,H,,v-abda00ef-a4bb-5ea5-a557-3d00df490a69
England,Greater Manchester,Crown,Stockport,SK4 1AR,Perm,2026 Q2,H,New owners same as Petersgate Tap,v-3ccc5b2c-c537-58ea-98a8-a45d3bb0950c
England,Greater Manchester,Wellington,Stockport,SK1 3RU,Perm,2026 Q2,H,,v-1cc54278-a60b-52ae-9932-bc6fa1523f3c
England,Greater Manchester,White Lion,Stockport,SK1 1LW,Guest,2026 Q2,H,,v-492dd39d-6b99-5214-aff3-fff232eb1421
England,Greater Manchester,Ye Olde Vic,Stockport,SK3 9ED,Guest,2025 Q4,H,,v-514e662c-0e07-5721-b4e9-5d1d6faa1e3c
England,Greater Manchester,Swan and Railway,Wigan,WN1 1BA,Perm,2026 Q3,H,,v-a47a6a56-343d-53ea-b949-31dde357896e
England,Merseyside,Irby Mill,Greasby,CH49 3NT,Guest,2026 Q3,H,,v-67ba7177-95d2-5265-a5a8-f4c122e518e6
England,Merseyside,Twelve Sixty,Hoylake,CH47 2AE,Guest,2026 Q1,H,,v-4898455e-2503-5f64-a125-2c4bd6530cd8
England,Merseyside,Twelve-Sixty Bar and Lounge,Liscard,CH44 5XH,Perm,2026 Q1,H,,v-d2c88a67-ea42-5c82-b9dd-08510511f068
England,Merseyside,Jawbone,Liverpool: Bootle,L20 3BZ,Guest,2026 Q3,H,,v-0a1afb42-ef83-5d3a-ac66-0f68788a05b3
England,Merseyside,h,Angel Inn,L1 4HY,Guest,2026 Q3,H,Liverpool: Central,v-e858500e-57b1-5f35-a2db-01176fca3432
England,Merseyside,Black Cat Bar,Liverpool: Central,L1 4JN,Perm,2026 Q3,H,,v-152d1ab1-df05-55e1-a620-e4f9d08cdfd6
England,Merseyside,Crown Hotel,Liverpool: Central,L1 1JQ,Guest,2026 Q3,H,,v-d87d7238-4c39-56eb-8021-0599d9585515
England,Merseyside,Excelsior,Liverpool: Central,L2 2JH,Guest,2026 Q2,H,,v-cc32325c-cebe-5693-a6d1-db2e22522ecf
England,Merseyside,Monro,Liverpool: Central,L1 5AG,Guest,2026 Q1,H,Quality warning 2025 Q3,v-05f63181-ba5a-5063-9c9f-09ede7663351
England,Merseyside,Philharmonic Dining Rooms,Liverpool: Central,L1 9BX,Guest,2026 Q2,H,,v-3acebbc1-6350-590f-b5f3-e933c8e984a0
England,Merseyside,Vernon Arms,Liverpool: Central,L2 2HJ,Guest,2026 Q1,H,Downgraded to guest as twice reported unavailable 2025 Q4,v-0e1ce8ac-6976-55a6-82ba-b865efc19eac
England,Merseyside,White Star,Liverpool: Central,L2 6PT,Guest,2026 Q1,H,,v-b2a14ff0-2325-5d47-8ddf-2b64e60faf3d
England,Merseyside,George,Liverpool: Crosby,L23 2SE,Perm,2026 Q3,H,,v-8131d496-39be-5f8f-a17d-b58660aeda1b
England,Merseyside,Black Cat,Liverpool: Mossley Hill,L18 8AG,Guest,2026 Q3,H,Confirmed as guest in this one. Same owners as the BC in the centre,v-01386b13-1f71-5e2b-ac42-1431c3dacb83
England,Merseyside,Town Hall,Liverpool: Wavertree,L15 8HF,Perm,2026 Q2,H,,v-e7bad941-21fe-54ea-ac10-8e31c62bd593
England,Merseyside,Village Cat,Liverpool: Woolton,L25 7RA,Perm,2026 Q3,H,Brand new opener Aug 2026 - same owners as Black Cat in the centre,v-2866301e-8347-50ee-9816-745050ab13d2
England,Merseyside,Magazine Hotel,New Brighton,CH45 1HP,Perm,2026 Q3,H,,v-c11c9064-4284-55d3-96b2-678183c5925e
England,Merseyside,Cleveland Arms,New Ferry,CH62 5BE,Perm,2026 Q3,H,,v-bf6b080a-042f-53df-971f-d707cdd8978a
England,Merseyside,Royal Alfred,St Helens,WA10 1DH,Guest,2025 Q4,H,,v-48cab139-c2e8-5499-9bba-460c654aca30
England,Merseyside,Guest House,Southport: Central,PR9 0QF,Guest,2026 Q3,H,,v-7cf2d126-509d-589d-9dee-d89d58765eff
England,Merseyside,Sinclairs,Southport: Central,PR9 0AN,Perm,2026 Q3,H,,v-67d836a8-7aa6-5e3e-864e-ac9d1a8b75c1
England,Merseyside,Windmill,Southport: Central,PR9 0EL,Guest,2026 Q2,H,,v-55306edf-b035-527e-ad38-663d0474547c
England,Norfolk,Fat Cat,Norwich,NR2 4NA,Guest,2026 Q2,H,,v-282b4121-c19d-51ad-bb24-ee3aa2de5f0d
England,Norfolk,Garden House,Norwich,NR2 3HD,Perm,2026 Q2,H,Perm 'so long as delivery arrives!',v-e04311ec-88d7-51a3-8fbd-9a2d667025ca
England,Northamptonshire,Midland Band Social Club,Kettering,NN16 9RG,Guest,2026 Q3,H,,v-a748dc26-69b2-5934-9c3d-903dac12e2a5
England,Northamptonshire,Old Red Lion,Litchborough,NN12 8JF,Perm,2026 Q2,H/G/J,,v-b14c46ca-8a21-58ee-a8ef-19a530de2799
England,Northamptonshire,Malt Shovel,Northampton,NN1 1QF,Guest,2026 Q2,H,,v-bce902a8-ea2b-5c24-86c9-3c7c4f5dd04f
England,Northamptonshire,Rushden Historic Transport Society,Rushden,NN10 0AW,Guest,2026 Q3,H,,v-160fbb94-1552-5a9a-94ae-942b4861aa2b
England,Northamptonshire,Red Lion,Thornby,NN6 8SJ,Guest,2025 Q4,H,"""I struggle to get hold of it from suppliers""",v-06021ccc-51c7-5f17-9c7d-7e64c9eb58d5
England,Northumberland,Barrels,Berwick-upon-Tweed,TD15 1ES,Guest,2026 Q3,H,,v-010d8a48-af7d-53c4-ab1b-ad68ad7c1c1c
England,Northumberland,Joiners Arms,Morpeth,NE61 1XZ,Perm,2026 Q3,H,,v-616d4c5c-be34-59fb-b716-0ce10d322ac5
England,Nottinghamshire,Chequers,Beeston,NG9 4AF,Guest,2026 Q1,H,,v-2de0bb85-bfc1-57c5-8db5-4eb99ac5bdfa
England,Nottinghamshire,Martins Arms,Colston Bassett,NG12 3FD,Perm,2026 Q3,H,,v-266abb0a-a295-51bf-a246-e258c7af258a
England,Nottinghamshire,Nags Head,East Leake,LE12 6PG,Guest,2026 Q2,H,,v-0708e496-253a-5e03-bd2f-6168fbb27ee7
England,Nottinghamshire,Pick & Davy,Eastwood,NG16 3GS,Guest,2026 Q2,H,,v-3dbfba46-80e3-56c7-81e7-9e3e0dad505a
England,Nottinghamshire,Caught and Bowled,Giltbrook,NG16 2GG,Guest,2026 Q3,H,"""guest beer which he has twice a month""",v-aa3471ae-ad37-5208-8523-f8231e943888
England,Nottinghamshire,Woodlark,Lambley,NG4 4QB,Guest,2026 Q3,H,,v-3b524b79-71ce-545d-bdaa-e1c9ee89fe96
England,Nottinghamshire,Worlds End,Lowdham,NG14 7AT,Perm,2026 Q2,H,,v-fb33af27-f124-54bc-a72a-73b8a4e7f888
England,Nottinghamshire,Brown Cow,Mansfield,NG18 2JA,Guest,2026 Q1,H,,v-bc7a8cb1-e9eb-558a-b040-fa088ecd86ff
England,Nottinghamshire,Greyhound,Mansfield,NG19 8BD,Guest,2026 Q3,H,,v-92423ecf-1b34-5b41-902a-9213e47f7aaf
England,Nottinghamshire,Stella Taps,Mansfield,NG18 4AL,Guest,2026 Q2,H,,v-d9e0eb61-f9f5-5a93-8e14-a75dc459b5d9
England,Nottinghamshire,Pit,Newstead,NG15 0BU,Guest,2026 Q2,H,,v-8568c5e5-73b5-586a-bda1-0d7da959896b
England,Nottinghamshire,Loose Cannon,Newark,NG24 1AN,Guest,2026 Q1,H,,v-3475b2ff-bed7-56ce-88ef-d024ff70524b
England,Nottinghamshire,Navigation,Newark,NG24 4TS,Perm,2026 Q2,H,,v-7c5832aa-d803-5bf0-811f-2fc6d351f330
England,Nottinghamshire,Brew Tavern,Nottingham: Central,NG2 3AS,Perm,2026 Q3,H/B,Available Banked,v-9f45e2cc-e10a-59dc-9286-43bc11440990
England,Nottinghamshire,Bunkers Hill,Nottingham: Central,NG1 1FP,Guest,2026 Q2,H,,v-5dfd82ea-b3f9-5923-848e-e4bf5fc5c9fc
England,Nottinghamshire,Hand and Heart,Nottingham: Central,NG1 5BA,Guest,2026 Q3,H,,v-07fb1390-e646-5d4e-977b-e66ce29a79d9
England,Nottinghamshire,Keans Head,Nottingham: Central,NG1 1QA,Guest,2026 Q2,H,,v-e7d4f9c3-ee63-596f-9098-c62fde1d69d2
England,Nottinghamshire,Roundhouse,Nottingham: Central,NG1 6FS,Guest,2026 Q1,H,,v-8c80b729-ceaf-5912-ab4a-1b51de2fb3f8
England,Nottinghamshire,Three Crowns,Nottingham: Central,NG1 6LD,Guest,2026 Q1,H,,v-3d5087bc-6b35-594c-9de7-5c3bb759802e
England,Nottinghamshire,Trent Navigation,Nottingham: Central,NG2 3HS,Perm,2026 Q3,H,,v-db7d725b-d3e5-5443-aec0-3dab78a19eae
England,Nottinghamshire,VAT and Fiddle,Nottingham: Central,NG2 1NB,Perm,2026 Q1,H,,v-c2101302-1af3-5173-a708-50397fd5ac92
England,Nottinghamshire,Bread and Bitter,Nottingham: Mapperley,NG3 5JL,Guest,2026 Q2,H,,v-16ac6d8a-6dc0-5535-aae6-0cc85e773d54
England,Nottinghamshire,Lion,Nottingham: New Basford,NG7 7FQ,Perm,2026 Q3,H,,v-7860bb0f-0624-57b4-b298-427b0b8e62fb
England,Nottinghamshire,Apple Tree,Nottingham: West Bridgford,NG2 7PA,Guest,2026 Q3,H,,v-03279c6a-dd48-5406-8fd1-8f3e7a5a8ccd
England,Nottinghamshire,Stratford Haven,Nottingham: West Bridgford,NG2 6BA,Guest,2026 Q2,H,,v-f9c0e9cd-e7eb-554a-8fce-a15454327846
England,Nottinghamshire,Royal Oak,Radcliffe on Trent,NG12 2FD,Guest,2026 Q1,H,,v-d5c918e1-5732-5fe7-b4d7-a5532b992d8e
England,Nottinghamshire,White Lion,Rempstone,LE12 6RH,Perm,2026 Q3,H,,v-a6b287e2-41f5-57f4-84af-1d99d4300338
England,Nottinghamshire,Victoria Tavern,Ruddington,NG11 6EQ,Perm,2026 Q1,H,,v-02756f1a-b887-530b-8d6e-0bb8c3a25a11
England,Nottinghamshire,Blue Bell,Sandiacre,NG10 5DF,Perm,2026 Q2,H,,v-2d4ccddd-3368-5ba5-9bca-109bb030fc98
England,Nottinghamshire,Horse and Jockey,Selston,NG16 6FB,Guest,2026 Q3,H,"""very regular guest"" (Sep 25)",v-6ff1af18-0bdf-512e-bb3d-6c5317a59334
England,Nottinghamshire,Earl of Chesterfield Arms,Shelford,NG12 1EQ,Guest,2026 Q3,H,,v-1dbfdcda-d5a4-5519-969f-979e11cc3ec5
England,Nottinghamshire,Final Whistle,Southwell,NG25 0ET,Perm,2025 Q4,H,,v-d7f9aaa5-6a8f-5c14-ae38-74a59ed849f2
England,Nottinghamshire,Staunton Arms,Staunton in the Vale,NG13 9PE,Perm,2026 Q3,H,,v-3d45b887-884b-518b-b14f-3343d73e77f0
England,Nottinghamshire,Kings Head,Sutton Bonington,LE12 5PE,Perm,2026 Q1,H,,v-440ca4d2-973b-5646-9501-536f739eb035
England,Nottinghamshire,Watermill (Toby Carvery),Sutton in Ashfield: Central,NG17 4NE,Guest,2025 Q4,H,,v-444a3a15-9a26-5652-b8cb-ea65767abf56
England,Nottinghamshire,Market Inn,Sutton in Ashfield: Huthwaite,NG17 2QW,Guest,2026 Q2,H,,v-73be82e0-fefe-5a10-8477-292bbe39ae23
England,Nottinghamshire,Red Lion,Thurgarton,NG14 7GP,Perm,2026 Q1,H,,v-22e13ff5-0d8e-59b6-853c-956c182fbb58
England,Nottinghamshire,Star Inn,West Leake,LE12 5RQ,Perm,2025 Q4,H,,v-430d3dcb-58d2-5472-a4f9-30ceea9f9341
England,Nottinghamshire,Plough,Wysall,NG12 5QQ,Perm,2026 Q3,H,,v-2464a15c-36d6-5352-a32a-fb781a6437e5
England,Oxfordshire,Barley Mow,Banbury,OX16 1SS,Guest,2026 Q1,H,,v-a033241e-ec7b-5435-b083-caa54dcd0db0
England,Oxfordshire,Easington,Banbury,OX16 9JU,Guest,2026 Q1,H,,v-f4485d10-20f9-5178-a539-cbade7e5b9a3
England,Oxfordshire,Three Pigeons,Banbury,OX16 2ED,Guest,2026 Q1,H,"""once a month"" (Aug 2025)",v-b4916b53-ec20-5959-b400-0763b4d59f04
England,Oxfordshire,Crown,Chilton,OX11 0RZ,Perm,2026 Q3,H,,v-af82b0b4-d728-5ebd-9e79-5cfff50d98cc
England,Oxfordshire,Black Horse,Gozzards Ford,OX13 6JH,Guest,2026 Q3,H,,v-c7a13100-edc5-57a1-9f94-29a2a28c21c1
England,Oxfordshire,Chequers,Oxford: Central,OX1 4DH,Guest,2026 Q2,H,,v-aeb9d9e6-0cae-54ac-9e8c-eaac2a085f36
England,Oxfordshire,Crown,Oxford: Central,OX1 3HB,Guest,2025 Q4,H,,v-c2444f01-e722-553c-8aba-198828ded1de
England,Oxfordshire,White Horse,Oxford: Central,OX1 3BB,Perm,2026 Q3,H,,v-8802e318-5783-5125-b7fb-eba44264f1dc
England,Oxfordshire,Britannia,Oxford: Headington,OX3 7AA,Guest,2025 Q4,H,,v-0d40f5d9-facd-5ab9-97f6-790635fc6074
England,Oxfordshire,Star,Oxford: St Clements,OX4 1BU,Guest,2026 Q2,H,,v-19fbdb30-c92b-5c79-831a-6a7ab0c194fb
England,Oxfordshire,Dew Drop Inn,Oxford: Summertown,OX2 7DX,Guest,2025 Q4,H,,v-bde6c78b-c336-58d3-8ed3-1b619b4ee470
England,Oxfordshire,Cross Keys,Wallingford,OX10 0DB,Guest,2026 Q1,H,"""very regular guest beer""",v-8588f8fe-f1e5-5210-89c3-92f39c2f27a8
England,Rutland,Blue Bell,Belmesthorpe,PE9 4JG,Perm,2026 Q2,H,,v-4e4ef468-6834-5d3a-930b-829b6e75d91a
England,Rutland,Crown,Great Casterton,PE9 4AP,Perm,2026 Q1,H,,v-dc3f2dcb-ee6f-59fa-8966-a9fab3cfca5b
England,Rutland,Lord Nelson,Oakham,LE15 6DT,Perm,2026 Q3,H,,v-3fe24d4a-5e58-5562-b4a3-32794f54f640
England,Rutland,Vaults,Uppingham,LE15 9QH,Guest,2025 Q4,H,,v-c9ac6a05-bf21-50d8-b56a-c1fd38073c7b
England,Shropshire,Bear Inn,Bridgnorth,WV16 4ER,Guest,2026 Q2,H,,v-77bfd415-1ea1-52ef-8f2d-e150d84689bf
England,Shropshire,Royal Oak (The Tiddly),Ellerdine Heath,TF6 6RL,Guest,2026 Q1,H,,v-379ea64d-386c-5b45-be0f-561f501307aa
England,Shropshire,Red Lion,Great Chatwell,TF10 9BJ,Guest,2026 Q3,H,,v-fc84c170-1f47-59d9-b45d-97825e8b5016
England,Shropshire,Queens,Horton,TF6 6DW,Guest,2025 Q4,H,,v-a0b27855-fd7c-5e39-81ee-af0d9698a73e
England,Shropshire,Green Dragon,Little Stretton,SY6 6RE,Guest,2026 Q2,H,,v-0ea4ff2b-6cc3-5c90-964b-7ec2d97e82e3
England,Shropshire,Stag and Scotch,Newport,TF10 7AU,Perm,2026 Q3,H,,v-edc8f276-3049-5f97-8451-b8485dd8a53b
England,Shropshire,Horse and Jockey,Northwood,SY4 5NN,Guest,2025 Q4,H,,v-c29faf4a-f11c-53db-a191-87b14dea57f4
England,Shropshire,Station Hotel,Oakengates,TF2 6DU,Guest,2026 Q3,H,,v-c9bae399-7696-5a46-8c47-42407b30535a
England,Shropshire,Prince of Wales,Shrewsbury: Belle Vue,SY3 7NZ,Guest,2026 Q3,H,,v-c312b191-5dc8-5838-96d7-aa96c0aa1f8e
England,Shropshire,Kings Head,Shrewsbury: Central,SY1 1PP,Perm,2025 Q4,H,,v-8590dcc6-31ad-517a-bf81-afcbca16d3d6
England,Shropshire,Cross Foxes,Shrewsbury: Coleham,SY3 7DE,Perm,2026 Q3,H,,v-d43b5ef8-7af5-5728-9a3a-e93e2dbed275
England,Shropshire,Woodman,Shrewsbury: Coton Hill,SY1 2DZ,Perm,2026 Q3,H,,v-4507f719-35b6-516e-88fc-710fde2fccf4
England,Shropshire,Red Lion,Shrewsbury: Harlescott,SY1 4AB,Guest,2025 Q4,H,,v-fbbca499-772f-50be-8fe1-9e90bdc1fc7c
England,Shropshire,Wheatsheaf Hotel,Whitchurch,SY13 1AD,Perm,2025 Q4,H,"""now and again""",v-e47f59cf-447a-50fc-b24d-67f8b13b54a4
England,Somerset,Coeur de Lion,Bath,BA1 5AR,Perm,2026 Q3,H,,v-58e8a0e8-7f7f-548d-8f11-21a0a57db8e9
England,Somerset,Curfew Inn,Bath,BA1 5DG,Perm,2026 Q2,H,,v-7e5320ea-a764-56c1-8a12-6f8f07513841
England,Somerset,Ring o Bells,Bath,BA2 4JT,Perm,2025 Q4,H,,v-c9ab2529-04e8-5a66-a5bd-9280643cab45
England,Somerset,Star Inn,Bath,BA1 5NA,Perm,2026 Q3,G/H,,v-41872833-8a84-5bab-b1fa-991f9dc796c1
England,Somerset,Trinity,Bath,BA1 2DA,Perm,2025 Q4,H,,v-1c738e6e-5b59-5609-b777-bf14e0038c2b
England,Somerset,Volunteer Rifleman's Arms,Bath,BA1 1BH,Guest,2026 Q2,H,,v-7e74ffed-26f2-5cf1-be58-427561eec61b
England,Somerset,Somerset and Dorset,Burnham-on-Sea,TA8 1NZ,Guest,2026 Q2,H,,v-6f77cbc4-dc76-59ba-a8ab-1c135bf8ce8d
England,Somerset,Old Down Inn,Emborough,BA3 4SA,Perm,2025 Q4,H,,v-14061bf4-822e-5fad-af95-e998a3002dba
England,Somerset,Martlet Inn,Langford Budville,TA21 0QZ,Guest,2025 Q4,H,,v-d6fa8566-dd7e-5e5d-a64c-558fac9f882a
England,Somerset,White Hart,Midsomer Norton,BA3 2HQ,Perm,2026 Q2,H,,v-95bd3b66-7c97-5ae3-8743-864f7967c9cc
England,Somerset,Clarence House,Portishead,BS20 6PY,Guest,2025 Q4,H,,v-49e3e68c-f2ec-5f5d-b504-ac129facd846
England,Somerset,Ship Inn,Portishead,BS20 8JT,Perm,2025 Q4,H,Landlord Vic built the pub and has run it since 1973!,v-5193fa87-1714-5340-9cd7-5f5f2eb6c9f5
England,Somerset,Bell,Standerwick,BA11 2PR,Guest,2026 Q1,H,,v-8a764607-ea97-5632-86d2-fa06d2ef61b9
England,Somerset,Pebbles Tavern,Watchet,TA23 0AN,Guest,2026 Q2,H,,v-87d62c18-2ada-5403-86fd-2030a2b69ad1
England,Somerset,Vintage Inn,Wellington,TA21 8AQ,Perm,2026 Q2,H,,v-04c971fc-6646-5fad-9f65-73aeaa81b2f6
England,Somerset,Crossways Inn,West Huntspill,TA9 3RA,Guest,2026 Q2,H,,v-a8485c5d-3d4a-57e4-ac77-6e1235d3eeb1
England,Somerset,Black Cat,Weston-super-Mare,BS23 1HN,Perm,2026 Q2,H,,v-60414af9-54e3-5075-b0a3-e31c8c5e73a3
England,Somerset,White Hart,Weston-super-Mare,BS23 1RY,Perm,2026 Q2,H,,v-1a211933-ee05-5ca1-afee-2069486e4c56
England,Somerset,Butchers Arms,Yatton,BS49 4JD,Guest,2025 Q4,H,,v-c1b553e8-3000-58a3-936d-72a1aa994e93
England,Staffordshire,Crown,Abbots Bromley,WS15 3BS,Perm,2026 Q1,H,,v-4bcf413a-ab40-58f5-823f-da3f42afc91f
England,Staffordshire,Goats Head,Abbots Bromley,WS15 3BP,Perm,2026 Q3,H,,v-84e7f044-8f38-5317-9255-08279e728ad6
England,Staffordshire,Crown Inn,Alrewas,DE13 7BS,Perm,2026 Q3,H,,v-0bdbb0ff-6b77-5ebe-90b6-b674f7bf75c6
England,Staffordshire,Plum Pudding,Armitage,WS15 4AZ,Guest,2026 Q2,H,,v-5c24d06c-1aa0-5399-826e-81bdc7e18289
England,Staffordshire,Stafford Arms,Bagnall,ST9 9JR,Perm,2026 Q2,H,,v-c56b8efe-2045-5f80-b918-bce5f4ec32c0
England,Staffordshire,Sheet Anchor,Baldwins Gate,ST5 5BU,Perm,2026 Q3,H,also known as The Blockhouse,v-1f980acc-ae24-543c-9afc-40840f5ecc91
England,Staffordshire,Bowls Club (PMC),Barton-under-Needwood,DE13 8AX,Perm,2026 Q2,H,,v-914a7527-30f1-5b36-acce-5b36c7210041
England,Staffordshire,Middle Bell,Barton-under-Needwood,DE13 8AA,Guest,2026 Q2,H,,v-2dcd6fcc-9d91-5181-b91c-7be8dbc2e64c
England,Staffordshire,Royal Oak,Barton-under-Needwood,DE13 8JD,Guest,2026 Q3,H,,v-a471651e-4645-5cf5-9e8e-022f78f3f939
England,Staffordshire,Shoulder of Mutton,Barton-under-Needwood,DE13 8AA,Perm,2026 Q3,H,,v-8b99896d-af7b-5f1d-a6aa-6abc98b1ae60
England,Staffordshire,Three Horseshoes,Barton-under-Needwood,DE13 8DR,Perm,2026 Q3,H,,v-84cdc7ac-376d-5172-a8f8-6b618c1597cc
England,Staffordshire,Two Pigs,Barton-under-Needwood,DE13 8AA,Perm,2026 Q2,H,,v-1609cb4c-f51b-5a94-a5bc-6f1636395521
England,Staffordshire,Waterfront,Barton-under-Needwood,DE13 8AS,Guest,2026 Q1,H,,v-e5b5b588-c46c-5c56-bd76-758f3c2cf5a8
England,Staffordshire,Swan,Betley,CW3 9AB,Perm,2026 Q1,H,,v-444bb5a4-de1a-5908-9f72-6b0a17eecae8
England,Staffordshire,Roaring Meg,Biddulph,ST8 7EA,Guest,2026 Q2,H,,v-912ad3bb-befd-535b-b0c3-30ad8236317c
England,Staffordshire,Royal Oak,Biddulph,ST8 6BL,Perm,2026 Q1,H,,v-a78f048e-9c8e-501e-abf7-0047e015bae7
England,Staffordshire,Staffordshire Knot,Biddulph,ST8 6RG,Guest,2026 Q1,H,,v-f5a285ad-dab2-5bd0-acb6-3a520fd42c8d
England,Staffordshire,Talbot,Biddulph Moor,ST8 7RY,Guest,2026 Q1,H,,v-8e8169e0-9128-5873-ba4a-f3ee4c8fb109
England,Staffordshire,Swan,Bignall End,ST7 8QD,Perm,2026 Q1,H,,v-916b6d38-ba42-5c41-916f-2aeacac753ae
England,Staffordshire,Working Mens Club (PMC),Birchmoor,B78 1AF,Guest,2026 Q3,H,,v-5dfb4a42-bdc9-53dd-b394-836d2ede2b49
England,Staffordshire,Red Lion,Boundary,ST10 2NU,Guest,2026 Q1,H,,v-790cd688-0b91-5adf-81cc-75528dd143fe
England,Staffordshire,Butchers Arms,Bramshall,ST14 5BG,Perm,2026 Q2,H,,v-a6b3954d-5a12-5344-9d8b-d1d67e2fdcda
England,Staffordshire,Bush,Brown Edge,ST6 8QA,Perm,2026 Q2,H,,v-a19c4459-296d-5c67-8cee-17a94b1714da
England,Staffordshire,Nelson Inn,Brown Lees,ST8 6PH,Perm,2026 Q1,H,,v-baef8a0f-c094-5f52-a9c2-3a37df4ca657
England,Staffordshire,Star,Burntwood Green,WS7 0HJ,Guest,2025 Q4,H,,v-0268bf0f-0c07-5e28-bcf3-4c29bbcb7256
England,Staffordshire,Branston Golf & Country Club,Burton U-T: Branston,DE14 3DP,Perm,2026 Q1,H,,v-2bf5d12b-3027-5159-b3c2-4d2a1a8bd1ec
England,Staffordshire,Blacksmiths,Burton U-T: Branston,DE14 3EY,Perm,2026 Q2,H,,v-cbc4b5d0-edd1-5be4-b287-9b1646ae7624
England,Staffordshire,Burton Rugby Club,Burton U-T: Branston,DE13 9FF,Perm,2025 Q4,H,Confirmed not a PMC (Oct 25),v-13f74f7e-8175-550d-b8b3-ca94a57e5233
England,Staffordshire,Corner House,Burton U-T: Branston,DE14 2WF,Guest,2025 Q4,H,,v-09d3c88b-51f2-5bf9-9f79-88d0124d60ef
England,Staffordshire,Gate Inn,Burton U-T: Branston,DE14 3EY,Perm,2026 Q3,H,,v-552c7fa1-965e-525c-9c6d-00f7d8e85446
England,Staffordshire,Trentside Cricket Club (PMC),Burton U-T: Branston,DE14 3DP,Perm,2026 Q1,H,,v-8e577f40-1d4f-5d93-a248-eb1f6eb244e4
England,Staffordshire,Alfred,Burton U-T: Central,DE14 2LD,Perm,2026 Q2,H,"""£4.10 normally and £3.60 Monday til Friday 5pm til 7pm"" (Sep 25)",v-051ceacd-e5d7-58d1-81ce-dec99892c1e7
England,Staffordshire,Burton Albion FC (Fan zone),Burton U-T: Central,DE13 0AR,Perm,2026 Q1,H,,v-64fa4782-f644-52ce-b584-b64ea787647d
England,Staffordshire,Burton Bridge Inn,Burton U-T: Central,DE14 1SY,Perm,2026 Q3,H,"""planning on keeping it on as it’s been really popular""",v-423a9f7e-cbe1-5e5c-b38a-8e9f0ea9fd3c
England,Staffordshire,Burton Constitutional Club (PMC),Burton U-T: Central,DE14 1JE,Perm,2026 Q2,H,,v-7b1892e4-b48c-5f5e-a463-5a8f08e40498
England,Staffordshire,Coopers Tavern,Burton U-T: Central,DE14 1EG,Perm,2026 Q2,G,,v-38368b12-74dc-52f8-811e-567982334cbd
England,Staffordshire,Coppersmiths,Burton U-T: Central,DE14 2JJ,Perm,2026 Q3,H,Was Weighbridge,v-a945424a-620d-53be-9efc-5846f3ff9459
England,Staffordshire,Devonshire Arms,Burton U-T: Central,DE14 1BT,Perm,2026 Q2,H,,v-d34c3888-a80c-5ad7-84db-f465dce528b1
England,Staffordshire,Dial,Burton U-T: Central,DE14 1BN,Guest,2026 Q1,H,,v-45ee8f54-501a-5688-8b29-c66374492475
England,Staffordshire,Loaf and Cheese,Burton U-T: Central,DE14 2NF,Guest,2026 Q2,H,"""most of the time""",v-0d2ba138-4392-55a3-9048-fe1b9734be97
England,Staffordshire,Long Hop,Burton U-T: Central,DE14 3RW,Guest,2026 Q3,H,,v-2bfd2ac9-568a-57eb-91fe-78a3733c7d10
England,Staffordshire,Olde Royal Oak,Burton U-T: Central,DE14 1HA,Perm,2026 Q2,H,,v-e1529c31-a528-53b2-a01e-e18c1fb2a58e
England,Staffordshire,Roebuck,Burton U-T: Central,DE14 1BT,Perm,2026 Q2,H,,v-a8833c54-70a1-55d7-a422-fe8f237b91d6
England,Staffordshire,Wyggeston Hotel,Burton U-T: Central,DE13 0UN,Perm,2026 Q2,H,,v-589158fb-b231-5929-9431-3724c6aaff02
England,Staffordshire,Uxbridge Arms,Burton U-T: Central,DE14 3LR,Perm,2026 Q2,H,,v-6e0bdde8-3789-5828-b375-0f79ec63f9e4
England,Staffordshire,Navigation,Burton U-T: Horninglow,DE14 2PT,Perm,2026 Q1,H,,v-6c917cb2-72fd-5558-990b-8541d91a74f4
England,Staffordshire,Burton Tennis and Squash Club (PMC),Burton U-T: Stapenhill,DE15 0LQ,Guest,2026 Q3,H,,v-6fef652b-550e-5f7d-9650-29a35090c232
England,Staffordshire,Elms Inn,Burton U-T: Stapenhill,DE15 9AE,Perm,2026 Q1,H,,v-9a7d4d41-8bd3-505a-9f1c-42e359c305ef
England,Staffordshire,Grove,Burton U-T: Stapenhill,DE15 9DQ,Guest,2026 Q3,H,,v-260ba96e-3d65-5a01-bac5-53f76e6e5123
England,Staffordshire,Stapenhill Institute,Burton U-T: Stapenhill,DE15 9AP,Perm,2026 Q3,H,,v-d440d36d-80af-56b5-9fd0-8a15f6211abc
England,Staffordshire,Waterloo,Burton U-T: Winshill,DE15 0LQ,Perm,2026 Q3,H,,v-fae9a7d8-99ea-583e-add5-dab74c4bbc33
England,Staffordshire,Black Lion,Butterton,ST13 7SP,Perm,2026 Q2,H,,v-fce96a29-0814-5fc4-a21b-2b10bb5b9d1e
England,Staffordshire,Newhall Arms,Cannock,WS11 1BN,Guest,2026 Q2,H,,v-6ae627b5-b066-5e24-9051-0a7d621d382c
England,Staffordshire,Auctioneers Arms,Caverswall,ST11 9EQ,Perm,2026 Q3,H,,v-e21d11b7-711d-5b02-81c5-e791289e6d39
England,Staffordshire,Cricket Club,Caverswall,ST3 6PJ,Guest,2026 Q1,H,,v-911b7128-ea8a-5c05-95aa-dce74ff3e720
England,Staffordshire,Bakers Arms,Cheadle,ST10 1AA,Guest,2026 Q2,H,"""on occaision"" (June 25)",v-7d455201-b0b8-5091-8fec-00a5eb31fa79
England,Staffordshire,Red Lion,Checkley,ST10 4NJ,Perm,2026 Q2,H,,v-28d0235d-ecb7-5816-b179-4d818ffa6e28
England,Staffordshire,Black Lion,Cheddleton,ST13 7HP,Perm,2026 Q3,H,,v-592de69e-7452-5b90-b8da-c04d0b5357f2
England,Staffordshire,Red Lion,Cheddleton,ST13 7HN,Guest,2026 Q1,H,,v-6fea27f6-7647-5469-a118-d1f310b732be
England,Staffordshire,Malt Shovel,Chorley,WS13 8DD,Perm,2026 Q2,H,,v-efaae2bc-47a6-51d0-b153-1da28cc90bc9
England,Staffordshire,Star,Church Leigh,ST10 4PT,Guest,2026 Q3,H,,v-beeb154f-00b1-50ff-9dac-38aea49b08ad
England,Staffordshire,Green Man,Clifton Campville,B79 0AX,Perm,2026 Q3,H,,v-7ae10979-fa76-53b3-bdc3-51d091c60752
England,Staffordshire,Black Lion,Consall,ST9 0AJ,Guest,2026 Q2,H,,v-671c6731-1bff-5db0-a06a-f53d2c4e8b7d
England,Staffordshire,Star Inn,Copmere End,ST21 6EW,Perm,2026 Q2,H,,v-7d99face-a438-502c-88f7-bb85dfbf8434
England,Staffordshire,Red Lion aka Romping Cat,Dayhills,ST15 8RU,Perm,2025 Q4,H,,v-bd6c2b23-d51b-50bd-9f02-0fe7f42fd53a
England,Staffordshire,Charlie Bassetts,Dilhorne,ST10 2PQ,Perm,2026 Q3,H,,v-95a10492-5d95-5fd1-85cd-7a9a58882d81
England,Staffordshire,Swan,Draycott-in-the-Clay,DE6 5GZ,Guest,2026 Q2,H,,v-c21cc65e-83ff-5a18-a955-b26d106455a7
England,Staffordshire,Bell,Eccleshall,ST21 6BZ,Perm,2026 Q2,H,,v-03a6d773-2a63-5dab-a888-04b4afe6e6f7
England,Staffordshire,Ecclian,Eccleshall,ST21 6BW,Perm,2026 Q2,H,,v-696948e8-6eb2-5391-a8c1-bef7c0dc9c48
England,Staffordshire,Star Inn,Eccleshall,ST21 6EW,Perm,2026 Q2,H,,v-ebb90635-2994-5b7a-a7bf-a6491ca45a75
England,Staffordshire,Crown,Elford,B79 9DB,Perm,2026 Q3,H,,v-c95b7113-75f0-55ea-8270-b86498db90e7
England,Staffordshire,Black Horse,Endon,ST9 9BA,Perm,2026 Q3,H,,v-66582948-f965-5055-a152-8fd9f212bdb6
England,Staffordshire,Plough,Endon,ST9 9BE,Guest,2026 Q2,H,,v-af18b197-586e-5323-8171-e7f9e58f5ec9
England,Staffordshire,Plough and Harrow,Fazeley,B78 3RF,Perm,2025 Q4,H,,v-13b39b8a-0c4b-5514-8c6a-8f4ceaf7dc89
England,Staffordshire,Three Horseshoes,Fazeley,B78 3RD,Perm,2026 Q2,H,,v-87496db2-b40f-54a9-ab38-a9507a881536
England,Staffordshire,Roebuck Inn,Forsbrook,ST11 9BX,Perm,2026 Q2,H,,v-b77e6566-4f76-5238-b933-edde55b6da8a
England,Staffordshire,Fox and Goose,Foxt,ST10 2HN,Guest,2026 Q1,H,,v-5243b8c1-722d-51c1-937b-df35caf01b37
England,Staffordshire,Ye Olde Windmill,Gentleshaw,WS15 4NF,Perm,2026 Q2,H,,v-5e9138e0-7352-55f1-b255-7397c00900a8
England,Staffordshire,Staffordshire Knot,Gillow Heath,ST8 6RG,Perm,2026 Q2,H,,v-5d1ef228-39c5-5fd3-9d21-f0e8dc91ede1
England,Staffordshire,Clifford Arms,Great Haywood,ST18 0SR,Perm,2026 Q3,H,,v-47059443-0663-54cc-9d16-b80889ab096a
England,Staffordshire,Shoulder of Mutton,Hamstall Ridware,WS15 3RZ,Perm,2026 Q2,H,,v-6ff98c8e-26a6-5836-b35c-0ae118c68623
England,Staffordshire,Cock Inn,Hanbury,DE13 8TD,Perm,2026 Q3,H,,v-b0c5a0d9-4d33-51d1-b510-32e297b5e595
England,Staffordshire,Railway,Halmer End,ST7 8AG,Perm,2025 Q4,H,,v-20adb814-fbde-51ad-9806-0e32de97000a
England,Staffordshire,Royal Oak,Harriseahead,ST7 4JT,Perm,2026 Q1,H,,v-cb741ba9-2206-5c49-a619-fc79311b8a7d
England,Staffordshire,Five Ways,Heath Hayes,WS12 3HU,Perm,2026 Q2,H,"""Newly refurbed, landlord is a fellow Bass lover perm £3.30"" (May 26)",v-e8e25192-5139-58e7-b524-43583399d8f6
England,Staffordshire,Cross Keys Hotel,Hednesford,WS12 2DN,Perm,2026 Q2,H,,v-98c9c146-6069-548e-9386-bd971dc8e282
England,Staffordshire,Chadwick Arms,Hill Ridware,WS15 3QX,Perm,2026 Q2,H,Confirmed by landlord on Fb grp Jun 26,v-e4c45694-71bb-5b2e-8133-15e62890f98b
England,Staffordshire,Meynell Ingram Arms,Hoar Cross,DE13 8RB,Perm,2026 Q3,H,,v-4ca243c1-108e-5609-bd3d-398ac80611b4
England,Staffordshire,Raddle,Hollington,ST10 4HQ,Perm,2026 Q2,H,,v-b6c5ba97-eae0-51eb-92fe-7af9eba24354
England,Staffordshire,Coton and Hopwas Social Club (PMC),Hopwas,B78 3AD,Perm,2026 Q3,H,,v-22c42bbf-668a-568e-af2d-2c7d47fae5c7
England,Staffordshire,Manifold Inn,Hulme End,SK17 0EX,Perm,2026 Q3,H,,v-93cef072-fe89-5716-82cc-0382b3448476
England,Staffordshire,Old Red Lion,Ipstones,ST10 2NA,Guest,2026 Q2,H,,v-d5a95fe5-2d9e-5854-9a27-0fda70c5267a
England,Staffordshire,Crown and Thistle,Kidsgrove,ST7 4EY,Perm,2026 Q1,H,"£3 for a pint of Bass, all day, every Tuesday",v-a6972cb0-a183-5663-8f8f-906ac0e906ea
England,Staffordshire,Labour Club (PMC),Kidsgrove,ST7 4AB,Guest,2026 Q1,H,,v-82d27ed9-bb32-515b-a67d-b4ddfc98eb6c
England,Staffordshire,Plough,Kidsgrove,ST7 4EW,Perm,2026 Q1,H,,v-54836fe6-8cdb-55fb-b63e-31051b80fc84
England,Staffordshire,Queens Head,Kidsgrove,ST7 4AB,Perm,2026 Q1,H,,v-50b49d11-849b-5db0-8232-b7ba4f7c7961
England,Staffordshire,Railway Inn,Kidsgrove,ST7 1EA,Guest,2025 Q4,H,,v-d5916751-3792-5e3a-abaf-1baf21aca12c
England,Staffordshire,Shrewsbury Arms,Kingstone,ST14 8QH,Perm,2026 Q2,H,,v-5eda5e46-fd51-5817-8c8a-e84af5b159a6
England,Staffordshire,Bankers Draught,Leek,ST13 5JN,Guest,2026 Q2,H,,v-140ec987-9599-51af-b83f-ed7b6c6f81fa
England,Staffordshire,Benks,Leek,ST13 6DH,Perm,2026 Q3,H,,v-0da9e4de-4fa6-55d2-95aa-1c1dddc89d0b
England,Staffordshire,Blue Mugge,Leek,ST13 6LJ,Perm,2026 Q2,H,,v-4acb6f16-6372-5492-adaa-19dc33655733
England,Staffordshire,Britannia,Leek,ST13 8AA,Perm,2026 Q1,H,,v-7c55fdbf-b583-58e0-a3c9-c0c8f1c2661b
England,Staffordshire,Cobblers,Leek,ST13 5JF,Perm,2026 Q2,H,,v-6d0bb9e5-f7de-5257-b2ac-396a40f95a3b
England,Staffordshire,Dyers Arms,Leek,ST13 8JZ,Perm,2026 Q2,H,,v-6312a106-c5ed-5161-86b8-ef30d0350f84
England,Staffordshire,Earl Grey,Leek,ST13 5AT,Perm,2026 Q3,H,,v-757bf4c4-3609-55ed-ba19-2e554e8bea29
England,Staffordshire,Fountain Inn,Leek,ST13 6JR,Perm,2026 Q3,H,,v-b08ac69c-ee94-5e4a-8ba8-03be07eecefa
England,Staffordshire,Inkspot,Leek,ST13 6HX,Guest,2026 Q3,H,,v-6040a12f-787d-5099-a640-bc3a1fdc1c6c
England,Staffordshire,Leek Golf Club,Leek,ST13 5RE,Guest,2026 Q2,H,,v-d53ed861-78a3-55b6-8298-dc271b602e13
England,Staffordshire,Bowling Green,Lichfield,WS13 6QJ,Guest,2026 Q3,H,,v-c3fd6c21-9469-5012-b29c-7ebc59138762
England,Staffordshire,George IV,Lichfield,WS13 6LU,Perm,2026 Q2,H,,v-1f982dcb-1647-57f0-8177-9fc792bbf7d3
England,Staffordshire,Horse and Jockey,Lichfield,WS13 6QA,Perm,2026 Q3,H,,v-11484c5e-8bfd-549a-a94e-1f3365eee08d
England,Staffordshire,Dog and Partridge,Marchington,ST14 8LJ,Perm,2026 Q2,H,,v-5ca777eb-7c87-5fbe-bcc1-3c2512fc29ac
England,Staffordshire,Green Man,Milwich,ST18 0EG,Perm,2026 Q3,H,,v-59d99b24-a00c-5240-bc43-5b846f1634d5
England,Staffordshire,Boar,Moddershall,ST15 8TG,Guest,2026 Q2,H,,v-8e1407cf-c80a-5db2-a0dc-6ba84b6cee48
England,Staffordshire,Ash Inn,Mow Cop,ST7 4NE,Guest,2026 Q1,H,,v-079795b5-18ca-56b4-ae10-96ff9a1aaa4e
England,Staffordshire,Red Lion,Newborough,DE13 8SH,Perm,2026 Q3,H,,v-c62d2143-2a1f-54e0-a9f9-9ee5893a5d48
England,Staffordshire,Bradwell Working Mens Club (PMC),Newcastle-U-L: Bradwell,ST5 8JA,Perm,2026 Q2,H,,v-804d57d4-1953-5654-88fa-fc20c0ce6910
England,Staffordshire,45 Club (PMC),Newcastle-U-L: Central,ST5 1DS,Perm,2026 Q2,H,"No CAMRA listing, use their Facebook",v-044b16c4-7c1b-5176-ae3a-ec9077e85b49
England,Staffordshire,Boat and Horses,Newcastle-U-L: Central,ST5 1LU,Perm,2026 Q3,H,,v-81579a99-029e-575f-b8fe-66baf9991001
England,Staffordshire,Castle Mona,Newcastle-U-L: Central,ST5 1NT,Perm,2026 Q2,H,,v-f6886404-8431-56c0-9be6-1823b2099c4c
England,Staffordshire,Crossways (Bottlecraft),Newcastle-U-L: Central,ST5 1RW,Perm,2026 Q3,H,,v-c7575fb2-9a9e-5c73-aaad-76dfb8c5ba4b
England,Staffordshire,George and Dragon,Newcastle-U-L: Central,ST5 1RH,Guest,2026 Q2,H,,v-292c207d-d51b-5902-913e-a6a100070755
England,Staffordshire,Hopinn,Newcastle-U-L: Central,ST5 1JR,Perm,2026 Q3,H,,v-fb4e1ce7-078c-526a-a178-169f016e741f
England,Staffordshire,Museum,Newcastle-U-L: Central,ST5 1JU,Perm,2026 Q3,H,,v-0297064d-8ae0-5c01-9881-6b2612c57382
England,Staffordshire,Newcastle Town FC (PMC),Newcastle-U-L: Central,ST5 3BX,Guest,2026 Q3,H,,v-df417cf2-1194-5613-8414-8dbc8b7760e4
England,Staffordshire,Victoria,Newcastle-U-L: Central,ST5 1HX,Perm,2026 Q2,H,,v-af8d9a7a-0227-5820-8daa-b512b67ea3b6
England,Staffordshire,Seabridge,Newcastle-U-L: Clayton,ST5 3HA,Perm,2026 Q2,H,,v-5c396bdc-3097-5b38-904f-c1cd4ecdf0ad
England,Staffordshire,Dick Turpin,Newcastle-U-L: Higherland,ST5 2QS,Guest,2026 Q2,H,,v-009a7c6e-3950-55bb-8a3c-eaf89ba0737e
England,Staffordshire,Roebuck,Newcastle-U-L: Silverdale,ST5 6JH,Perm,2026 Q1,H,,v-69d2c947-bc3e-58da-9287-cd3fcb60250c
England,Staffordshire,Vine Inn,Newcastle-U-L: Silverdale,ST5 6LX,Guest,2026 Q2,H,,v-0803178b-4a33-589f-b849-5522ad78d5d9
England,Staffordshire,Village Tavern,Newcastle-U-L: Wolstanton,ST5 0EP,Perm,2026 Q2,H,,v-37494b82-2d2a-5e0f-8b75-1c35deb1003e
England,Staffordshire,Whippet Inn,Newcastle-U-L: Wolstanton,ST5 0EN,Perm,2026 Q3,H,,v-809531b4-2e54-53fe-a824-d4187ca7d360
England,Staffordshire,Wulstan,Newcastle-U-L: Wolstanton,ST5 8BU,Guest,2025 Q4,H,,v-14459bb9-cbc1-513e-9af2-63c6309f4975
England,Staffordshire,Cricketers Arms,Oakamoor,ST10 3AB,Guest,2026 Q2,H,,v-697d698b-e30c-5f9b-a384-573dc1dfa1ad
England,Staffordshire,Brushmakers Arms,Oulton,ST15 8UW,Perm,2026 Q2,H,,v-9baa0fd2-1959-52b9-91ed-97f0fb74ec0b
England,Staffordshire,Dog and Partridge,Packmoor,ST7 4QF,Perm,2026 Q3,H,,v-dd4987ce-5e38-5560-a40d-5b4eb6e4ddf4
England,Staffordshire,Royal Oak,Rode Heath,ST7 3RW,Perm,2026 Q2,H,,v-ff000679-9cc7-5cbb-8c2c-a06a97d3dba4
England,Staffordshire,Cricket Club,Rolleston-on-Dove,DE13 9AU,Perm,2026 Q3,H,,v-488e5ec7-f851-583c-8a65-7f09c162ae1f
England,Staffordshire,Social Club (PMC),Rolleston-on-Dove,DE13 9DN,Perm,2026 Q3,H,,v-1554353b-6a48-561c-9f59-331364ce09dd
England,Staffordshire,Spread Eagle,Rolleston-on-Dove,DE13 9BE,Guest,2026 Q2,H,Guest with two others on rotation (Sep 25). Quality warnings 2026 Q1,v-350a52f3-fe60-5df6-b4b6-291241b32b64
England,Staffordshire,Acorn,Rough Hay,DE13 9PX,Guest,2025 Q4,H,,v-76f23b34-0b1f-5596-96fa-397a21ef8c05
England,Staffordshire,Trubshaws,Rugeley: Bereton,WS15 1HR,Perm,2026 Q3,H,,v-87d7e6a3-cfa9-5f8f-a743-d41c521cf28f
England,Staffordshire,Roebuck,Silverdale,ST5 6JH,Perm,2026 Q2,H,,v-048cf24b-712c-540b-adf4-69019d361865
England,Staffordshire,Vine Inn,Silverdale,ST5 6LX,Perm,2026 Q1,H,,v-9cb0c695-0ec7-598d-a436-b6f524253b69
England,Staffordshire,Pickled Pig at the Bankhouse,Stafford,ST16 2JU,Guest,2026 Q3,H,,v-f5aec448-8eee-52d9-abb9-75adbf3dbdbf
England,Staffordshire,Wildwood,Stafford,ST17 4RA,Guest,2026 Q2,H,,v-b7c3bb9c-bcec-5a41-8fd6-add66355fb4d
England,Staffordshire,Travellers Rest,Stanley,ST9 9LX,Perm,2026 Q2,H,,v-8ed8c1ad-ceb1-56c0-9c67-1218004eb836
England,Staffordshire,John Marston,Stoke: Blurton,ST3 2NQ,Guest,2026 Q1,H,,v-a3668b7e-12cf-5f6b-861c-0e1de6581049
England,Staffordshire,Bucknall Bowling & Recreation Club,Stoke: Bucknall,ST2 7AB,Perm,2026 Q2,H,,v-2f5fa0c4-f889-5bd4-add9-86ce087a2f02
England,Staffordshire,Hog Noggins,Stoke: Burslem,ST6 4AR,Perm,2026 Q3,H,,v-c2801120-da25-5be3-9c49-3e2d735190d3
England,Staffordshire,Moorland Inn,Stoke: Burslem,ST6 1JP,Perm,2025 Q4,H,,v-cf110ae0-37fc-53e6-be10-2dc88ab3932c
England,Staffordshire,Park Inn,Stoke: Dresden,ST3 4EN,Perm,2025 Q4,H,,v-09770c0c-efe5-5589-a6e1-edf4f7ca4a95
England,Staffordshire,Princess Royal,Stoke: Dresden,ST3 4HA,Perm,2026 Q2,H,,v-fc1f541f-87a1-54f4-82be-146658bfef83
England,Staffordshire,Sir Robert Peel,Stoke: Dresden,ST3 4PF,Perm,2026 Q1,H,,v-4ee8254f-c2d6-5837-b927-821a53dacd25
England,Staffordshire,Bench and Bar,Stoke: Fenton,ST4 3AJ,Perm,2026 Q2,H,,v-58016f32-d341-575c-a2d9-875de0d14f22
England,Staffordshire,Terrace Inn,Stoke: Fenton,ST4 4NB,Perm,2026 Q1,H,,v-a93f6769-6b04-5835-b1ec-a53616b164e7
England,Staffordshire,Ye Olde Manor Inn,Stoke: Fenton,ST4 2PT,Guest,2026 Q2,H,,v-1259d276-decd-56b7-8b71-12dfc9a13efd
England,Staffordshire,Cheshire Cheese,Stoke: Hanley,ST1 6BA,Guest,2026 Q2,H,"""rotate between Bass and Timothy Taylor""",v-66783061-95ad-5dfb-9157-51cb43786cff
England,Staffordshire,Coachmakers Arms,Stoke: Hanley,ST1 3EA,Perm,2026 Q3,H,,v-17d7e29a-030e-543d-890d-631c1396137f
England,Staffordshire,Golden Cup,Stoke: Hanley,ST1 2JS,Perm,2026 Q3,H,,v-a5ff460a-6b08-56c6-9d6a-b5bfca58a82e
England,Staffordshire,Market Tavern,Stoke: Hanley,ST1 1NA,Perm,2026 Q1,H,,v-7f5d556a-433d-5732-af75-9cee3078da77
England,Staffordshire,Unicorn,Stoke: Hanley,ST1 1EG,Perm,2026 Q2,H,,v-86dac05b-abba-5392-ac1c-088cc3eb1ff1
England,Staffordshire,Victoria Lounge Bar,Stoke: Hanley,ST1 3AF,Perm,2026 Q2,H,,v-b2eb57e3-3693-55c6-b7f0-35c5d430b11d
England,Staffordshire,Village Tavern,Stoke: Hanley,ST1 3ER,Guest,2025 Q4,H,,v-b10f5329-6ae3-5a62-a5af-be33d698f18c
England,Staffordshire,Woodman,Stoke: Hanley,ST1 2AT,Perm,2026 Q2,H,,v-f9a6a6f4-f01f-504e-80e8-b837ebf04666
England,Staffordshire,Old House at Home,Stoke: Hartshill,ST4 6AF,Perm,2026 Q3,H,,v-bb27258b-c8fb-57fa-adf3-7195d0046191
England,Staffordshire,Red Lion,Stoke: Hartshill,ST4 6ES,Perm,2026 Q2,H,AKA All New Red Lion,v-a111281b-de4a-58bc-aa47-9714eaa46cc5
England,Staffordshire,Congress Inn,Stoke: Longton,ST3 1HJ,Perm,2026 Q2,H,,v-42849d87-7e78-54f2-8b46-6c1ce4578fa3
England,Staffordshire,Signalman,Stoke: Longton,ST3 1JE,Perm,2026 Q2,H,,v-f365d3e5-285c-5a5d-a0a7-3532f14a676c
England,Staffordshire,Jolly Carter,Stoke: Middleport,ST6 3QJ,Perm,2026 Q2,H,,v-d977e2e5-0a2b-5813-8907-97b3173edec9
England,Staffordshire,Travellers Rest,Stoke: Milton,ST2 7AQ,Guest,2026 Q1,H,,v-2fb083b1-287a-500c-a101-a30a716d112d
England,Staffordshire,Cross Guns,Stoke: Northwood,ST1 6PW,Perm,2026 Q2,H,,v-9548329c-9cf1-5d75-9fab-f9f59760c502
England,Staffordshire,Wheatsheaf Stores,Stoke: Northwood,ST1 6PB,Perm,2026 Q2,H,,v-468c44b4-4df8-5b41-a7c1-f5114c363f7c
England,Staffordshire,Vine,Stoke: Pittshill,ST6 6LS,Perm,2026 Q1,H,,v-ff9ea973-8df7-54af-b666-28cdc61239cf
England,Staffordshire,Kings Head (Scrimmies),Stoke: Smallthorne,ST6 1NT,Perm,2026 Q1,H,,v-61ef0fd9-e848-5ed0-a6ab-0d77481ac2f5
England,Staffordshire,White Hart,Stoke: Smallthorne,ST6 1NT,Perm,2026 Q3,H,,v-94925b62-e927-5de0-81b3-8cb8afa6a8b3
England,Staffordshire,Kings Way,Stoke: Central,ST4 1JB,Perm,2026 Q2,H,,v-f1c9a984-7cec-51a0-ba02-1041b5f3a7c5
England,Staffordshire,Staff of Life,Stoke: Central,ST4 1NL,Perm,2026 Q3,H,,v-f796da6f-951a-52ac-a180-bd9f2f16efea
England,Staffordshire,Sutherland Arms,Stoke: Central,ST4 5RW,Perm,2026 Q3,H,,v-87f1292d-8e25-5467-a071-41392b666208
England,Staffordshire,Man In Space,Stoke: Trentham,ST4 8PZ,Guest,2026 Q2,H,,v-9ef54aea-8129-5e89-ad95-2256e2509255
England,Staffordshire,Toby Carvery Trentham Village,Stoke: Trentham,ST4 8BU,Guest,2026 Q2,H,,v-ed990d48-e259-5f95-be08-d303379dc514
England,Staffordshire,Globe,Stoke: Tunstall,ST6 5TA,Perm,2026 Q3,H,£3 every Port Vale home game or PV on Sky Sports,v-cc35284e-c102-5090-b7e8-82980b2f7db1
England,Staffordshire,White Horse,Stoke: Tunstall,ST6 4JU,Perm,2025 Q4,H,,v-ad496a94-bcd5-5f3d-8f02-fa2774bf4b00
England,Staffordshire,Three Crowns,Stone: Little Stoke,ST15 8QU,Guest,2026 Q1,H,,v-d2bd535c-fb6c-5918-839a-3c7130ca80dc
England,Staffordshire,Cock Inn,Stowe by Chartley,ST18 0LF,Guest,2026 Q2,H,,v-74f228b0-434a-58de-94db-1b6fc9c5a1bf
England,Staffordshire,Anglesey Arms,Stretton,DE13 0EQ,Perm,2026 Q2,H,,v-e7f9b89d-37f0-5216-a99b-54be85ad70f5
England,Staffordshire,Monks Bridge,Stretton,DE13 0HE,Perm,2026 Q2,H,,v-6d80852f-ae91-5cd5-b2f0-5d93e9943bb2
England,Staffordshire,Stretton Social Club (PMC),Stretton,DE13 0DU,Perm,2026 Q1,H,,v-77964dfc-3493-5149-a22c-df0ac085d1cf
England,Staffordshire,Globe Inn,Tamworth,B79 7AT,Perm,2026 Q2,H,,v-163491c3-e2cc-54a0-9d36-124f2bd17d8e
England,Staffordshire,Cross Keys,Tean,ST10 4DR,Perm,2026 Q2,H,,v-1d17c5c9-4733-52cd-b714-9df909ad3c38
England,Staffordshire,White Hart,Tean,ST10 4DZ,Perm,2025 Q4,H,,v-7e863132-ef0a-56a7-b5ff-8c1a74015d3c
England,Staffordshire,Anchor,Teanford,ST10 4EW,Perm,2026 Q3,H,,v-3c473031-5a42-587a-aadc-1a27ea1b5923
England,Staffordshire,Cross Keys,Tutbury,DE13 9NR,Perm,2026 Q3,H,,v-9076f4fc-5f83-530b-bbaf-18318f2ac733
England,Staffordshire,Hourglass,Tutbury,DE13 9LP,Perm,2026 Q3,H,,v-12224361-c352-56ce-914a-4df8cc9b38d2
England,Staffordshire,Tutbury Club (PMC),Tutbury,DE13 9LS,Perm,2026 Q2,H,,v-bff85538-f1b1-5999-b7b3-7f22158dd686
England,Staffordshire,Leopard,Tutbury,DE13 9NA,Perm,2026 Q2,H,,v-2674af55-eb10-5ee5-bac1-3c7bf1bf37ac
England,Staffordshire,Ye Olde Rock,Upper Hulme,ST13 8TY,Perm,2026 Q2,H,,v-19987b0d-6480-58e7-b70f-9f56cafc2d33
England,Staffordshire,Bamk House Hotel,Uttoxeter,ST14 8AG,Perm,2026 Q3,H,,v-cf84f078-89c5-5106-a4d2-5b91a780f2d6
England,Staffordshire,Black Swan,Uttoxeter,ST14 8JA,Perm,2025 Q4,H,,v-3c337e87-db42-5575-afd6-6260ea59ee83
England,Staffordshire,Old Star,Uttoxeter,ST14 8HJ,Perm,2025 Q4,H,,v-f418e771-24bc-5543-a2b6-1293dbce7ce8
England,Staffordshire,Vaults,Uttoxeter,ST14 8HP,Perm,2026 Q3,H,,v-4843e34a-3b98-544f-b2f0-9eeb833fff12
England,Staffordshire,Ye Olde Talbot,Uttoxeter,ST14 8HF,Perm,2026 Q3,H,,v-f8ddf3fe-2e91-5117-a0d3-bfff56f4a0b9
England,Staffordshire,Greyhound Inn,Warslow,SK17 0JN,Guest,2026 Q2,H,,v-d704b3a8-33c3-553f-b067-e1ed747652da
England,Staffordshire,Red Lion,Waterfall,ST10 3HZ,Perm,2026 Q3,H,,v-863b0850-5678-56fc-b581-b7e856e50968
England,Staffordshire,Ye Olde Crown Hotel,Waterhouses,ST10 3HL,Guest,2026 Q2,H,,v-2c1f4003-43a1-50d3-8033-167ee6c93294
England,Staffordshire,Red Cow,Werrington,ST9 0DT,Guest,2025 Q4,H,,v-d06fd0e2-c9f1-5af0-87b5-05895bf4c565
England,Staffordshire,Windmill,Werrington,ST9 0DT,Perm,2026 Q3,H,,v-ccbeacbc-d2e5-5280-bf68-b549eb56b066
England,Staffordshire,Bell Inn,Whittington,WS14 9JR,Perm,2026 Q2,H,,v-352a08df-a579-5161-9c0a-fded5524d3c7
England,Staffordshire,Dog Inn,Whittington,WS14 9JU,Perm,2026 Q1,H,,v-a31ab694-2f4a-53db-9b75-0da2a23ccc6d
England,Staffordshire,Cock,Woodseaves,ST20 0NP,Guest,2026 Q2,H,,v-6a457ad2-7ee7-5c8a-9117-31e8b173865b
England,Staffordshire,Crown,Yoxall,DE13 8NQ,Perm,2026 Q2,H,,v-dc8686e7-6bc9-527e-9a90-7f72211c77ba
England,Suffolk,Rising Sun,Bury St Edmunds,IP33 3AA,Guest,2026 Q3,H,,v-0d01d59b-c408-5111-b2be-e3764c7fa27d
England,Suffolk,Waveney,Lowestoft: Oulton Broad,NR32 3LN,Guest,2026 Q2,H,,v-082c00f2-cff9-55ca-ac80-fb375cbc5f78
England,Surrey,Rising Sun,Epsom,KT18 5DX,Guest,2025 Q4,H,,v-32c23ed0-5022-55f4-b7b6-f6cff8ad2deb
England,Surrey,Bricklayers Arms,Hersham,KT12 5LS,Perm,2026 Q2,H,,v-4378d05f-df3a-5091-ae9f-389ee0c857f5
England,Surrey,Garibaldi,Redhill,RH1 6PA,Guest,2026 Q2,H,,v-61fcdd19-f140-5d25-9a9b-72d08f037b8b
England,Surrey,Beehive,Reigate,RH2 8EG,Guest,2025 Q4,H,,v-09f832a0-46f4-5628-a895-a09e3e1547d7
England,Sussex,Claremont,Bognor Regis: Central,PO21 1UH,Guest,2025 Q4,H,,v-5e81a4fe-cd7d-59f9-98ba-24224049cd7a
England,Sussex,Kings Arms,Brighton,BN2 1RJ,Guest,2026 Q2,H,,v-983df26e-5c06-5f8b-99d6-7a2f61bf9029
England,Sussex,Hillside,Crawley: Pund Hill,RH10 7SX,Guest,2026 Q2,H,,v-7178be40-0b53-561c-a485-dacf29c0d04b
England,Sussex,Cinque Ports,Seaford,BN25 1PP,Guest,2026 Q2,H,,v-e4f4c1f2-4300-5212-be6a-f7a73e821187
England,Sussex,Horse and Groom,St Leonards,TN38 0EB,Guest,2026 Q2,H,,v-c35bce3d-8f52-54ae-9346-2917f95a95c7
England,Tyne and Wear,Quarry,Cullercoats,NE25 8PL,Perm,2026 Q3,H,,v-1700cddf-e989-5ee9-be6f-6a249550e1bb
England,Tyne and Wear,Wardley,Gateshead,NE10 0TT,Guest,2025 Q4,H,,v-9f285896-e01e-501d-b9af-2b8fceb7ea82
England,Tyne and Wear,Hunting Lodge,Monkseaton,NE25 9SX,Guest,2026 Q2,H,"""one of the ales we use""",v-bac691a4-12f5-5bf0-86fc-091c00c95720
England,Tyne and Wear,Broad Chare,Newcastle: Central,NE1 3DQ,Perm,2026 Q3,H,,v-ac38ee23-9c64-5a78-bc32-371dab1126ed
England,Tyne and Wear,Old George,Newcastle: Central,NE1 1EZ,Perm,2026 Q2,H,,v-c186678b-ce65-5ecd-9370-60ce0be133c5
England,Tyne and Wear,Three Bulls Heads,Newcastle: Central,NE1 7RN,Perm,2026 Q2,H,,v-61e62fe2-6482-534d-9067-d74f3f78d144
England,Tyne and Wear,Millstone,Newcastle: South Gosforth,NE3 1QL,Perm,2026 Q2,H,,v-ef6aa3dd-9c71-5717-9c88-e6a9eb1db51c
England,Tyne and Wear,Low Lights Tavern,North Shields,NE30 1LL,Perm,2026 Q3,H,,v-f623e1b4-d7a1-5672-901f-d563b06ec0c7
England,Tyne and Wear,Marine,South Shields,NE33 2JQ,Perm,2026 Q3,H,,v-b1ee95d8-6701-52cf-a09e-1ea203037288
England,Tyne and Wear,Salutation,Tynemouth,NE30 4BT,Guest,2025 Q4,H,,v-a5a2f5c0-3c2d-501e-941c-ef2d2ecf23ce
England,Tyne and Wear,Turks Head (Stuffed Dog),Tynemouth,NE30 4DZ,Perm,2026 Q1,H,,v-9a1e8581-39f4-58cd-949d-c3908758ad50
England,Tyne and Wear,Tynemouth WMC/Social Club (PMC),Tynemouth,NE30 4DX,Perm,2026 Q3,H,"""non-members welcome""",v-13a2ad1c-e050-5c7a-944e-064bff66e040
England,Tyne and Wear,Tynemouth Lodge Hotel,Tynemouth,NE30 4AA,Perm,2026 Q2,H,,v-896703d0-3830-5aad-9d85-cb50c7fc4a52
England,Tyne and Wear,Rockcliffe Arms,Whitley Bay,NE26 2DT,Guest,2026 Q2,H,Regular guest (Sep 25),v-1317a9d6-3297-5920-aa3b-fb04e14b4fdc
England,Warwickshire,Lord Nelson,Ansley,CV10 9PQ,Guest,2026 Q2,H,is guest 'sometimes',v-bfceb8b1-0bb7-526d-88b0-1558ef59d1a5
England,Warwickshire,Hat and Beaver,Atherstone,CV9 1AF,Perm,2026 Q3,H,,v-be7f0bf6-ee04-51ab-b58d-71d3cbcc0f66
England,Warwickshire,Maid of the Mill,Atherstone,CV9 2AB,Perm,2026 Q3,H,,v-388d2ec7-755e-5027-b9cb-3b2cb80796c3
England,Warwickshire,Market Tavern Tap,Atherstone,CV9 1ET,Guest,2026 Q1,H,,v-f664c413-7c2f-5bb5-ab04-2b002dd45b90
England,Warwickshire,White Horse,Atherstone,CV9 1AB,Guest,2025 Q4,H,,v-fab7fdfe-dae0-5204-a1bc-e1a6d7000c65
England,Warwickshire,Royal Oak,Attleborough,CV11 4JY,Perm,2026 Q3,H,,v-3375da23-2d63-5732-b095-f6e42255f12d
England,Warwickshire,Bird in Hand,Austrey,CV9 3EE,Guest,2026 Q3,H,,v-c42a1691-cc71-5fac-a7fa-2b3c2112ec0e
England,Warwickshire,Red Lion,Baddesley Ensor,CV9 2BT,Guest,2026 Q1,H,,v-00f46ff0-cd76-5f7c-b0e3-a4a7c6c63099
England,Warwickshire,Rose Inn,Baxterley,CV9 2LE,Perm,2025 Q4,H,,v-d35d8f77-2bc8-5d3a-b905-abb1002b3494
England,Warwickshire,Plough,Bedworth Heath,CV12 0LG,Guest,2026 Q1,H,,v-155ff10f-4111-5b96-975b-cf3c9827be4a
England,Warwickshire,Horse and Jockey,Bentley,CV9 2HL,Perm,2026 Q3,H,,v-27765010-c7d6-5097-979d-613fcc80f5f2
England,Warwickshire,Boat Inn,Birdingbury,CV23 8HQ,Guest,2026 Q3,H,,v-2aac09fa-6d78-5d96-819f-9f6ae6f57bef
England,Warwickshire,Olde Chequers Inn,Bulkington,CV12 9NH,Perm,2026 Q3,H,,v-269aa3fe-28df-5bd1-8e21-f210e994d643
England,Warwickshire,Weavers Arms,Bulkington,CV12 9JZ,Perm,2026 Q3,H,,v-b7c11321-26c2-50f7-bf51-278b423daa8f
England,Warwickshire,Salutation,Chapel End,CV10 0PB,Perm,2026 Q3,H,,v-9a0a4f15-46c5-5f11-a8a9-abdd316c7f45
England,Warwickshire,Green Man,Coleshill,B46 3AH,Perm,2026 Q2,H,,v-c8bc0000-5be4-53de-b85f-0f4e4e1678ed
England,Warwickshire,Bull and Butcher,Corley Moor,CV7 8AQ,Perm,2026 Q2,H,,v-3a3f005b-c2bf-5c67-9592-d8c3a428a2d1
England,Warwickshire,Great Western,Deppers Bridge,CV47 2ST,Perm,2025 Q4,H,,v-33da9387-2aa7-5bdf-b0bb-3e369659eb47
England,Warwickshire,Dun Cow,Dunchurch,CV22 6NJ,Perm,2026 Q3,H,reduced on Fridays (Sep 26),v-b55d886d-04ab-59cc-9c90-580abf4de786
England,Warwickshire,Royal Oak,Hartshill,CV10 0TD,Perm,2026 Q3,H,,v-a06bbb37-0c2d-58d0-8587-8be5ecd87c5f
England,Warwickshire,Nags Head,Henley-in-Arden,B95 5BA,Guest,2026 Q2,H,,v-82f88f23-14c9-56fa-8746-d2ff8f254d42
England,Warwickshire,Red Lion,Hunningham,CV33 9DY,Guest,2026 Q3,H,,v-3fdf96eb-2028-598b-86d5-17c5ab5252af
England,Warwickshire,Clarendon Arms,Kenilworth,CV8 1NB,Guest,2026 Q2,H,,v-96295419-5f8f-5451-bbba-a0cfb123501b
England,Warwickshire,Engine Inn,Kenilworth,CV8 2HP,Perm,2026 Q3,H,,v-96c69280-8350-5291-9fb1-4267938024b9
England,Warwickshire,Kenilworth Sporting Ground,Kenilworth,CV8 1FA,Guest,2026 Q2,H,,v-625904d7-3e3b-5a6a-9a7d-2e641b8f5a42
England,Warwickshire,Anchor Inn,Leek Wootton,CV35 7QX,Perm,2026 Q2,H,,v-4b8ef389-7cfb-5e6e-b7f7-0aec7dc933fe
England,Warwickshire,Queens Head,Meriden,CV7 7JP,Perm,2026 Q2,H,,v-5316e12a-1f17-58f9-b913-f5050c616ce5
England,Warwickshire,Green Man,Middleton,B78 2AN,Perm,2026 Q1,H,,v-d9576d07-54ef-5423-846c-2d0e9f595931
England,Warwickshire,Bulls Head,Nailstone,CV13 0QE,Guest,2026 Q2,H,,v-7df916fa-bd2e-5f55-a3bb-5c3e589f3014
England,Warwickshire,Lost Pug,North End,CV47 2TJ,Perm,2026 Q1,H,,v-29b2e012-3dd1-5c37-9fc8-6aeb4e959d04
England,Warwickshire,Chestnuts (PMC),Nuneaton: Central,CV10 0AB,Perm,2026 Q1,H,,v-44d1557c-72e2-5898-ba5c-80ff7540b392
England,Warwickshire,Crew and Queens Hall,Nuneaton: Central,CV11 5LA,Perm,2026 Q3,H,,v-b6bd3613-8bdd-5319-a275-eb726deeff46
England,Warwickshire,Lord Hop,Nuneaton: Central,CV11 5JX,Guest,2026 Q2,H,Once in a blue moon,v-0ccc8e04-08da-58a5-a6b5-293d225871db
England,Warwickshire,Royal Oak,Nuneaton: Hartshill,CV10 0TD,Perm,2026 Q2,H,,v-7a3e5616-8a84-572d-9f07-41ad9ad93741
England,Warwickshire,Royal Oak,Nuneaton: Stockingford,CV10 7NQ,Guest,2026 Q3,H,,v-8e55af13-80b2-59e1-89f0-e05961cb3ab0
England,Warwickshire,Whitestone,Nuneaton: Whitestone,CV11 6NF,Perm,2026 Q2,H,,v-e09e5f24-dcda-5107-9408-6e0f75b68f11
England,Warwickshire,Miners Arms,Nuneaton: Whittleford,CV10 9HU,Guest,2026 Q3,H,,v-c9e57995-7d4b-54cf-85cb-b33ed0c80abc
England,Warwickshire,Spread Eagle,Polesworth,B78 1DX,Guest,2026 Q2,H,,v-a2347481-06cf-5c9d-ac04-9ed84eb52f17
England,Warwickshire,White Hart,Ridge Lane,CV10 0RB,Perm,2026 Q3,H,,v-6fb21920-b78c-5e7b-bc03-94536439ac36
England,Warwickshire,Bull,Rugby,CV21 3BX,Guest,2026 Q1,H,,v-2c3d4d36-ce8e-51af-bdfb-fa13e97ac943
England,Warwickshire,Merchants,Rugby,CV21 3AW,Guest,2026 Q1,H,,v-c44530d3-b3ce-5bf5-a7dc-3a6275809182
England,Warwickshire,Squirrel,Rugby,CV21 3PU,Guest,2025 Q4,H,,v-08fca61a-b0c7-5645-bc51-4d81202b9757
England,Warwickshire,Black Horse,Sheepy Magna,CV9 3QR,Perm,2025 Q4,H,,v-ddce654b-d48e-5ff2-95f9-180ed7d47a52
England,Warwickshire,Griffin,Shustoke,B46 2LB,Guest,2026 Q2,H,,v-a64a77c0-2805-54fd-b81b-bdfcee98f7ee
England,Warwickshire,Plough,Shustoke,B46 2AN,Perm,2026 Q1,H,,v-9c371802-e429-545b-9a10-442578fd7672
England,Warwickshire,Office at Warton,Warton,B79 0JN,Perm,2026 Q3,H,,v-a76a5e66-bf87-526d-a2c3-66a43f153f16
England,Warwickshire,Roebuck,Warwick,CV34 4HU,Guest,2026 Q3,H,,v-332c5a72-f29e-521a-954a-c50cdfa69b60
England,West Midlands,Rainbow Inn,Allesley,CV5 9GT,Perm,2026 Q2,H,,v-fa127648-f0b1-5560-aea8-c51e6335d5f4
England,West Midlands,Robin Hood,Amblecote,DY8 4EQ,Guest,2026 Q3,H,"""we do often have it on as a guest""",v-84149bd1-cc27-59d6-9c95-6fc859cc80f8
England,West Midlands,Shakespeare (Summer Row),Birmingham: Central,B3 1JJ,Guest,2026 Q1,H,,v-e07e9d6f-d8ee-506b-bcd7-f8379224bc4e
England,West Midlands,Woodman,Birmingham: Central,B4 7XG,Perm,2026 Q3,H,,v-5eecc293-ec99-53e8-a6e7-849a4fb7d393
England,West Midlands,Anchor,Birmingham: Digbeth,B5 6ET,Guest,2026 Q3,H,,v-2039a2dc-edc4-5c45-8a2a-91a65e51ef0f
England,West Midlands,White Swan,Birmingham: Digbeth,B12 0QY,Guest,2026 Q2,H,"""on as much as we can, difficult to get at times unfortunately""",v-5351f1e7-9b90-50e5-a520-f0c9598a6a36
England,West Midlands,Selly Park Tavern,Birmingham: Selly Oak,B29 7HQ,Guest,2026 Q3,H,,v-87bd0095-c521-539d-8a94-b6ec16a2792b
England,West Midlands,British Oak,Birmingham: Stirchley,B30 2XS,Guest,2026 Q3,H,,v-ea7e9bda-4f8c-5c2a-95d8-184ad5ec92ab
England,West Midlands,Hearsall Inn,Coventry: Chapelfields,CV5 8DS,Perm,2026 Q3,H,,v-6bc38848-0591-5605-be55-9f54def76a97
England,West Midlands,Gatehouse Tavern,Coventry: Central,CV1 4AN,Perm,2026 Q3,H,,v-e5f76eb5-7724-5a20-9332-98a295f50c7c
England,West Midlands,Old Windmill,Coventry: Central,CV1 3BA,Perm,2026 Q3,H,,v-7ce68043-1d31-5093-a8df-116df98bd8e7
England,West Midlands,Open Arms,Coventry: Cheylesmore,CV3 5DP,Guest,2025 Q4,H,,v-f8f3e308-564a-55c9-9dae-3f166e08de2b
England,West Midlands,Royal Oak,Coventry: Earlsdon,CV5 6EJ,Perm,2025 Q4,H,,v-a5a64911-f9b9-567d-9d2c-974f5bb0cdb7
England,West Midlands,Greyhound Inn,Coventry: Sutton Stop,CV6 6DF,Perm,2026 Q2,H,,v-303477a7-54e4-5913-b80a-4a5dcb37af54
England,West Midlands,Green House,Mere Green,B74 2UD,Guest,2026 Q1,H,,v-d0199650-f7c0-5287-bb86-dda903baae89
England,West Midlands,Fountain,Lower Gornal,DY3 2PE,Guest,2026 Q2,H,,v-bc524cdf-03ba-55bc-ac6c-bea87e1b49d2
England,West Midlands,Britannia,Rowley Regis,B91 3JU,Guest,2026 Q3,H,Guest+F Fieldhouse Solihull,v-cacf3fb6-4c21-5cfc-a537-056e0f6876b4
England,West Midlands,Queslett,Streetly,B74 2EY,Guest,2026 Q1,H,,v-16fce655-2a04-59e3-95a6-8dd506977a1f
England,West Midlands,Dog Inn,Water Orton,B46 1NW,Guest,2026 Q2,H,,v-eb84582d-6912-5e35-a98f-218e19f01eaf
England,West Midlands,Royal Oak,Wolverhampton: Central,WV3 9PH,Guest,2026 Q3,H,,v-3be6023a-044e-5730-941e-0a4fc3ec2e03
England,West Midlands,Dog and Gun,Wolverhampton: Tettenhall,WV6 8SB,Guest,2026 Q2,H,,v-f9de8c66-66d9-507c-9961-6fd39b66e6b2
England,Wiltshire,Corsham Club (PMC),Corsham,SN13 0BH,Perm,2025 Q4,H,,v-e6c174ce-a55a-59c5-b582-76cccdeb686f
England,Wiltshire,Three Brewers,Corsham,SN13 0AS,Perm,2026 Q2,H,,v-eb5b7af9-8129-5b24-a189-76342f7025ca
England,Wiltshire,British Lion,Devizes,SN10 1LQ,Guest,2026 Q1,H,"""regular basis but all ales are guests""",v-bc62f221-fda2-5977-bb78-02cd8d4e7ba6
England,Wiltshire,Five Bells,Royal Wootton Bassett,SN4 7BD,Guest,2025 Q4,H,,v-c06a2ff6-fa4b-56c8-b8ae-f258e8f0c5f9
England,Wiltshire,Deacons,Salisbury,SP2 7QT,Guest,2026 Q1,H,,v-04e5fdfe-ce2e-52b5-a1fe-56066beb577c
England,Wiltshire,Tuppeny,Swindon,SN1 4BD,Guest,2025 Q4,H,,v-fdb784e1-2b2b-5175-ba09-053f6085ba27
England,Worcestershire,Crown,Kemerton,GL20 7HP,Guest,2026 Q2,H,,v-5dd52382-7b49-5def-9194-40c0a256d6a6
England,Worcestershire,Chester Tavern,Kidderminster,DY10 1TN,Guest,2026 Q2,H,,v-a3a9a65d-f382-5086-94fa-591748eeb726
England,Worcestershire,King and Castle,Kidderminster,DY10 1QX,Guest,2026 Q1,H,,v-ec830769-d697-5d2b-b7e2-fa7d7a2ab82e
England,Worcestershire,Fox & Hounds,Lulsley,WR6 5QT,Perm,2026 Q3,H,,v-289dedfa-59b2-524c-9f62-170045e6794a
England,Worcestershire,Old Rose and Crown,Stourport,DY13 9PA,Guest,2026 Q3,H,,v-74a76e82-4629-55f7-b0ac-197b65313a3b
England,Worcestershire,Alestones,Tardebigge,B97 6QW,Guest,2026 Q3,H,,v-9fc56ee2-e106-5f12-8f10-2eebbea068ef
England,Worcestershire,Dead Dove,Worcester: Central,WR1 2LT,Perm,2026 Q2,H,,v-f92270dc-d910-5cd5-bb78-2607ed97659b
England,Worcestershire,Firefly,Worcester: Central,WR1 2SE,Guest,2026 Q3,H,,v-9d030be7-195d-5767-b6e5-7a2d94d5d237
England,Worcestershire,Lyppard Grange,Worcester: Lyppard Grange,WR4 0DZ,Guest,2026 Q1,H,,v-d8070a01-ac91-5ded-a8a4-899851cf5c2b
England,East Yorkshire,Rose and Crown,Flamborough,YO15 1JY,Perm,2026 Q2,H,Permanent “when we can get it.” (Apr 26),v-3173d6b2-8179-5952-84b7-c07d8193444a
England,East Yorkshire,Goodmanham Arms,Goodmanham,YO43 3JA,Guest,2026 Q3,H,,v-c691f1d5-88ed-5d58-985b-d2b033c6d76e
England,East Yorkshire,New Inn,Hornsea,HU18 1AN,Guest,2026 Q3,H,,v-a09ebbac-0d61-5240-8ed5-c304af60c205
England,East Yorkshire,Hed'On Inn,Hedon,HU12 8EZ,Guest,2026 Q3,H,,v-8c65878d-4129-5c59-8793-ad02a031fce5
England,East Yorkshire,Avenue,Hull,HU5 3TS,Perm,2026 Q2,H,,v-d944d60b-3d83-5635-abc4-0ca08c0e432c
England,East Yorkshire,Minerva,Hull,HU1 1XE,Guest,2026 Q1,H,,v-f234007d-5831-5d19-b9ec-52c8225cd7d0
England,East Yorkshire,Nolans,Hull,HU1 1JG,Perm,2026 Q3,H,,v-b187aca6-7be9-5213-9915-8bf4a685cd0e
England,East Yorkshire,Beech Tree,Kirk Ella,HU10 7LS,Guest,2026 Q1,H,,v-72b13551-8faa-53ec-8154-192e09b3a12c
England,East Yorkshire,Stamfords,Pocklington,YO42 2JL,Perm,2026 Q1,H,,v-71c644a3-1cf3-5c11-9309-aa08721f68fd
England,North Yorkshire,Tiger Inn,Easington,TS13 4NE,Guest,2026 Q2,H,,v-656e9318-5ec1-58d5-8970-bebead631a90
England,North Yorkshire,Hales Bar,Harrogate,HG1 2RS,Guest,2026 Q1,H,,v-42dacf84-da8f-59da-8252-cc9a900e081e
England,North Yorkshire,Blind Jacks,Knaresborough,HG5 8AL,Perm,2026 Q1,H,,v-44a8bebd-4142-572c-97da-028032a73f41
England,North Yorkshire,Crown Inn,Manfield,DL2 2RF,Guest,2026 Q3,H,"""long-term guest"" via pub Aug 2026",v-1e4b39d1-61ae-5122-89a7-1ad6e5dde26e
England,North Yorkshire,Devonport Hotel,Middleton One Row,DL2 1AS,Perm,2026 Q3,H,,v-247c2ae3-3a7a-579e-bd0a-00f8fdb9d461
England,North Yorkshire,Portly Pig,Ripon,HG4 1PA,Guest,2026 Q1,H,,v-c6e62efa-a2f8-5ff3-86f2-1ffaeff497df
England,North Yorkshire,Beer Engine,Skipton,BD23 1JD,Guest,2026 Q1,H,,v-6945d162-6c24-55b1-ba0f-698845e0dd2f
England,North Yorkshire,Three Cups,Stamford Bridge,YO41 1AX,Perm,2026 Q3,H,,v-544837a2-5921-5f1a-894c-d82b5fc2d196
England,North Yorkshire,Little Angel,Whitby,YO21 3BA,Guest,2026 Q3,H,,v-e8a2925c-001e-5327-a06c-3fb2aebeaccc
England,North Yorkshire,Star Inn,Whitby,YO21 3PP,Perm,2026 Q3,H/B,Bankers reported as not available in May 26,v-cbe2150d-ccd4-5f47-830a-a01e48bcb368
England,North Yorkshire,George and Dragon,Yarm,TS15 9AH,Guest,2026 Q1,H,,v-f3b5abb5-5292-5a3e-9d84-1e24e5a08fba
England,North Yorkshire,Ketton Ox,Yarm,TS15 9AU,Perm,2026 Q1,H,,v-49e5bab4-0603-5ddd-940c-69508f07866c
England,North Yorkshire,Crooked Tap,York: Acomb,YO26 5LL,Guest,2025 Q4,H,,v-23af8aa0-a12e-55fa-8136-dcef56c21480
England,North Yorkshire,Waggon and Horses,York: Central,YO10 3BP,Guest,2026 Q3,H,,v-0ab038b1-243e-5ce4-9fc2-308c82471875
England,South Yorkshire,Leopard,Doncaster,DN1 3AA,Guest,2026 Q2,H,,v-05c2ff04-bf80-50f1-9eac-c1e10af638ea
England,South Yorkshire,Roadhouse Bar and Bottles,Rotherham: Broom,S60 3PT,Perm,2025 Q4,H,£4 a pint buy 6 get one free,v-716aea34-9c45-517d-9d35-48d57b5507ff
England,South Yorkshire,Stag,Rotherham: Broom,S60 4JN,Guest,2026 Q2,H,,v-15ca7fc6-6d97-5ffd-aa39-eec40b4d5a0e
England,South Yorkshire,Alder,Sheffield: Central,S3 8BT,Perm,2025 Q4,H,,v-78efa416-2068-5701-9713-7c933805031c
England,South Yorkshire,Foresters,Sheffield: Central,S1 4GE,Guest,2025 Q4,H,,v-781924b1-e375-5d2a-b2c9-3596d2685c51
England,South Yorkshire,Lord Nelson,Sheffield: Central,S1 4RE,Guest,2026 Q1,H,,v-9c7aaafd-444e-5974-87c2-cba4aa36e10e
England,South Yorkshire,Botanical Arms,Sheffield: Ecclesall Road,S11 8PR,Guest,2026 Q2,H,,v-1639d0fb-54f0-58b5-8ce4-08eb9e335e87
England,South Yorkshire,Prince of Wales,Sheffield: Ecclesall Road,S11 9PH,Perm,2026 Q2,H,,v-e460c7f8-200d-5f04-9b30-42d13d7da123
England,South Yorkshire,Brothers Arms,Sheffield: Heeley,S8 9TZ,Guest,2026 Q2,H,,v-70227d07-9b73-5a3c-bcd1-4751c99d3225
England,West Yorkshire,Exchange,Bradford,BD1 1LH,Guest,2025 Q4,H,,v-4c3f969b-be66-5391-b3b6-99198746aab7
England,West Yorkshire,White Cross,Guiseley,LS20 8LY,Perm,2026 Q2,H,,v-f66c462f-8eca-5321-885e-56b1bd7e0ee9
England,West Yorkshire,Boons,Horbury,WF4 6LP,Guest,2026 Q1,H,,v-67971303-be87-57be-b71c-7594fc2db50e
England,West Yorkshire,Adelphi,Leeds: Central,LS10 1JQ,Guest,2026 Q1,H,,v-d5ea65dc-3316-59be-a724-bf91d94dbb08
England,West Yorkshire,Whitelocks,Leeds: Central,LS1 6HB,Guest,2026 Q1,H,,v-f81c4520-b2b6-5426-9675-0b4e40df15ca
England,West Yorkshire,Tawny,Ossett,WF5 8AF,Guest,2026 Q1,H,,v-ea7e40e9-1695-5127-bdf6-3d034503e42b
England,West Yorkshire,Red Shed,Wakefield,WF1 1QX,Guest,2026 Q3,H,,v-a9457b71-bc91-59ee-9b6e-ca029404fa05
England,West Yorkshire,Royal Air Forces Association (PMC),Yeadon,LS19 7NA,Guest,2026 Q2,H,"""Anyone can be signed in 3 times after which you have to join""",v-bc43f548-fb67-5c9d-bf77-fe3ad6e512d9
Wales,Glamorgan,Birch Brewhouse,Cardiff: Birchgrove,CF14 4AE,Perm,2025 Q4,H,,v-91e39428-ed67-5c5a-a37f-02632da45d70
Wales,Glamorgan,Dinas Rock Hotel,Glynneath,SA11 5AP,Perm,2026 Q2,H,,v-59d2541d-6530-562f-96c2-2056496ae55a
Wales,Glamorgan,Prince of Wales,Kenfig,CF33 4PR,Perm,2026 Q2,G,,v-a64c40e1-4d84-5e3e-bd79-bc91095ad474
Wales,Glamorgan,Beaufort Arms,Mumbles,SA3 5TF,Perm,2026 Q3,H,,v-a20bad10-6ffa-5739-9e9f-c9376e69aedc
Wales,Glamorgan,Pilot Inn,Mumbles,SA3 4EL,Perm,2026 Q2,H,,v-f3b63197-bff2-54f8-ba0f-1e71aba480e0
Wales,Glamorgan,Victoria Inn,Mumbles,SA3 4DB,Perm,2026 Q2,H,,v-b65fcc0c-0624-5c5c-92ab-3d2a8170dfc3
Wales,Glamorgan,White Rose,Mumbles,SA3 4AR,Perm,2026 Q1,H,,v-d2c84af5-63d1-5de3-a31a-3d0d10be4494
Wales,Glamorgan,Borough Arms,Neath,SA11 1PH,Guest,2026 Q3,H,,v-f2b57ecf-7a41-5d9e-9368-d8722132e3b1
Wales,Glamorgan,Red Lion,Penderyn,CF44 9JR,Perm,2025 Q4,G,,v-2a4ff661-8819-5376-9467-014d30863ef0
Wales,Glamorgan,Llanover Arms,Pontypridd,CF37 4PE,Guest,2026 Q2,H,,v-0fdce0e7-a3db-5be3-a64c-3a805a0b1781
Wales,Glamorgan,Rock Inn,Porthcawl,CF36 3DT,Guest,2026 Q2,H,,v-3c120939-ec25-5fc2-b4c1-89bdcca8382d
Wales,Gwent,Station Hotel,Abergavenny/Y Fenni,NP7 5UH,Perm,2026 Q2,H,,v-a98cb2ea-c452-56d9-8519-1afd537e1c51
Wales,Gwent,Carpenters,Newport,NP20 1FQ,Perm,2025 Q4,H,,v-7e57ad1d-272f-53ca-8b18-7f3ac8bf26ee
Wales,Gwent,Pen and Wig,Newport,NP20 1JD,Perm,2026 Q1,H,,v-9fab66f6-d13e-584c-bcd9-0489b0a9d6b2
Wales,Gwent,New Court Inn,Usk,NP15 1AD,Perm,2026 Q1,H,,v-4cd5d0e9-609e-58d3-8951-651bca1d9625
Wales,Mid-Wales,Aqueduct,Froncysyllt,LL20 7PY,Guest,2026 Q2,H,,v-53a80306-e3ec-508f-906a-02584800fd48
Wales,Mid-Wales,Kilverts,Hay on Wye,HR3 5AG,Guest,2026 Q2,H,,v-72ccc6ea-0b34-5d9c-a77b-32fbea62b16e
Wales,Mid-Wales,Mount Inn,Llanidloes,SY18 6AB,Perm,2026 Q2,H,,v-321e705c-fdd1-5270-90ca-c39a73cd374a
Wales,Mid-Wales,Railway Tavern,Newtown/Y Drenewydd,SY16 1BH,Perm,2025 Q4,H,,v-f916b877-664a-5e8c-b163-6b9f491f96dd
Wales,Mid-Wales,Ancient Briton,Pen-y-cae,SA9 1YY,Perm,2026 Q2,H,,v-3520911e-cb85-50dc-9c8f-6fcabd27ec3d
Wales,North-East Wales,Sun Inn,Eryrys,CH7 4BX,Guest,2026 Q2,H,,v-927da231-9c90-5941-8718-aa8869aade0a
Wales,North-East Wales,Aqueduct Inn,Froncysyllte,LL20 7PY,Guest,2025 Q4,H,,v-d9446565-4698-53d0-8f28-75e67af29662
Wales,North-East Wales,Crown,Llandegla,LL11 3AD,Guest,2026 Q3,H,,v-196f3701-3d8b-50c7-bb6a-0167ba6a6bfc
Wales,North-East Wales,HQ Pencadlys,Prestatyn,LL19 9DT,Perm,2026 Q1,H,,v-5af9953b-ee5a-5ecc-9679-35f8477da6d7
Wales,North-East Wales,Fox,Ysceifiog,CH8 8NJ,Perm,2026 Q3,H,,v-ccf13de9-5d63-5bc0-a365-f7c600c34136
Wales,North-West Wales,Paddys,Bangor,LL57 2HE,Guest,2025 Q4,H,,v-0a26f0a0-2101-5970-b83b-849414286df2
Wales,North-West Wales,Bulls Head,Beaumaris,LL58 8AP,Guest,2026 Q2,H,Usually on Friday/Saturday,v-c1bdfb5f-22e9-5479-bc7b-30181b062801
Wales,North-West Wales,Castle Court Hotel,Beaumaris,LL58 8DA,Guest,2026 Q1,H,,v-92de2df6-e97e-5ce0-a462-5ca74b066b2e
Wales,North-West Wales,Black Boy,Caernarfon,LL55 1RW,Perm,2026 Q3,H,,v-ba939dd1-6bb2-5adc-8d1e-3a5f6cdff1ea
Wales,North-West Wales,Yr Alex,Caernarfon,LL55 1BA,Guest,2026 Q3,H,,v-43226935-fcdc-552c-9ef0-2183dc60bb26
Wales,North-West Wales,White Horse Inn / Tafarn Penllan,Capel Garmon,LL26 0RW,Perm,2026 Q1,H,,v-7cb03d6d-a981-50bd-83de-76106ba5efac
Wales,North-West Wales,Bank of Conwy,Conwy,LL32 8HT,Guest,2026 Q2,H,,v-0fddad34-e2db-51e3-91eb-01751a963f38
Wales,North-West Wales,Liverpool Arms,Conwy,LL32 8BE,Perm,2026 Q3,H,,v-9e80fe9d-739c-5f2a-b74c-de930970278d
Wales,North-West Wales,Anchorage Hotel,Four Mile Bridge (Anglesey),LL65 2EZ,Guest,2026 Q3,H,,v-5ed3b067-cf38-5d17-a841-5a0d442d3280
Wales,North-West Wales,Snowdon,Llandudno,LL30 2HB,Perm,2026 Q3,H,,v-dbeb3179-3c95-5e73-9ce6-227b045a3d74
Wales,North-West Wales,Miners Arms,Meliden,LL19 8LA,Guest,2025 Q4,H,,v-49b453f8-e902-5730-98b8-56f1b83ce835
Wales,North-West Wales,Red Lion,Old Colwyn,LL29 9PL,Guest,2025 Q4,H,,v-62e9bbac-7bfc-55a0-9466-342071239fca
Wales,North-West Wales,Cross Keys,Penrhynside,LL30 3DD,Guest,2026 Q3,H,,v-36312e4a-6b22-5a6b-8cd0-e4f51bfbc57b
Wales,North-West Wales,Tafarn Pencei,Porthmadog,LL49 9AT,Perm,2026 Q2,H,,v-586bfe86-d3ed-5c11-ac30-4f31b328b362
Wales,North-West Wales,Ship Inn,Red Wharf Bay,LL75 8RJ,Guest,2026 Q3,H,,v-db632ec8-4b2f-5b93-8f58-9ce371439095
Wales,North-West Wales,Snowdonia Parc,Waunfawr,LL55 4AQ,Guest,2026 Q2,H,,v-0d6e06da-2598-5e42-abdb-11cebca8ba46
Wales,West Wales,Stag and Pheasant,Carmarthen,SA31 1JQ,Guest,2025 Q4,H,,v-89994779-1383-5603-b099-7f083158de48
Wales,West Wales,Fishguard Arms,Fishguard,SA65 9HJ,Perm,2026 Q2,G,,v-f3734e56-20a8-5a7e-8441-157b6f375658
Wales,West Wales,Ship Inn,Fishguard,SA65 9ND,Perm,2026 Q2,H,,v-875e47ea-6a05-5262-9979-71b2740ca04b
Wales,West Wales,Glen,Haverfordwest,SA61 1XA,Guest,2026 Q3,H,,v-97eec8ed-44c6-5087-bbba-d95dc4a624e2
Wales,West Wales,Swan Inn,Little Haven,SA62 3UL,Perm,2026 Q2,G,,v-ad20735b-d2c0-5bbb-9c3e-f80215886e05
Wales,West Wales,Y Sgwâr (was Ivy Bush),Newcastle Emlyn,SA38 9BG,Perm,2026 Q3,H,,v-9607544c-290c-57e9-922a-02fb2360c91c
Wales,West Wales,Pelican Inn/Tafarn Y Pelican,Newcastle Emlyn,SA38 9AP,Perm,2026 Q2,G,,v-fbb0978c-dd43-593b-85ea-bbdcc21abd9d
Wales,West Wales,Dyffryn Arms,Pontfaen,SA65 9SE,Perm,2026 Q2,J,,v-9c208293-484d-560e-8270-d8276b49f0f7
Wales,West Wales,Corvus,St Clears,SA33 4BG,Perm,2026 Q2,H,,v-14878e49-19a6-51cc-8a27-e2ffe107d761
Scotland,,Cask and Barrel,Edinburgh: Central,EH1 3RZ,Guest,2026 Q2,H,"""semi-perm guest"" (April 2026)",v-c35efe60-9eb6-518e-91c3-a18eeabb8847
Scotland,,Deacon Brodies Tavern,Edinburgh: Central,EH1 2NT,Guest,2025 Q4,H,,v-01b9e1b2-1420-594a-8820-3958d4c5946a
Scotland,,Kenilworth,Edinburgh: Central,EH2 3JD,Guest,2026 Q2,H,,v-2abc78f4-7c0d-5feb-8dd8-ef8f90debc69
Scotland,,Stockbridge Tap,Edinburgh: Stockbridge,EH4 1HN,Guest,2026 Q2,H,,v-4cbc5dbe-a5b7-59e4-990e-8cad91a604b9
Scotland,,Cloisters,Edinburgh: Tollcross,EH3 9JH,Guest,2026 Q2,H,,v-5ea9851c-9bfb-5584-ba17-bd7b05fc4189
Scotland,,Drum and Monkey,Glasgow: Central,G2 5TF,Guest,2026 Q2,H,,v-4b335a52-922a-54f9-a70d-4dcb0724a098
Scotland,,Tennents,Glasgow: Hillhead,G12 8TN,Perm,2026 Q2,H,,v-45011594-aabe-5007-96d9-67ce9c7832cf
Northern Ireland,,Crown Liquor Saloon,Belfast,BT2 7BA,Guest,2026 Q3,H,,v-aa8fe83d-60ba-5937-9a59-ede918725a5c
Channel Islands,,Old Smugglers Inn,"St Brelade, Jersey",JE3 8AW,Guest,2025 Q4,H,Was taken out May 25 after email from pub but spotted again Dec 25,v-f90e3da4-255e-50fc-a106-e7eed9b5bae4
Channel Islands,,Royal,"St Martin, Jersey",JE3 6UG,Guest,2025 Q4,H,,v-26cd842c-314c-5c78-8385-db99c4302be3
Isle of Man,,Trafalgar Hotel,Ramsey,IM8 1DW,Guest,2025 Q4,H,,v-4634cde4-72d5-570d-bf92-0de3a94336f5
